  [1m[35m (3.4ms)[0m  [1m[35mCREATE TABLE "schema_migrations" ("version" varchar NOT NULL PRIMARY KEY) /*application='J2cRentals'*/[0m
  [1m[35m (0.3ms)[0m  [1m[35mCREATE TABLE "ar_internal_metadata" ("key" varchar NOT NULL PRIMARY KEY, "value" varchar, "created_at" datetime(6) NOT NULL, "updated_at" datetime(6) NOT NULL) /*application='J2cRentals'*/[0m
  [1m[36mActiveRecord::InternalMetadata Load (0.2ms)[0m  [1m[34mSELECT * FROM "ar_internal_metadata" WHERE "ar_internal_metadata"."key" = 'environment' ORDER BY "ar_internal_metadata"."key" ASC LIMIT 1 /*application='J2cRentals'*/[0m
  [1m[36mActiveRecord::InternalMetadata Create (0.2ms)[0m  [1m[32mINSERT INTO "ar_internal_metadata" ("key", "value", "created_at", "updated_at") VALUES ('environment', 'development', '2026-05-25 09:08:02.517669', '2026-05-25 09:08:02.517672') RETURNING "key" /*application='J2cRentals'*/[0m
  [1m[36mActiveRecord::SchemaMigration Load (0.1ms)[0m  [1m[34mSELECT "schema_migrations"."version" FROM "schema_migrations" ORDER BY "schema_migrations"."version" ASC /*application='J2cRentals'*/[0m
Migrating to CreateVehicles (20260525085447)
  [1m[36mTRANSACTION (0.1ms)[0m  [1m[35mBEGIN immediate TRANSACTION /*application='J2cRentals'*/[0m
  [1m[35m (2.8ms)[0m  [1m[35mCREATE TABLE "vehicles" ("id" integer PRIMARY KEY AUTOINCREMENT NOT NULL, "name" varchar, "make" varchar, "model" varchar, "year" integer, "category" varchar, "seats" integer, "doors" integer, "transmission" varchar, "fuel" varchar, "drivetrain" varchar, "location" varchar, "daily_rate" decimal(8,2), "rating" decimal(3,1), "image_url" varchar, "hero_color" varchar, "mileage" varchar, "luggage" integer, "featured" boolean DEFAULT FALSE, "available" boolean DEFAULT TRUE, "description" text, "created_at" datetime(6) NOT NULL, "updated_at" datetime(6) NOT NULL) /*application='J2cRentals'*/[0m
  [1m[35m (0.3ms)[0m  [1m[35mCREATE INDEX "index_vehicles_on_category" ON "vehicles" ("category") /*application='J2cRentals'*/[0m
  [1m[35m (0.1ms)[0m  [1m[35mCREATE INDEX "index_vehicles_on_location" ON "vehicles" ("location") /*application='J2cRentals'*/[0m
  [1m[35m (0.1ms)[0m  [1m[35mCREATE INDEX "index_vehicles_on_daily_rate" ON "vehicles" ("daily_rate") /*application='J2cRentals'*/[0m
  [1m[36mActiveRecord::SchemaMigration Create (0.2ms)[0m  [1m[32mINSERT INTO "schema_migrations" ("version") VALUES ('20260525085447') RETURNING "version" /*application='J2cRentals'*/[0m
  [1m[36mTRANSACTION (0.2ms)[0m  [1m[35mCOMMIT TRANSACTION /*application='J2cRentals'*/[0m
Migrating to CreateReservations (20260525085448)
  [1m[36mTRANSACTION (0.1ms)[0m  [1m[35mBEGIN immediate TRANSACTION /*application='J2cRentals'*/[0m
  [1m[35m (3.9ms)[0m  [1m[35mCREATE TABLE "reservations" ("id" integer PRIMARY KEY AUTOINCREMENT NOT NULL, "vehicle_id" integer NOT NULL, "first_name" varchar, "last_name" varchar, "email" varchar, "phone" varchar, "pickup_location" varchar, "dropoff_location" varchar, "pickup_date" date, "dropoff_date" date, "pickup_time" varchar, "dropoff_time" varchar, "driver_age" integer, "protection_plan" varchar, "extras" text, "status" varchar, "confirmation_code" varchar, "total_price" decimal(10,2), "notes" text, "created_at" datetime(6) NOT NULL, "updated_at" datetime(6) NOT NULL, CONSTRAINT "fk_rails_fadbcd7cf7"
FOREIGN KEY ("vehicle_id")
  REFERENCES "vehicles" ("id")
) /*application='J2cRentals'*/[0m
  [1m[35m (0.2ms)[0m  [1m[35mCREATE INDEX "index_reservations_on_vehicle_id" ON "reservations" ("vehicle_id") /*application='J2cRentals'*/[0m
  [1m[35m (0.1ms)[0m  [1m[35mCREATE UNIQUE INDEX "index_reservations_on_confirmation_code" ON "reservations" ("confirmation_code") /*application='J2cRentals'*/[0m
  [1m[36mActiveRecord::SchemaMigration Create (0.1ms)[0m  [1m[32mINSERT INTO "schema_migrations" ("version") VALUES ('20260525085448') RETURNING "version" /*application='J2cRentals'*/[0m
  [1m[36mTRANSACTION (0.1ms)[0m  [1m[35mCOMMIT TRANSACTION /*application='J2cRentals'*/[0m
  [1m[36mActiveRecord::SchemaMigration Load (0.0ms)[0m  [1m[34mSELECT "schema_migrations"."version" FROM "schema_migrations" ORDER BY "schema_migrations"."version" ASC /*application='J2cRentals'*/[0m
  [1m[36mActiveRecord::SchemaMigration Load (0.1ms)[0m  [1m[34mSELECT "schema_migrations"."version" FROM "schema_migrations" ORDER BY "schema_migrations"."version" ASC /*application='J2cRentals'*/[0m
  [1m[36mVehicle Load (2.9ms)[0m  [1m[34mSELECT "vehicles".* FROM "vehicles" /*application='J2cRentals'*/[0m
  [1m[36mTRANSACTION (0.2ms)[0m  [1m[35mBEGIN immediate TRANSACTION /*application='J2cRentals'*/[0m
  [1m[36mVehicle Create (4.5ms)[0m  [1m[32mINSERT INTO "vehicles" ("name", "make", "model", "year", "category", "seats", "doors", "transmission", "fuel", "drivetrain", "location", "daily_rate", "rating", "image_url", "hero_color", "mileage", "luggage", "featured", "available", "description", "created_at", "updated_at") VALUES ('Urban Swift', 'Maruti Suzuki', 'Swift', 2025, 'Economy', 5, 4, 'Manual', 'Petrol', 'FWD', 'Delhi Airport', 2199.0, 4.6, 'https://images.unsplash.com/photo-1542362567-b07e54358753?auto=format&fit=crop&w=1200&q=80', '#0f766e', '20 km/l', 2, TRUE, TRUE, 'A nimble city hatchback for airport pickups, local meetings, and quick weekend movement.', '2026-05-25 09:08:02.862706', '2026-05-25 09:08:02.862706') RETURNING "id" /*application='J2cRentals'*/[0m
  [1m[36mTRANSACTION (6.1ms)[0m  [1m[35mCOMMIT TRANSACTION /*application='J2cRentals'*/[0m
  [1m[36mTRANSACTION (0.1ms)[0m  [1m[35mBEGIN immediate TRANSACTION /*application='J2cRentals'*/[0m
  [1m[36mVehicle Create (3.2ms)[0m  [1m[32mINSERT INTO "vehicles" ("name", "make", "model", "year", "category", "seats", "doors", "transmission", "fuel", "drivetrain", "location", "daily_rate", "rating", "image_url", "hero_color", "mileage", "luggage", "featured", "available", "description", "created_at", "updated_at") VALUES ('Cityline i20', 'Hyundai', 'i20', 2025, 'Compact', 5, 4, 'Automatic', 'Petrol', 'FWD', 'Gurugram Cyber City', 2899.0, 4.7, 'https://images.unsplash.com/photo-1533473359331-0135ef1b58bf?auto=format&fit=crop&w=1200&q=80', '#be123c', '18 km/l', 2, FALSE, TRUE, 'Comfortable, compact, and easy to park near business districts and hotels.', '2026-05-25 09:08:02.883431', '2026-05-25 09:08:02.883431') RETURNING "id" /*application='J2cRentals'*/[0m
  [1m[36mTRANSACTION (0.3ms)[0m  [1m[35mCOMMIT TRANSACTION /*application='J2cRentals'*/[0m
  [1m[36mTRANSACTION (0.1ms)[0m  [1m[35mBEGIN immediate TRANSACTION /*application='J2cRentals'*/[0m
  [1m[36mVehicle Create (1.8ms)[0m  [1m[32mINSERT INTO "vehicles" ("name", "make", "model", "year", "category", "seats", "doors", "transmission", "fuel", "drivetrain", "location", "daily_rate", "rating", "image_url", "hero_color", "mileage", "luggage", "featured", "available", "description", "created_at", "updated_at") VALUES ('Creta Trail', 'Hyundai', 'Creta', 2026, 'SUV', 5, 4, 'Automatic', 'Diesel', 'FWD', 'Mumbai Airport', 4499.0, 4.8, 'https://images.unsplash.com/photo-1519641471654-76ce0107ad1b?auto=format&fit=crop&w=1200&q=80', '#1d4ed8', '17 km/l', 4, TRUE, TRUE, 'A high-clearance SUV with generous luggage space for airport runs and coastal drives.', '2026-05-25 09:08:02.892270', '2026-05-25 09:08:02.892270') RETURNING "id" /*application='J2cRentals'*/[0m
  [1m[36mTRANSACTION (0.1ms)[0m  [1m[35mCOMMIT TRANSACTION /*application='J2cRentals'*/[0m
  [1m[36mTRANSACTION (0.1ms)[0m  [1m[35mBEGIN immediate TRANSACTION /*application='J2cRentals'*/[0m
  [1m[36mVehicle Create (1.9ms)[0m  [1m[32mINSERT INTO "vehicles" ("name", "make", "model", "year", "category", "seats", "doors", "transmission", "fuel", "drivetrain", "location", "daily_rate", "rating", "image_url", "hero_color", "mileage", "luggage", "featured", "available", "description", "created_at", "updated_at") VALUES ('Innova Executive', 'Toyota', 'Innova Hycross', 2026, 'Van', 7, 4, 'Automatic', 'Hybrid', 'FWD', 'Bengaluru Indiranagar', 5799.0, 4.9, 'https://images.unsplash.com/photo-1503376780353-7e6692767b70?auto=format&fit=crop&w=1200&q=80', '#7c3aed', '21 km/l', 5, TRUE, TRUE, 'A premium people-mover for families, teams, and long in-city itineraries.', '2026-05-25 09:08:02.897737', '2026-05-25 09:08:02.897737') RETURNING "id" /*application='J2cRentals'*/[0m
  [1m[36mTRANSACTION (0.1ms)[0m  [1m[35mCOMMIT TRANSACTION /*application='J2cRentals'*/[0m
  [1m[36mTRANSACTION (0.1ms)[0m  [1m[35mBEGIN immediate TRANSACTION /*application='J2cRentals'*/[0m
  [1m[36mVehicle Create (2.2ms)[0m  [1m[32mINSERT INTO "vehicles" ("name", "make", "model", "year", "category", "seats", "doors", "transmission", "fuel", "drivetrain", "location", "daily_rate", "rating", "image_url", "hero_color", "mileage", "luggage", "featured", "available", "description", "created_at", "updated_at") VALUES ('Coastal Thar', 'Mahindra', 'Thar', 2025, 'SUV', 4, 3, 'Automatic', 'Diesel', '4WD', 'Goa Panaji', 5199.0, 4.8, 'https://images.unsplash.com/photo-1609521263047-f8f205293f24?auto=format&fit=crop&w=1200&q=80', '#b45309', '15 km/l', 2, TRUE, TRUE, 'Open-road character with 4WD confidence for scenic drives and resort transfers.', '2026-05-25 09:08:02.904259', '2026-05-25 09:08:02.904259') RETURNING "id" /*application='J2cRentals'*/[0m
  [1m[36mTRANSACTION (0.1ms)[0m  [1m[35mCOMMIT TRANSACTION /*application='J2cRentals'*/[0m
  [1m[36mTRANSACTION (0.1ms)[0m  [1m[35mBEGIN immediate TRANSACTION /*application='J2cRentals'*/[0m
  [1m[36mVehicle Create (1.5ms)[0m  [1m[32mINSERT INTO "vehicles" ("name", "make", "model", "year", "category", "seats", "doors", "transmission", "fuel", "drivetrain", "location", "daily_rate", "rating", "image_url", "hero_color", "mileage", "luggage", "featured", "available", "description", "created_at", "updated_at") VALUES ('Model 3 Volt', 'Tesla', 'Model 3', 2026, 'Electric', 5, 4, 'Automatic', 'Electric', 'RWD', 'Delhi Airport', 6999.0, 4.9, 'https://images.unsplash.com/photo-1560958089-b8a1929cea89?auto=format&fit=crop&w=1200&q=80', '#0891b2', '520 km range', 3, FALSE, TRUE, 'A quiet electric sedan for premium arrivals, low running cost, and smooth highway cruising.', '2026-05-25 09:08:02.911067', '2026-05-25 09:08:02.911067') RETURNING "id" /*application='J2cRentals'*/[0m
  [1m[36mTRANSACTION (0.1ms)[0m  [1m[35mCOMMIT TRANSACTION /*application='J2cRentals'*/[0m
  [1m[36mTRANSACTION (0.1ms)[0m  [1m[35mBEGIN immediate TRANSACTION /*application='J2cRentals'*/[0m
  [1m[36mVehicle Create (2.1ms)[0m  [1m[32mINSERT INTO "vehicles" ("name", "make", "model", "year", "category", "seats", "doors", "transmission", "fuel", "drivetrain", "location", "daily_rate", "rating", "image_url", "hero_color", "mileage", "luggage", "featured", "available", "description", "created_at", "updated_at") VALUES ('Camry Signature', 'Toyota', 'Camry', 2026, 'Luxury', 5, 4, 'Automatic', 'Hybrid', 'FWD', 'Mumbai Airport', 6299.0, 4.8, 'https://images.unsplash.com/photo-1552519507-da3b142c6e3d?auto=format&fit=crop&w=1200&q=80', '#334155', '23 km/l', 3, FALSE, TRUE, 'A refined sedan for business travel, hotel transfers, and comfortable long drives.', '2026-05-25 09:08:02.916730', '2026-05-25 09:08:02.916730') RETURNING "id" /*application='J2cRentals'*/[0m
  [1m[36mTRANSACTION (0.2ms)[0m  [1m[35mCOMMIT TRANSACTION /*application='J2cRentals'*/[0m
  [1m[36mTRANSACTION (0.0ms)[0m  [1m[35mBEGIN immediate TRANSACTION /*application='J2cRentals'*/[0m
  [1m[36mVehicle Create (1.4ms)[0m  [1m[32mINSERT INTO "vehicles" ("name", "make", "model", "year", "category", "seats", "doors", "transmission", "fuel", "drivetrain", "location", "daily_rate", "rating", "image_url", "hero_color", "mileage", "luggage", "featured", "available", "description", "created_at", "updated_at") VALUES ('Kwid Easy', 'Renault', 'Kwid', 2024, 'Economy', 5, 4, 'Manual', 'Petrol', 'FWD', 'Goa Panaji', 1799.0, 4.4, 'https://images.unsplash.com/photo-1580273916550-e323be2ae537?auto=format&fit=crop&w=1200&q=80', '#16a34a', '22 km/l', 2, FALSE, TRUE, 'A budget-friendly city car for short hops, errands, and flexible sightseeing days.', '2026-05-25 09:08:02.924646', '2026-05-25 09:08:02.924646') RETURNING "id" /*application='J2cRentals'*/[0m
  [1m[36mTRANSACTION (0.1ms)[0m  [1m[35mCOMMIT TRANSACTION /*application='J2cRentals'*/[0m
  [1m[36mVehicle Count (3.7ms)[0m  [1m[34mSELECT COUNT(*) FROM "vehicles" /*application='J2cRentals'*/[0m
  [1m[36mVehicle Count (0.3ms)[0m  [1m[34mSELECT COUNT(*) FROM "vehicles" WHERE "vehicles"."featured" = TRUE /*application='J2cRentals'*/[0m
Started GET "/" for 127.0.0.1 at 2026-05-25 14:38:36 +0530
  [1m[36mActiveRecord::SchemaMigration Load (0.2ms)[0m  [1m[34mSELECT "schema_migrations"."version" FROM "schema_migrations" ORDER BY "schema_migrations"."version" ASC /*application='J2cRentals'*/[0m
Processing by HomeController#index as HTML
  Rendering layout layouts/application.html.erb
  Rendering home/index.html.erb within layouts/application
  [1m[36mVehicle Load (0.4ms)[0m  [1m[34mSELECT "vehicles".* FROM "vehicles" WHERE "vehicles"."featured" = TRUE LIMIT 4 /*action='index',application='J2cRentals',controller='home'*/[0m
  ↳ app/views/home/index.html.erb:51
  Rendered collection of vehicles/_vehicle.html.erb [4 times] (Duration: 15.4ms | GC: 0.0ms)
  Rendered home/index.html.erb within layouts/application (Duration: 81.1ms | GC: 0.2ms)
  Rendered layout layouts/application.html.erb (Duration: 91.1ms | GC: 0.2ms)
Completed 200 OK in 313ms (Views: 113.1ms | ActiveRecord: 11.8ms (1 query, 0 cached) | GC: 0.2ms)


Started GET "/vehicles" for 127.0.0.1 at 2026-05-25 14:38:45 +0530
Processing by VehiclesController#index as HTML
  Rendering layout layouts/application.html.erb
  Rendering vehicles/index.html.erb within layouts/application
  [1m[36mVehicle Count (0.2ms)[0m  [1m[34mSELECT COUNT(*) FROM "vehicles" WHERE "vehicles"."available" = TRUE /*action='index',application='J2cRentals',controller='vehicles'*/[0m
  ↳ app/views/vehicles/index.html.erb:19
  [1m[36mVehicle Load (0.2ms)[0m  [1m[34mSELECT "vehicles".* FROM "vehicles" WHERE "vehicles"."available" = TRUE ORDER BY "vehicles"."featured" DESC, "vehicles"."daily_rate" ASC /*action='index',application='J2cRentals',controller='vehicles'*/[0m
  ↳ app/views/vehicles/index.html.erb:22
  Rendered collection of vehicles/_vehicle.html.erb [8 times] (Duration: 0.6ms | GC: 0.0ms)
  Rendered vehicles/index.html.erb within layouts/application (Duration: 8.3ms | GC: 0.0ms)
  Rendered layout layouts/application.html.erb (Duration: 35.1ms | GC: 0.0ms)
Completed 200 OK in 42ms (Views: 36.9ms | ActiveRecord: 0.4ms (2 queries, 0 cached) | GC: 0.0ms)


Started GET "/vehicles" for 127.0.0.1 at 2026-05-25 14:39:12 +0530
Processing by VehiclesController#index as HTML
  Rendering layout layouts/application.html.erb
  Rendering vehicles/index.html.erb within layouts/application
  [1m[36mVehicle Count (0.3ms)[0m  [1m[34mSELECT COUNT(*) FROM "vehicles" WHERE "vehicles"."available" = TRUE /*action='index',application='J2cRentals',controller='vehicles'*/[0m
  ↳ app/views/vehicles/index.html.erb:19
  [1m[36mVehicle Load (3.3ms)[0m  [1m[34mSELECT "vehicles".* FROM "vehicles" WHERE "vehicles"."available" = TRUE ORDER BY "vehicles"."featured" DESC, "vehicles"."daily_rate" ASC /*action='index',application='J2cRentals',controller='vehicles'*/[0m
  ↳ app/views/vehicles/index.html.erb:22
  Rendered collection of vehicles/_vehicle.html.erb [8 times] (Duration: 2.6ms | GC: 0.0ms)
  Rendered vehicles/index.html.erb within layouts/application (Duration: 31.1ms | GC: 0.0ms)
  Rendered layout layouts/application.html.erb (Duration: 34.3ms | GC: 0.0ms)
Completed 200 OK in 82ms (Views: 33.3ms | ActiveRecord: 3.6ms (2 queries, 0 cached) | GC: 0.0ms)


Started GET "/reservations/lookup" for 127.0.0.1 at 2026-05-25 14:39:22 +0530
Processing by ReservationsController#lookup as HTML
  Rendering layout layouts/application.html.erb
  Rendering reservations/lookup.html.erb within layouts/application
  Rendered reservations/lookup.html.erb within layouts/application (Duration: 3.9ms | GC: 0.0ms)
  Rendered layout layouts/application.html.erb (Duration: 8.8ms | GC: 0.0ms)
Completed 200 OK in 31ms (Views: 16.3ms | ActiveRecord: 0.0ms (0 queries, 0 cached) | GC: 0.0ms)


Started GET "/vehicles" for 127.0.0.1 at 2026-05-25 14:39:25 +0530
Processing by VehiclesController#index as HTML
  Rendering layout layouts/application.html.erb
  Rendering vehicles/index.html.erb within layouts/application
  [1m[36mVehicle Count (0.5ms)[0m  [1m[34mSELECT COUNT(*) FROM "vehicles" WHERE "vehicles"."available" = TRUE /*action='index',application='J2cRentals',controller='vehicles'*/[0m
  ↳ app/views/vehicles/index.html.erb:19
  [1m[36mVehicle Load (0.6ms)[0m  [1m[34mSELECT "vehicles".* FROM "vehicles" WHERE "vehicles"."available" = TRUE ORDER BY "vehicles"."featured" DESC, "vehicles"."daily_rate" ASC /*action='index',application='J2cRentals',controller='vehicles'*/[0m
  ↳ app/views/vehicles/index.html.erb:22
  Rendered collection of vehicles/_vehicle.html.erb [8 times] (Duration: 2.3ms | GC: 0.0ms)
  Rendered vehicles/index.html.erb within layouts/application (Duration: 23.8ms | GC: 0.0ms)
  Rendered layout layouts/application.html.erb (Duration: 30.0ms | GC: 0.0ms)
Completed 200 OK in 51ms (Views: 33.6ms | ActiveRecord: 1.1ms (2 queries, 0 cached) | GC: 0.0ms)


Started GET "/" for 127.0.0.1 at 2026-05-25 14:39:34 +0530
Processing by HomeController#index as HTML
  Rendering layout layouts/application.html.erb
  Rendering home/index.html.erb within layouts/application
  [1m[36mVehicle Load (0.2ms)[0m  [1m[34mSELECT "vehicles".* FROM "vehicles" WHERE "vehicles"."featured" = TRUE LIMIT 4 /*action='index',application='J2cRentals',controller='home'*/[0m
  ↳ app/views/home/index.html.erb:51
  Rendered collection of vehicles/_vehicle.html.erb [4 times] (Duration: 0.4ms | GC: 0.0ms)
  Rendered home/index.html.erb within layouts/application (Duration: 4.2ms | GC: 0.0ms)
  Rendered layout layouts/application.html.erb (Duration: 7.0ms | GC: 0.0ms)
Completed 200 OK in 14ms (Views: 8.5ms | ActiveRecord: 0.2ms (1 query, 0 cached) | GC: 0.0ms)


Started GET "/vehicles/6" for 127.0.0.1 at 2026-05-25 14:40:05 +0530
Processing by VehiclesController#show as HTML
  Parameters: {"id" => "6"}
  [1m[36mVehicle Load (0.4ms)[0m  [1m[34mSELECT "vehicles".* FROM "vehicles" WHERE "vehicles"."id" = 6 LIMIT 1 /*action='show',application='J2cRentals',controller='vehicles'*/[0m
  ↳ app/controllers/vehicles_controller.rb:12:in 'VehiclesController#show'
  Rendering layout layouts/application.html.erb
  Rendering vehicles/show.html.erb within layouts/application
  Rendered reservations/_form.html.erb (Duration: 124.1ms | GC: 0.0ms)
  Rendered vehicles/show.html.erb within layouts/application (Duration: 220.8ms | GC: 0.0ms)
  Rendered layout layouts/application.html.erb (Duration: 229.1ms | GC: 0.0ms)
Completed 200 OK in 838ms (Views: 237.7ms | ActiveRecord: 1.7ms (1 query, 0 cached) | GC: 0.2ms)


Started GET "/" for 127.0.0.1 at 2026-05-25 14:40:30 +0530
Started GET "/" for 127.0.0.1 at 2026-05-25 14:40:30 +0530
Processing by HomeController#index as HTML
Processing by HomeController#index as HTML
  Rendering layout layouts/application.html.erb
  Rendering home/index.html.erb within layouts/application
  [1m[36mVehicle Load (0.2ms)[0m  [1m[34mSELECT "vehicles".* FROM "vehicles" WHERE "vehicles"."featured" = TRUE LIMIT 4 /*action='index',application='J2cRentals',controller='home'*/[0m
  ↳ app/views/home/index.html.erb:51
  Rendered collection of vehicles/_vehicle.html.erb [4 times] (Duration: 0.4ms | GC: 0.0ms)
  Rendered home/index.html.erb within layouts/application (Duration: 4.0ms | GC: 0.0ms)
  Rendered layout layouts/application.html.erb (Duration: 5.7ms | GC: 0.0ms)
Completed 200 OK in 11ms (Views: 7.2ms | ActiveRecord: 0.2ms (1 query, 0 cached) | GC: 0.0ms)


  Rendering layout layouts/application.html.erb
  Rendering home/index.html.erb within layouts/application
  [1m[36mVehicle Load (0.2ms)[0m  [1m[34mSELECT "vehicles".* FROM "vehicles" WHERE "vehicles"."featured" = TRUE LIMIT 4 /*action='index',application='J2cRentals',controller='home'*/[0m
  ↳ app/views/home/index.html.erb:51
  Rendered collection of vehicles/_vehicle.html.erb [4 times] (Duration: 0.4ms | GC: 0.0ms)
  Rendered home/index.html.erb within layouts/application (Duration: 3.8ms | GC: 0.0ms)
  Rendered layout layouts/application.html.erb (Duration: 5.0ms | GC: 0.0ms)
Completed 200 OK in 15ms (Views: 10.5ms | ActiveRecord: 0.2ms (1 query, 0 cached) | GC: 0.0ms)


Started GET "/vehicles/6/reservations/new" for 127.0.0.1 at 2026-05-25 14:40:47 +0530
Processing by ReservationsController#new as HTML
  Parameters: {"vehicle_id" => "6"}
  [1m[36mVehicle Load (0.3ms)[0m  [1m[34mSELECT "vehicles".* FROM "vehicles" WHERE "vehicles"."id" = 6 LIMIT 1 /*action='new',application='J2cRentals',controller='reservations'*/[0m
  ↳ app/controllers/reservations_controller.rb:3:in 'ReservationsController#new'
  Rendering layout layouts/application.html.erb
  Rendering reservations/new.html.erb within layouts/application
  Rendered reservations/_form.html.erb (Duration: 3.1ms | GC: 0.0ms)
  Rendered reservations/new.html.erb within layouts/application (Duration: 8.1ms | GC: 0.0ms)
  Rendered layout layouts/application.html.erb (Duration: 10.6ms | GC: 0.0ms)
Completed 200 OK in 37ms (Views: 13.8ms | ActiveRecord: 0.3ms (1 query, 0 cached) | GC: 0.0ms)


Started GET "/vehicles" for 127.0.0.1 at 2026-05-25 14:40:52 +0530
Processing by VehiclesController#index as HTML
  Rendering layout layouts/application.html.erb
  Rendering vehicles/index.html.erb within layouts/application
  [1m[36mVehicle Count (0.2ms)[0m  [1m[34mSELECT COUNT(*) FROM "vehicles" WHERE "vehicles"."available" = TRUE /*action='index',application='J2cRentals',controller='vehicles'*/[0m
  ↳ app/views/vehicles/index.html.erb:19
  [1m[36mVehicle Load (1.8ms)[0m  [1m[34mSELECT "vehicles".* FROM "vehicles" WHERE "vehicles"."available" = TRUE ORDER BY "vehicles"."featured" DESC, "vehicles"."daily_rate" ASC /*action='index',application='J2cRentals',controller='vehicles'*/[0m
  ↳ app/views/vehicles/index.html.erb:22
  Rendered collection of vehicles/_vehicle.html.erb [8 times] (Duration: 1.4ms | GC: 0.0ms)
  Rendered vehicles/index.html.erb within layouts/application (Duration: 12.4ms | GC: 0.0ms)
  Rendered layout layouts/application.html.erb (Duration: 14.5ms | GC: 0.0ms)
Completed 200 OK in 22ms (Views: 14.3ms | ActiveRecord: 2.0ms (2 queries, 0 cached) | GC: 0.0ms)


Started GET "/" for 127.0.0.1 at 2026-05-25 14:42:18 +0530
Processing by HomeController#index as HTML
  Rendering layout layouts/application.html.erb
  Rendering home/index.html.erb within layouts/application
  [1m[36mVehicle Load (0.2ms)[0m  [1m[34mSELECT "vehicles".* FROM "vehicles" WHERE "vehicles"."featured" = TRUE LIMIT 4 /*action='index',application='J2cRentals',controller='home'*/[0m
  ↳ app/views/home/index.html.erb:51
  Rendered collection of vehicles/_vehicle.html.erb [4 times] (Duration: 0.8ms | GC: 0.0ms)
  Rendered home/index.html.erb within layouts/application (Duration: 15.7ms | GC: 0.0ms)
  Rendered layout layouts/application.html.erb (Duration: 19.7ms | GC: 0.0ms)
Completed 200 OK in 29ms (Views: 22.6ms | ActiveRecord: 0.2ms (1 query, 0 cached) | GC: 0.0ms)


Started GET "/" for 127.0.0.1 at 2026-05-25 14:42:19 +0530
Processing by HomeController#index as HTML
  Rendering layout layouts/application.html.erb
  Rendering home/index.html.erb within layouts/application
  [1m[36mVehicle Load (0.2ms)[0m  [1m[34mSELECT "vehicles".* FROM "vehicles" WHERE "vehicles"."featured" = TRUE LIMIT 4 /*action='index',application='J2cRentals',controller='home'*/[0m
  ↳ app/views/home/index.html.erb:51
  Rendered collection of vehicles/_vehicle.html.erb [4 times] (Duration: 0.5ms | GC: 0.0ms)
  Rendered home/index.html.erb within layouts/application (Duration: 5.9ms | GC: 0.0ms)
  Rendered layout layouts/application.html.erb (Duration: 11.7ms | GC: 0.0ms)
Completed 200 OK in 16ms (Views: 13.0ms | ActiveRecord: 0.2ms (1 query, 0 cached) | GC: 0.0ms)


Started GET "/" for 127.0.0.1 at 2026-05-25 14:42:19 +0530
Processing by HomeController#index as HTML
  Rendering layout layouts/application.html.erb
  Rendering home/index.html.erb within layouts/application
  [1m[36mVehicle Load (0.2ms)[0m  [1m[34mSELECT "vehicles".* FROM "vehicles" WHERE "vehicles"."featured" = TRUE LIMIT 4 /*action='index',application='J2cRentals',controller='home'*/[0m
  ↳ app/views/home/index.html.erb:51
  Rendered collection of vehicles/_vehicle.html.erb [4 times] (Duration: 0.4ms | GC: 0.0ms)
  Rendered home/index.html.erb within layouts/application (Duration: 3.1ms | GC: 0.0ms)
  Rendered layout layouts/application.html.erb (Duration: 4.3ms | GC: 0.0ms)
Completed 200 OK in 7ms (Views: 4.8ms | ActiveRecord: 0.2ms (1 query, 0 cached) | GC: 0.0ms)


Started GET "/" for 127.0.0.1 at 2026-05-25 14:42:21 +0530
Processing by HomeController#index as HTML
  Rendering layout layouts/application.html.erb
  Rendering home/index.html.erb within layouts/application
  [1m[36mVehicle Load (0.2ms)[0m  [1m[34mSELECT "vehicles".* FROM "vehicles" WHERE "vehicles"."featured" = TRUE LIMIT 4 /*action='index',application='J2cRentals',controller='home'*/[0m
  ↳ app/views/home/index.html.erb:51
  Rendered collection of vehicles/_vehicle.html.erb [4 times] (Duration: 0.5ms | GC: 0.0ms)
  Rendered home/index.html.erb within layouts/application (Duration: 2.9ms | GC: 0.0ms)
  Rendered layout layouts/application.html.erb (Duration: 4.0ms | GC: 0.0ms)
Completed 200 OK in 6ms (Views: 4.3ms | ActiveRecord: 0.2ms (1 query, 0 cached) | GC: 0.0ms)


Started GET "/" for 127.0.0.1 at 2026-05-25 14:42:21 +0530
Processing by HomeController#index as HTML
  Rendering layout layouts/application.html.erb
  Rendering home/index.html.erb within layouts/application
  [1m[36mVehicle Load (0.2ms)[0m  [1m[34mSELECT "vehicles".* FROM "vehicles" WHERE "vehicles"."featured" = TRUE LIMIT 4 /*action='index',application='J2cRentals',controller='home'*/[0m
  ↳ app/views/home/index.html.erb:51
  Rendered collection of vehicles/_vehicle.html.erb [4 times] (Duration: 0.5ms | GC: 0.0ms)
  Rendered home/index.html.erb within layouts/application (Duration: 3.9ms | GC: 0.0ms)
  Rendered layout layouts/application.html.erb (Duration: 5.0ms | GC: 0.0ms)
Completed 200 OK in 8ms (Views: 5.8ms | ActiveRecord: 0.2ms (1 query, 0 cached) | GC: 0.0ms)


Started GET "/" for 127.0.0.1 at 2026-05-25 14:42:23 +0530
Processing by HomeController#index as HTML
  Rendering layout layouts/application.html.erb
  Rendering home/index.html.erb within layouts/application
  [1m[36mVehicle Load (0.2ms)[0m  [1m[34mSELECT "vehicles".* FROM "vehicles" WHERE "vehicles"."featured" = TRUE LIMIT 4 /*action='index',application='J2cRentals',controller='home'*/[0m
  ↳ app/views/home/index.html.erb:51
  Rendered collection of vehicles/_vehicle.html.erb [4 times] (Duration: 0.4ms | GC: 0.0ms)
  Rendered home/index.html.erb within layouts/application (Duration: 2.8ms | GC: 0.0ms)
  Rendered layout layouts/application.html.erb (Duration: 4.0ms | GC: 0.0ms)
Completed 200 OK in 7ms (Views: 4.3ms | ActiveRecord: 0.2ms (1 query, 0 cached) | GC: 0.0ms)


Started GET "/" for 127.0.0.1 at 2026-05-25 14:42:26 +0530
Processing by HomeController#index as HTML
  Rendering layout layouts/application.html.erb
  Rendering home/index.html.erb within layouts/application
  [1m[36mVehicle Load (0.2ms)[0m  [1m[34mSELECT "vehicles".* FROM "vehicles" WHERE "vehicles"."featured" = TRUE LIMIT 4 /*action='index',application='J2cRentals',controller='home'*/[0m
  ↳ app/views/home/index.html.erb:51
  Rendered collection of vehicles/_vehicle.html.erb [4 times] (Duration: 0.4ms | GC: 0.0ms)
  Rendered home/index.html.erb within layouts/application (Duration: 3.0ms | GC: 0.0ms)
  Rendered layout layouts/application.html.erb (Duration: 4.2ms | GC: 0.0ms)
Completed 200 OK in 7ms (Views: 4.9ms | ActiveRecord: 0.2ms (1 query, 0 cached) | GC: 0.0ms)


  [1m[36mActiveRecord::InternalMetadata Load (1.1ms)[0m  [1m[34mSELECT * FROM "ar_internal_metadata" WHERE "ar_internal_metadata"."key" = 'environment' ORDER BY "ar_internal_metadata"."key" ASC LIMIT 1 /*application='J2cRentals'*/[0m
  [1m[36mActiveRecord::SchemaMigration Load (0.4ms)[0m  [1m[34mSELECT "schema_migrations"."version" FROM "schema_migrations" ORDER BY "schema_migrations"."version" ASC /*application='J2cRentals'*/[0m
Migrating to CreateLeads (20260525091648)
  [1m[36mTRANSACTION (0.1ms)[0m  [1m[35mBEGIN immediate TRANSACTION /*application='J2cRentals'*/[0m
  [1m[35m (4.5ms)[0m  [1m[35mCREATE TABLE "leads" ("id" integer PRIMARY KEY AUTOINCREMENT NOT NULL, "name" varchar, "email" varchar, "phone" varchar, "trip_location" varchar, "preferred_vehicle" varchar, "source" varchar, "status" varchar, "priority" varchar, "follow_up_on" date, "budget" decimal(10,2), "notes" text, "created_at" datetime(6) NOT NULL, "updated_at" datetime(6) NOT NULL) /*application='J2cRentals'*/[0m
  [1m[35m (0.3ms)[0m  [1m[35mCREATE INDEX "index_leads_on_status" ON "leads" ("status") /*application='J2cRentals'*/[0m
  [1m[35m (0.2ms)[0m  [1m[35mCREATE INDEX "index_leads_on_priority" ON "leads" ("priority") /*application='J2cRentals'*/[0m
  [1m[35m (0.1ms)[0m  [1m[35mCREATE INDEX "index_leads_on_follow_up_on" ON "leads" ("follow_up_on") /*application='J2cRentals'*/[0m
  [1m[36mActiveRecord::SchemaMigration Create (0.6ms)[0m  [1m[32mINSERT INTO "schema_migrations" ("version") VALUES ('20260525091648') RETURNING "version" /*application='J2cRentals'*/[0m
  [1m[36mTRANSACTION (2.8ms)[0m  [1m[35mCOMMIT TRANSACTION /*application='J2cRentals'*/[0m
Migrating to CreateRentalDocuments (20260525091649)
  [1m[36mTRANSACTION (0.1ms)[0m  [1m[35mBEGIN immediate TRANSACTION /*application='J2cRentals'*/[0m
  [1m[35m (2.7ms)[0m  [1m[35mCREATE TABLE "rental_documents" ("id" integer PRIMARY KEY AUTOINCREMENT NOT NULL, "reservation_id" integer NOT NULL, "document_type" varchar, "file_name" varchar, "status" varchar, "notes" text, "created_at" datetime(6) NOT NULL, "updated_at" datetime(6) NOT NULL, CONSTRAINT "fk_rails_d393d0472e"
FOREIGN KEY ("reservation_id")
  REFERENCES "reservations" ("id")
) /*application='J2cRentals'*/[0m
  [1m[35m (0.2ms)[0m  [1m[35mCREATE INDEX "index_rental_documents_on_reservation_id" ON "rental_documents" ("reservation_id") /*application='J2cRentals'*/[0m
  [1m[35m (0.2ms)[0m  [1m[35mCREATE INDEX "index_rental_documents_on_status" ON "rental_documents" ("status") /*application='J2cRentals'*/[0m
  [1m[35m (0.1ms)[0m  [1m[35mCREATE INDEX "index_rental_documents_on_document_type" ON "rental_documents" ("document_type") /*application='J2cRentals'*/[0m
  [1m[36mActiveRecord::SchemaMigration Create (0.2ms)[0m  [1m[32mINSERT INTO "schema_migrations" ("version") VALUES ('20260525091649') RETURNING "version" /*application='J2cRentals'*/[0m
  [1m[36mTRANSACTION (0.3ms)[0m  [1m[35mCOMMIT TRANSACTION /*application='J2cRentals'*/[0m
Migrating to AddAdminReviewFieldsToReservations (20260525091659)
  [1m[36mTRANSACTION (0.1ms)[0m  [1m[35mBEGIN immediate TRANSACTION /*application='J2cRentals'*/[0m
  [1m[35m (2.3ms)[0m  [1m[35mALTER TABLE "reservations" ADD "deposit_amount" decimal(10,2) /*application='J2cRentals'*/[0m
  [1m[35m (0.3ms)[0m  [1m[35mALTER TABLE "reservations" ADD "deposit_status" varchar DEFAULT 'Pending' /*application='J2cRentals'*/[0m
  [1m[35m (0.3ms)[0m  [1m[35mALTER TABLE "reservations" ADD "document_status" varchar DEFAULT 'Pending review' /*application='J2cRentals'*/[0m
  [1m[35m (0.3ms)[0m  [1m[35mALTER TABLE "reservations" ADD "admin_notes" text /*application='J2cRentals'*/[0m
  [1m[35m (0.3ms)[0m  [1m[35mALTER TABLE "reservations" ADD "reviewed_at" datetime(6) /*application='J2cRentals'*/[0m
  [1m[35m (0.3ms)[0m  [1m[35mALTER TABLE "reservations" ADD "reviewed_by" varchar /*application='J2cRentals'*/[0m
  [1m[35m (0.2ms)[0m  [1m[35mCREATE INDEX "index_reservations_on_status" ON "reservations" ("status") /*application='J2cRentals'*/[0m
  [1m[35m (0.2ms)[0m  [1m[35mCREATE INDEX "index_reservations_on_deposit_status" ON "reservations" ("deposit_status") /*application='J2cRentals'*/[0m
  [1m[35m (0.2ms)[0m  [1m[35mCREATE INDEX "index_reservations_on_document_status" ON "reservations" ("document_status") /*application='J2cRentals'*/[0m
  [1m[36mActiveRecord::SchemaMigration Create (0.2ms)[0m  [1m[32mINSERT INTO "schema_migrations" ("version") VALUES ('20260525091659') RETURNING "version" /*application='J2cRentals'*/[0m
  [1m[36mTRANSACTION (0.2ms)[0m  [1m[35mCOMMIT TRANSACTION /*application='J2cRentals'*/[0m
  [1m[36mActiveRecord::SchemaMigration Load (0.1ms)[0m  [1m[34mSELECT "schema_migrations"."version" FROM "schema_migrations" ORDER BY "schema_migrations"."version" ASC /*application='J2cRentals'*/[0m
  [1m[36mActiveRecord::SchemaMigration Load (0.1ms)[0m  [1m[34mSELECT "schema_migrations"."version" FROM "schema_migrations" ORDER BY "schema_migrations"."version" ASC /*application='J2cRentals'*/[0m
  [1m[36mLead Load (2.6ms)[0m  [1m[34mSELECT "leads".* FROM "leads" /*application='J2cRentals'*/[0m
  [1m[36mVehicle Load (0.4ms)[0m  [1m[34mSELECT "vehicles".* FROM "vehicles" /*application='J2cRentals'*/[0m
  [1m[36mTRANSACTION (0.2ms)[0m  [1m[35mBEGIN immediate TRANSACTION /*application='J2cRentals'*/[0m
  [1m[36mReservation Load (0.5ms)[0m  [1m[34mSELECT "reservations".* FROM "reservations" WHERE "reservations"."vehicle_id" = 1 /*application='J2cRentals'*/[0m
  [1m[36mVehicle Destroy (0.3ms)[0m  [1m[31mDELETE FROM "vehicles" WHERE "vehicles"."id" = 1 /*application='J2cRentals'*/[0m
  [1m[36mTRANSACTION (7.8ms)[0m  [1m[35mCOMMIT TRANSACTION /*application='J2cRentals'*/[0m
  [1m[36mTRANSACTION (0.1ms)[0m  [1m[35mBEGIN immediate TRANSACTION /*application='J2cRentals'*/[0m
  [1m[36mReservation Load (6.2ms)[0m  [1m[34mSELECT "reservations".* FROM "reservations" WHERE "reservations"."vehicle_id" = 2 /*application='J2cRentals'*/[0m
  [1m[36mVehicle Destroy (0.2ms)[0m  [1m[31mDELETE FROM "vehicles" WHERE "vehicles"."id" = 2 /*application='J2cRentals'*/[0m
  [1m[36mTRANSACTION (0.3ms)[0m  [1m[35mCOMMIT TRANSACTION /*application='J2cRentals'*/[0m
  [1m[36mTRANSACTION (0.2ms)[0m  [1m[35mBEGIN immediate TRANSACTION /*application='J2cRentals'*/[0m
  [1m[36mReservation Load (5.2ms)[0m  [1m[34mSELECT "reservations".* FROM "reservations" WHERE "reservations"."vehicle_id" = 3 /*application='J2cRentals'*/[0m
  [1m[36mVehicle Destroy (0.2ms)[0m  [1m[31mDELETE FROM "vehicles" WHERE "vehicles"."id" = 3 /*application='J2cRentals'*/[0m
  [1m[36mTRANSACTION (0.5ms)[0m  [1m[35mCOMMIT TRANSACTION /*application='J2cRentals'*/[0m
  [1m[36mTRANSACTION (0.2ms)[0m  [1m[35mBEGIN immediate TRANSACTION /*application='J2cRentals'*/[0m
  [1m[36mReservation Load (4.2ms)[0m  [1m[34mSELECT "reservations".* FROM "reservations" WHERE "reservations"."vehicle_id" = 4 /*application='J2cRentals'*/[0m
  [1m[36mVehicle Destroy (0.2ms)[0m  [1m[31mDELETE FROM "vehicles" WHERE "vehicles"."id" = 4 /*application='J2cRentals'*/[0m
  [1m[36mTRANSACTION (0.3ms)[0m  [1m[35mCOMMIT TRANSACTION /*application='J2cRentals'*/[0m
  [1m[36mTRANSACTION (0.1ms)[0m  [1m[35mBEGIN immediate TRANSACTION /*application='J2cRentals'*/[0m
  [1m[36mReservation Load (5.4ms)[0m  [1m[34mSELECT "reservations".* FROM "reservations" WHERE "reservations"."vehicle_id" = 5 /*application='J2cRentals'*/[0m
  [1m[36mVehicle Destroy (0.2ms)[0m  [1m[31mDELETE FROM "vehicles" WHERE "vehicles"."id" = 5 /*application='J2cRentals'*/[0m
  [1m[36mTRANSACTION (0.3ms)[0m  [1m[35mCOMMIT TRANSACTION /*application='J2cRentals'*/[0m
  [1m[36mTRANSACTION (0.1ms)[0m  [1m[35mBEGIN immediate TRANSACTION /*application='J2cRentals'*/[0m
  [1m[36mReservation Load (5.2ms)[0m  [1m[34mSELECT "reservations".* FROM "reservations" WHERE "reservations"."vehicle_id" = 6 /*application='J2cRentals'*/[0m
  [1m[36mVehicle Destroy (0.3ms)[0m  [1m[31mDELETE FROM "vehicles" WHERE "vehicles"."id" = 6 /*application='J2cRentals'*/[0m
  [1m[36mTRANSACTION (0.3ms)[0m  [1m[35mCOMMIT TRANSACTION /*application='J2cRentals'*/[0m
  [1m[36mTRANSACTION (0.2ms)[0m  [1m[35mBEGIN immediate TRANSACTION /*application='J2cRentals'*/[0m
  [1m[36mReservation Load (3.7ms)[0m  [1m[34mSELECT "reservations".* FROM "reservations" WHERE "reservations"."vehicle_id" = 7 /*application='J2cRentals'*/[0m
  [1m[36mVehicle Destroy (0.3ms)[0m  [1m[31mDELETE FROM "vehicles" WHERE "vehicles"."id" = 7 /*application='J2cRentals'*/[0m
  [1m[36mTRANSACTION (0.4ms)[0m  [1m[35mCOMMIT TRANSACTION /*application='J2cRentals'*/[0m
  [1m[36mTRANSACTION (0.2ms)[0m  [1m[35mBEGIN immediate TRANSACTION /*application='J2cRentals'*/[0m
  [1m[36mReservation Load (6.1ms)[0m  [1m[34mSELECT "reservations".* FROM "reservations" WHERE "reservations"."vehicle_id" = 8 /*application='J2cRentals'*/[0m
  [1m[36mVehicle Destroy (0.2ms)[0m  [1m[31mDELETE FROM "vehicles" WHERE "vehicles"."id" = 8 /*application='J2cRentals'*/[0m
  [1m[36mTRANSACTION (0.4ms)[0m  [1m[35mCOMMIT TRANSACTION /*application='J2cRentals'*/[0m
  [1m[36mTRANSACTION (0.2ms)[0m  [1m[35mBEGIN immediate TRANSACTION /*application='J2cRentals'*/[0m
  [1m[36mVehicle Create (7.8ms)[0m  [1m[32mINSERT INTO "vehicles" ("name", "make", "model", "year", "category", "seats", "doors", "transmission", "fuel", "drivetrain", "location", "daily_rate", "rating", "image_url", "hero_color", "mileage", "luggage", "featured", "available", "description", "created_at", "updated_at") VALUES ('Urban Swift', 'Maruti Suzuki', 'Swift', 2025, 'Economy', 5, 4, 'Manual', 'Petrol', 'FWD', 'Delhi Airport', 2199.0, 4.6, 'https://images.unsplash.com/photo-1542362567-b07e54358753?auto=format&fit=crop&w=1200&q=80', '#0f766e', '20 km/l', 2, TRUE, TRUE, 'A nimble city hatchback for airport pickups, local meetings, and quick weekend movement.', '2026-05-25 09:21:03.430890', '2026-05-25 09:21:03.430890') RETURNING "id" /*application='J2cRentals'*/[0m
  [1m[36mTRANSACTION (0.3ms)[0m  [1m[35mCOMMIT TRANSACTION /*application='J2cRentals'*/[0m
  [1m[36mTRANSACTION (0.2ms)[0m  [1m[35mBEGIN immediate TRANSACTION /*application='J2cRentals'*/[0m
  [1m[36mVehicle Create (5.6ms)[0m  [1m[32mINSERT INTO "vehicles" ("name", "make", "model", "year", "category", "seats", "doors", "transmission", "fuel", "drivetrain", "location", "daily_rate", "rating", "image_url", "hero_color", "mileage", "luggage", "featured", "available", "description", "created_at", "updated_at") VALUES ('Cityline i20', 'Hyundai', 'i20', 2025, 'Compact', 5, 4, 'Automatic', 'Petrol', 'FWD', 'Gurugram Cyber City', 2899.0, 4.7, 'https://images.unsplash.com/photo-1533473359331-0135ef1b58bf?auto=format&fit=crop&w=1200&q=80', '#be123c', '18 km/l', 2, FALSE, TRUE, 'Comfortable, compact, and easy to park near business districts and hotels.', '2026-05-25 09:21:03.454867', '2026-05-25 09:21:03.454867') RETURNING "id" /*application='J2cRentals'*/[0m
  [1m[36mTRANSACTION (0.3ms)[0m  [1m[35mCOMMIT TRANSACTION /*application='J2cRentals'*/[0m
  [1m[36mTRANSACTION (0.1ms)[0m  [1m[35mBEGIN immediate TRANSACTION /*application='J2cRentals'*/[0m
  [1m[36mVehicle Create (4.9ms)[0m  [1m[32mINSERT INTO "vehicles" ("name", "make", "model", "year", "category", "seats", "doors", "transmission", "fuel", "drivetrain", "location", "daily_rate", "rating", "image_url", "hero_color", "mileage", "luggage", "featured", "available", "description", "created_at", "updated_at") VALUES ('Creta Trail', 'Hyundai', 'Creta', 2026, 'SUV', 5, 4, 'Automatic', 'Diesel', 'FWD', 'Mumbai Airport', 4499.0, 4.8, 'https://images.unsplash.com/photo-1519641471654-76ce0107ad1b?auto=format&fit=crop&w=1200&q=80', '#1d4ed8', '17 km/l', 4, TRUE, TRUE, 'A high-clearance SUV with generous luggage space for airport runs and coastal drives.', '2026-05-25 09:21:03.471845', '2026-05-25 09:21:03.471845') RETURNING "id" /*application='J2cRentals'*/[0m
  [1m[36mTRANSACTION (0.5ms)[0m  [1m[35mCOMMIT TRANSACTION /*application='J2cRentals'*/[0m
  [1m[36mTRANSACTION (0.2ms)[0m  [1m[35mBEGIN immediate TRANSACTION /*application='J2cRentals'*/[0m
  [1m[36mVehicle Create (14.8ms)[0m  [1m[32mINSERT INTO "vehicles" ("name", "make", "model", "year", "category", "seats", "doors", "transmission", "fuel", "drivetrain", "location", "daily_rate", "rating", "image_url", "hero_color", "mileage", "luggage", "featured", "available", "description", "created_at", "updated_at") VALUES ('Innova Executive', 'Toyota', 'Innova Hycross', 2026, 'Van', 7, 4, 'Automatic', 'Hybrid', 'FWD', 'Bengaluru Indiranagar', 5799.0, 4.9, 'https://images.unsplash.com/photo-1503376780353-7e6692767b70?auto=format&fit=crop&w=1200&q=80', '#7c3aed', '21 km/l', 5, TRUE, TRUE, 'A premium people-mover for families, teams, and long in-city itineraries.', '2026-05-25 09:21:03.489837', '2026-05-25 09:21:03.489837') RETURNING "id" /*application='J2cRentals'*/[0m
  [1m[36mTRANSACTION (0.5ms)[0m  [1m[35mCOMMIT TRANSACTION /*application='J2cRentals'*/[0m
  [1m[36mTRANSACTION (0.2ms)[0m  [1m[35mBEGIN immediate TRANSACTION /*application='J2cRentals'*/[0m
  [1m[36mVehicle Create (8.3ms)[0m  [1m[32mINSERT INTO "vehicles" ("name", "make", "model", "year", "category", "seats", "doors", "transmission", "fuel", "drivetrain", "location", "daily_rate", "rating", "image_url", "hero_color", "mileage", "luggage", "featured", "available", "description", "created_at", "updated_at") VALUES ('Coastal Thar', 'Mahindra', 'Thar', 2025, 'SUV', 4, 3, 'Automatic', 'Diesel', '4WD', 'Goa Panaji', 5199.0, 4.8, 'https://images.unsplash.com/photo-1609521263047-f8f205293f24?auto=format&fit=crop&w=1200&q=80', '#b45309', '15 km/l', 2, TRUE, TRUE, 'Open-road character with 4WD confidence for scenic drives and resort transfers.', '2026-05-25 09:21:03.590978', '2026-05-25 09:21:03.590978') RETURNING "id" /*application='J2cRentals'*/[0m
  [1m[36mTRANSACTION (0.3ms)[0m  [1m[35mCOMMIT TRANSACTION /*application='J2cRentals'*/[0m
  [1m[36mTRANSACTION (0.2ms)[0m  [1m[35mBEGIN immediate TRANSACTION /*application='J2cRentals'*/[0m
  [1m[36mVehicle Create (5.3ms)[0m  [1m[32mINSERT INTO "vehicles" ("name", "make", "model", "year", "category", "seats", "doors", "transmission", "fuel", "drivetrain", "location", "daily_rate", "rating", "image_url", "hero_color", "mileage", "luggage", "featured", "available", "description", "created_at", "updated_at") VALUES ('Model 3 Volt', 'Tesla', 'Model 3', 2026, 'Electric', 5, 4, 'Automatic', 'Electric', 'RWD', 'Delhi Airport', 6999.0, 4.9, 'https://images.unsplash.com/photo-1560958089-b8a1929cea89?auto=format&fit=crop&w=1200&q=80', '#0891b2', '520 km range', 3, FALSE, TRUE, 'A quiet electric sedan for premium arrivals, low running cost, and smooth highway cruising.', '2026-05-25 09:21:03.631086', '2026-05-25 09:21:03.631086') RETURNING "id" /*application='J2cRentals'*/[0m
  [1m[36mTRANSACTION (0.3ms)[0m  [1m[35mCOMMIT TRANSACTION /*application='J2cRentals'*/[0m
  [1m[36mTRANSACTION (0.2ms)[0m  [1m[35mBEGIN immediate TRANSACTION /*application='J2cRentals'*/[0m
  [1m[36mVehicle Create (6.5ms)[0m  [1m[32mINSERT INTO "vehicles" ("name", "make", "model", "year", "category", "seats", "doors", "transmission", "fuel", "drivetrain", "location", "daily_rate", "rating", "image_url", "hero_color", "mileage", "luggage", "featured", "available", "description", "created_at", "updated_at") VALUES ('Camry Signature', 'Toyota', 'Camry', 2026, 'Luxury', 5, 4, 'Automatic', 'Hybrid', 'FWD', 'Mumbai Airport', 6299.0, 4.8, 'https://images.unsplash.com/photo-1552519507-da3b142c6e3d?auto=format&fit=crop&w=1200&q=80', '#334155', '23 km/l', 3, FALSE, TRUE, 'A refined sedan for business travel, hotel transfers, and comfortable long drives.', '2026-05-25 09:21:03.717322', '2026-05-25 09:21:03.717322') RETURNING "id" /*application='J2cRentals'*/[0m
  [1m[36mTRANSACTION (0.6ms)[0m  [1m[35mCOMMIT TRANSACTION /*application='J2cRentals'*/[0m
  [1m[36mTRANSACTION (0.2ms)[0m  [1m[35mBEGIN immediate TRANSACTION /*application='J2cRentals'*/[0m
  [1m[36mVehicle Create (5.5ms)[0m  [1m[32mINSERT INTO "vehicles" ("name", "make", "model", "year", "category", "seats", "doors", "transmission", "fuel", "drivetrain", "location", "daily_rate", "rating", "image_url", "hero_color", "mileage", "luggage", "featured", "available", "description", "created_at", "updated_at") VALUES ('Kwid Easy', 'Renault', 'Kwid', 2024, 'Economy', 5, 4, 'Manual', 'Petrol', 'FWD', 'Goa Panaji', 1799.0, 4.4, 'https://images.unsplash.com/photo-1580273916550-e323be2ae537?auto=format&fit=crop&w=1200&q=80', '#16a34a', '22 km/l', 2, FALSE, TRUE, 'A budget-friendly city car for short hops, errands, and flexible sightseeing days.', '2026-05-25 09:21:03.741216', '2026-05-25 09:21:03.741216') RETURNING "id" /*application='J2cRentals'*/[0m
  [1m[36mTRANSACTION (0.8ms)[0m  [1m[35mCOMMIT TRANSACTION /*application='J2cRentals'*/[0m
  [1m[36mTRANSACTION (0.2ms)[0m  [1m[35mBEGIN immediate TRANSACTION /*application='J2cRentals'*/[0m
  [1m[36mReservation Create (13.5ms)[0m  [1m[32mINSERT INTO "reservations" ("vehicle_id", "first_name", "last_name", "email", "phone", "pickup_location", "dropoff_location", "pickup_date", "dropoff_date", "pickup_time", "dropoff_time", "driver_age", "protection_plan", "extras", "status", "confirmation_code", "total_price", "notes", "created_at", "updated_at", "deposit_amount", "deposit_status", "document_status", "admin_notes", "reviewed_at", "reviewed_by") VALUES (11, 'Nisha', 'Kapoor', 'nisha.kapoor@example.com', '+91 98765 11111', 'Mumbai Airport', 'Mumbai Airport', '2026-05-27', '2026-05-30', '09:30', '18:00', 31, 'Premium', '["Airport fast pickup","Additional driver"]', 'Requested', 'J2CNUOU6T', 15746.0, NULL, '2026-05-25 09:21:03.874792', '2026-05-25 09:21:03.874792', 4499.0, 'Paid', 'Pending review', 'Corporate traveler. Verify license before handover.', NULL, NULL) RETURNING "id" /*application='J2cRentals'*/[0m
  [1m[36mTRANSACTION (0.4ms)[0m  [1m[35mCOMMIT TRANSACTION /*application='J2cRentals'*/[0m
  [1m[36mTRANSACTION (0.2ms)[0m  [1m[35mBEGIN immediate TRANSACTION /*application='J2cRentals'*/[0m
  [1m[36mReservation Create (5.2ms)[0m  [1m[32mINSERT INTO "reservations" ("vehicle_id", "first_name", "last_name", "email", "phone", "pickup_location", "dropoff_location", "pickup_date", "dropoff_date", "pickup_time", "dropoff_time", "driver_age", "protection_plan", "extras", "status", "confirmation_code", "total_price", "notes", "created_at", "updated_at", "deposit_amount", "deposit_status", "document_status", "admin_notes", "reviewed_at", "reviewed_by") VALUES (12, 'Rahul', 'Bansal', 'rahul.bansal@example.com', '+91 98765 22222', 'Bengaluru Indiranagar', 'Gurugram Cyber City', '2026-06-01', '2026-06-05', '11:00', '16:30', 39, 'Plus', '["Child seat","Unlimited kilometers"]', 'Approved', 'J2CDWDAH9', 25344.0, NULL, '2026-05-25 09:21:03.913695', '2026-05-25 09:21:03.913695', 5799.0, 'Paid', 'Accepted', NULL, '2026-05-25 09:21:03.774192', 'Admin') RETURNING "id" /*application='J2cRentals'*/[0m
  [1m[36mTRANSACTION (0.8ms)[0m  [1m[35mCOMMIT TRANSACTION /*application='J2cRentals'*/[0m
  [1m[36mTRANSACTION (0.2ms)[0m  [1m[35mBEGIN immediate TRANSACTION /*application='J2cRentals'*/[0m
  [1m[36mRentalDocument Create (11.3ms)[0m  [1m[32mINSERT INTO "rental_documents" ("reservation_id", "document_type", "file_name", "status", "notes", "created_at", "updated_at") VALUES (1, 'Driving license', 'nisha-license.pdf', 'Pending review', 'Front side received.', '2026-05-25 09:21:03.975470', '2026-05-25 09:21:03.975470') RETURNING "id" /*application='J2cRentals'*/[0m
  [1m[36mTRANSACTION (0.3ms)[0m  [1m[35mCOMMIT TRANSACTION /*application='J2cRentals'*/[0m
  [1m[36mTRANSACTION (0.2ms)[0m  [1m[35mBEGIN immediate TRANSACTION /*application='J2cRentals'*/[0m
  [1m[36mRentalDocument Create (6.3ms)[0m  [1m[32mINSERT INTO "rental_documents" ("reservation_id", "document_type", "file_name", "status", "notes", "created_at", "updated_at") VALUES (1, 'Aadhaar / ID proof', 'nisha-id.pdf', 'Accepted', 'Matches booking name.', '2026-05-25 09:21:04.011090', '2026-05-25 09:21:04.011090') RETURNING "id" /*application='J2cRentals'*/[0m
  [1m[36mTRANSACTION (0.5ms)[0m  [1m[35mCOMMIT TRANSACTION /*application='J2cRentals'*/[0m
  [1m[36mTRANSACTION (0.2ms)[0m  [1m[35mBEGIN immediate TRANSACTION /*application='J2cRentals'*/[0m
  [1m[36mRentalDocument Create (6.0ms)[0m  [1m[32mINSERT INTO "rental_documents" ("reservation_id", "document_type", "file_name", "status", "notes", "created_at", "updated_at") VALUES (2, 'Driving license', 'rahul-license.pdf', 'Accepted', 'Valid through next year.', '2026-05-25 09:21:04.031799', '2026-05-25 09:21:04.031799') RETURNING "id" /*application='J2cRentals'*/[0m
  [1m[36mTRANSACTION (1.6ms)[0m  [1m[35mCOMMIT TRANSACTION /*application='J2cRentals'*/[0m
  [1m[36mTRANSACTION (0.2ms)[0m  [1m[35mBEGIN immediate TRANSACTION /*application='J2cRentals'*/[0m
  [1m[36mRentalDocument Create (9.1ms)[0m  [1m[32mINSERT INTO "rental_documents" ("reservation_id", "document_type", "file_name", "status", "notes", "created_at", "updated_at") VALUES (2, 'Payment receipt', 'rahul-deposit.pdf', 'Accepted', 'Deposit captured.', '2026-05-25 09:21:04.052038', '2026-05-25 09:21:04.052038') RETURNING "id" /*application='J2cRentals'*/[0m
  [1m[36mTRANSACTION (0.4ms)[0m  [1m[35mCOMMIT TRANSACTION /*application='J2cRentals'*/[0m
  [1m[36mTRANSACTION (0.2ms)[0m  [1m[35mBEGIN immediate TRANSACTION /*application='J2cRentals'*/[0m
  [1m[36mLead Create (4.8ms)[0m  [1m[32mINSERT INTO "leads" ("name", "email", "phone", "trip_location", "preferred_vehicle", "source", "status", "priority", "follow_up_on", "budget", "notes", "created_at", "updated_at") VALUES ('Ananya Rao', 'ananya.rao@example.com', '+91 90000 11111', 'Goa Panaji', 'SUV convertible feel', 'Website', 'New', 'High', '2026-05-26', 6000.0, 'Wants a scenic weekend rental and airport pickup.', '2026-05-25 09:21:04.093199', '2026-05-25 09:21:04.093199') RETURNING "id" /*application='J2cRentals'*/[0m
  [1m[36mTRANSACTION (0.4ms)[0m  [1m[35mCOMMIT TRANSACTION /*application='J2cRentals'*/[0m
  [1m[36mTRANSACTION (0.2ms)[0m  [1m[35mBEGIN immediate TRANSACTION /*application='J2cRentals'*/[0m
  [1m[36mLead Create (5.3ms)[0m  [1m[32mINSERT INTO "leads" ("name", "email", "phone", "trip_location", "preferred_vehicle", "source", "status", "priority", "follow_up_on", "budget", "notes", "created_at", "updated_at") VALUES ('Vikram Sethi', 'vikram.sethi@example.com', '+91 90000 22222', 'Delhi Airport', 'Electric sedan', 'WhatsApp', 'Contacted', 'Medium', '2026-05-27', 7500.0, 'Asked about charging support and included kilometers.', '2026-05-25 09:21:04.111817', '2026-05-25 09:21:04.111817') RETURNING "id" /*application='J2cRentals'*/[0m
  [1m[36mTRANSACTION (0.7ms)[0m  [1m[35mCOMMIT TRANSACTION /*application='J2cRentals'*/[0m
  [1m[36mTRANSACTION (0.2ms)[0m  [1m[35mBEGIN immediate TRANSACTION /*application='J2cRentals'*/[0m
  [1m[36mLead Create (5.5ms)[0m  [1m[32mINSERT INTO "leads" ("name", "email", "phone", "trip_location", "preferred_vehicle", "source", "status", "priority", "follow_up_on", "budget", "notes", "created_at", "updated_at") VALUES ('Meera Iyer', 'meera.iyer@example.com', '+91 90000 33333', 'Bengaluru Indiranagar', '7-seater', 'Referral', 'Managed', 'Urgent', '2026-05-25', 6500.0, 'Converted to approved reservation.', '2026-05-25 09:21:04.128747', '2026-05-25 09:21:04.128747') RETURNING "id" /*application='J2cRentals'*/[0m
  [1m[36mTRANSACTION (0.7ms)[0m  [1m[35mCOMMIT TRANSACTION /*application='J2cRentals'*/[0m
  [1m[36mTRANSACTION (0.3ms)[0m  [1m[35mBEGIN immediate TRANSACTION /*application='J2cRentals'*/[0m
  [1m[36mLead Create (5.9ms)[0m  [1m[32mINSERT INTO "leads" ("name", "email", "phone", "trip_location", "preferred_vehicle", "source", "status", "priority", "follow_up_on", "budget", "notes", "created_at", "updated_at") VALUES ('Kabir Khan', NULL, '+91 90000 44444', 'Mumbai Airport', 'Luxury sedan', 'Campaign', 'Lost', 'Low', '2026-05-24', 3000.0, 'Budget mismatch.', '2026-05-25 09:21:04.145057', '2026-05-25 09:21:04.145057') RETURNING "id" /*application='J2cRentals'*/[0m
  [1m[36mTRANSACTION (0.4ms)[0m  [1m[35mCOMMIT TRANSACTION /*application='J2cRentals'*/[0m
Started GET "/admin" for 127.0.0.1 at 2026-05-25 14:51:12 +0530
  [1m[36mActiveRecord::SchemaMigration Load (0.3ms)[0m  [1m[34mSELECT "schema_migrations"."version" FROM "schema_migrations" ORDER BY "schema_migrations"."version" ASC /*application='J2cRentals'*/[0m
Processing by Admin::DashboardController#index as HTML
  [1m[36mVehicle Count (5.6ms)[0m  [1m[34mSELECT COUNT(*) FROM "vehicles" /*action='index',application='J2cRentals',controller='dashboard'*/[0m
  ↳ app/controllers/admin/dashboard_controller.rb:4:in 'Admin::DashboardController#index'
  [1m[36mReservation Count (0.5ms)[0m  [1m[34mSELECT COUNT(*) FROM "reservations" WHERE "reservations"."status" = 'Requested' /*action='index',application='J2cRentals',controller='dashboard'*/[0m
  ↳ app/controllers/admin/dashboard_controller.rb:5:in 'Admin::DashboardController#index'
  [1m[36mReservation Sum (0.7ms)[0m  [1m[34mSELECT SUM(deposit_amount) FROM "reservations" WHERE "reservations"."deposit_status" = 'Paid' /*action='index',application='J2cRentals',controller='dashboard'*/[0m
  ↳ app/controllers/admin/dashboard_controller.rb:6:in 'Admin::DashboardController#index'
  [1m[36mLead Count (0.3ms)[0m  [1m[34mSELECT COUNT(*) FROM "leads" WHERE "leads"."status" NOT IN ('Managed', 'Lost') /*action='index',application='J2cRentals',controller='dashboard'*/[0m
  ↳ app/controllers/admin/dashboard_controller.rb:7:in 'Admin::DashboardController#index'
  [1m[36mLead Count (0.3ms)[0m  [1m[34mSELECT COUNT(*) AS "count_all", "leads"."status" AS "leads_status" FROM "leads" GROUP BY "leads"."status" /*action='index',application='J2cRentals',controller='dashboard'*/[0m
  ↳ app/controllers/admin/dashboard_controller.rb:9:in 'Admin::DashboardController#index'
  Rendering layout layouts/admin.html.erb
  Rendering admin/dashboard/index.html.erb within layouts/admin
  [1m[36mReservation Load (0.6ms)[0m  [1m[34mSELECT "reservations".* FROM "reservations" ORDER BY "reservations"."created_at" DESC LIMIT 6 /*action='index',application='J2cRentals',controller='dashboard'*/[0m
  ↳ app/views/admin/dashboard/index.html.erb:23
  [1m[36mVehicle Load (0.7ms)[0m  [1m[34mSELECT "vehicles".* FROM "vehicles" WHERE "vehicles"."id" IN (12, 11) /*action='index',application='J2cRentals',controller='dashboard'*/[0m
  ↳ app/views/admin/dashboard/index.html.erb:23
  Rendered admin/dashboard/index.html.erb within layouts/admin (Duration: 116.4ms | GC: 0.0ms)
  Rendered layout layouts/admin.html.erb (Duration: 122.4ms | GC: 0.0ms)
Completed 200 OK in 255ms (Views: 130.6ms | ActiveRecord: 9.3ms (7 queries, 0 cached) | GC: 0.0ms)


  [1m[36mVehicle Count (9.6ms)[0m  [1m[34mSELECT COUNT(*) FROM "vehicles" /*application='J2cRentals'*/[0m
  [1m[36mReservation Count (0.3ms)[0m  [1m[34mSELECT COUNT(*) FROM "reservations" /*application='J2cRentals'*/[0m
  [1m[36mRentalDocument Count (0.5ms)[0m  [1m[34mSELECT COUNT(*) FROM "rental_documents" /*application='J2cRentals'*/[0m
  [1m[36mLead Count (0.4ms)[0m  [1m[34mSELECT COUNT(*) FROM "leads" /*application='J2cRentals'*/[0m
Started GET "/" for 127.0.0.1 at 2026-05-25 14:51:54 +0530
Processing by HomeController#index as HTML
  Rendering layout layouts/application.html.erb
  Rendering home/index.html.erb within layouts/application
  [1m[36mVehicle Load (0.3ms)[0m  [1m[34mSELECT "vehicles".* FROM "vehicles" WHERE "vehicles"."featured" = TRUE LIMIT 4 /*action='index',application='J2cRentals',controller='home'*/[0m
  ↳ app/views/home/index.html.erb:51
  Rendered collection of vehicles/_vehicle.html.erb [4 times] (Duration: 1.1ms | GC: 0.0ms)
  Rendered home/index.html.erb within layouts/application (Duration: 9.1ms | GC: 0.0ms)
  Rendered layout layouts/application.html.erb (Duration: 12.8ms | GC: 0.0ms)
Completed 200 OK in 21ms (Views: 16.8ms | ActiveRecord: 0.3ms (1 query, 0 cached) | GC: 0.0ms)


Started GET "/admin" for 127.0.0.1 at 2026-05-25 14:51:55 +0530
Processing by Admin::DashboardController#index as HTML
  [1m[36mVehicle Count (0.1ms)[0m  [1m[34mSELECT COUNT(*) FROM "vehicles" /*action='index',application='J2cRentals',controller='dashboard'*/[0m
  ↳ app/controllers/admin/dashboard_controller.rb:4:in 'Admin::DashboardController#index'
  [1m[36mReservation Count (0.2ms)[0m  [1m[34mSELECT COUNT(*) FROM "reservations" WHERE "reservations"."status" = 'Requested' /*action='index',application='J2cRentals',controller='dashboard'*/[0m
  ↳ app/controllers/admin/dashboard_controller.rb:5:in 'Admin::DashboardController#index'
  [1m[36mReservation Sum (0.2ms)[0m  [1m[34mSELECT SUM(deposit_amount) FROM "reservations" WHERE "reservations"."deposit_status" = 'Paid' /*action='index',application='J2cRentals',controller='dashboard'*/[0m
  ↳ app/controllers/admin/dashboard_controller.rb:6:in 'Admin::DashboardController#index'
  [1m[36mLead Count (0.2ms)[0m  [1m[34mSELECT COUNT(*) FROM "leads" WHERE "leads"."status" NOT IN ('Managed', 'Lost') /*action='index',application='J2cRentals',controller='dashboard'*/[0m
  ↳ app/controllers/admin/dashboard_controller.rb:7:in 'Admin::DashboardController#index'
  [1m[36mLead Count (0.5ms)[0m  [1m[34mSELECT COUNT(*) AS "count_all", "leads"."status" AS "leads_status" FROM "leads" GROUP BY "leads"."status" /*action='index',application='J2cRentals',controller='dashboard'*/[0m
  ↳ app/controllers/admin/dashboard_controller.rb:9:in 'Admin::DashboardController#index'
  Rendering layout layouts/admin.html.erb
  Rendering admin/dashboard/index.html.erb within layouts/admin
  [1m[36mReservation Load (0.3ms)[0m  [1m[34mSELECT "reservations".* FROM "reservations" ORDER BY "reservations"."created_at" DESC LIMIT 6 /*action='index',application='J2cRentals',controller='dashboard'*/[0m
  ↳ app/views/admin/dashboard/index.html.erb:23
  [1m[36mVehicle Load (0.2ms)[0m  [1m[34mSELECT "vehicles".* FROM "vehicles" WHERE "vehicles"."id" IN (12, 11) /*action='index',application='J2cRentals',controller='dashboard'*/[0m
  ↳ app/views/admin/dashboard/index.html.erb:23
  Rendered admin/dashboard/index.html.erb within layouts/admin (Duration: 5.3ms | GC: 0.0ms)
  Rendered layout layouts/admin.html.erb (Duration: 6.4ms | GC: 0.0ms)
Completed 200 OK in 21ms (Views: 6.7ms | ActiveRecord: 1.7ms (7 queries, 0 cached) | GC: 0.0ms)


Started GET "/admin/leads" for 127.0.0.1 at 2026-05-25 14:51:55 +0530
Processing by Admin::LeadsController#index as HTML
  Rendering layout layouts/admin.html.erb
  Rendering admin/leads/index.html.erb within layouts/admin
  Rendered admin/leads/_form.html.erb (Duration: 3.6ms | GC: 0.0ms)
  [1m[36mLead Load (0.3ms)[0m  [1m[34mSELECT "leads".* FROM "leads" ORDER BY CASE status WHEN 'New' THEN 1 WHEN 'Contacted' THEN 2 WHEN 'Qualified' THEN 3 WHEN 'Follow up' THEN 4 WHEN 'Managed' THEN 5 ELSE 6 END, "leads"."follow_up_on" ASC /*action='index',application='J2cRentals',controller='leads'*/[0m
  ↳ app/views/admin/leads/index.html.erb:18
  Rendered admin/leads/index.html.erb within layouts/admin (Duration: 14.8ms | GC: 0.0ms)
  Rendered layout layouts/admin.html.erb (Duration: 16.2ms | GC: 0.0ms)
Completed 200 OK in 41ms (Views: 17.0ms | ActiveRecord: 0.6ms (1 query, 0 cached) | GC: 0.2ms)


Started GET "/admin" for 127.0.0.1 at 2026-05-25 14:52:00 +0530
Processing by Admin::DashboardController#index as HTML
  [1m[36mVehicle Count (0.1ms)[0m  [1m[34mSELECT COUNT(*) FROM "vehicles" /*action='index',application='J2cRentals',controller='dashboard'*/[0m
  ↳ app/controllers/admin/dashboard_controller.rb:4:in 'Admin::DashboardController#index'
  [1m[36mReservation Count (0.1ms)[0m  [1m[34mSELECT COUNT(*) FROM "reservations" WHERE "reservations"."status" = 'Requested' /*action='index',application='J2cRentals',controller='dashboard'*/[0m
  ↳ app/controllers/admin/dashboard_controller.rb:5:in 'Admin::DashboardController#index'
  [1m[36mReservation Sum (0.1ms)[0m  [1m[34mSELECT SUM(deposit_amount) FROM "reservations" WHERE "reservations"."deposit_status" = 'Paid' /*action='index',application='J2cRentals',controller='dashboard'*/[0m
  ↳ app/controllers/admin/dashboard_controller.rb:6:in 'Admin::DashboardController#index'
  [1m[36mLead Count (0.2ms)[0m  [1m[34mSELECT COUNT(*) FROM "leads" WHERE "leads"."status" NOT IN ('Managed', 'Lost') /*action='index',application='J2cRentals',controller='dashboard'*/[0m
  ↳ app/controllers/admin/dashboard_controller.rb:7:in 'Admin::DashboardController#index'
  [1m[36mLead Count (0.1ms)[0m  [1m[34mSELECT COUNT(*) AS "count_all", "leads"."status" AS "leads_status" FROM "leads" GROUP BY "leads"."status" /*action='index',application='J2cRentals',controller='dashboard'*/[0m
  ↳ app/controllers/admin/dashboard_controller.rb:9:in 'Admin::DashboardController#index'
  Rendering layout layouts/admin.html.erb
  Rendering admin/dashboard/index.html.erb within layouts/admin
  [1m[36mReservation Load (0.3ms)[0m  [1m[34mSELECT "reservations".* FROM "reservations" ORDER BY "reservations"."created_at" DESC LIMIT 6 /*action='index',application='J2cRentals',controller='dashboard'*/[0m
  ↳ app/views/admin/dashboard/index.html.erb:23
  [1m[36mVehicle Load (0.5ms)[0m  [1m[34mSELECT "vehicles".* FROM "vehicles" WHERE "vehicles"."id" IN (12, 11) /*action='index',application='J2cRentals',controller='dashboard'*/[0m
  ↳ app/views/admin/dashboard/index.html.erb:23
  Rendered admin/dashboard/index.html.erb within layouts/admin (Duration: 5.4ms | GC: 0.0ms)
  Rendered layout layouts/admin.html.erb (Duration: 7.3ms | GC: 0.0ms)
Completed 200 OK in 16ms (Views: 7.6ms | ActiveRecord: 1.3ms (7 queries, 0 cached) | GC: 0.0ms)


Started GET "/admin/reservations" for 127.0.0.1 at 2026-05-25 14:52:13 +0530
Processing by Admin::ReservationsController#index as HTML
  Rendering layout layouts/admin.html.erb
  Rendering admin/reservations/index.html.erb within layouts/admin
  [1m[36mReservation Load (0.6ms)[0m  [1m[34mSELECT "reservations".* FROM "reservations" ORDER BY "reservations"."created_at" DESC /*action='index',application='J2cRentals',controller='reservations'*/[0m
  ↳ app/views/admin/reservations/index.html.erb:18
  [1m[36mVehicle Load (0.4ms)[0m  [1m[34mSELECT "vehicles".* FROM "vehicles" WHERE "vehicles"."id" IN (12, 11) /*action='index',application='J2cRentals',controller='reservations'*/[0m
  ↳ app/views/admin/reservations/index.html.erb:18
  Rendered admin/reservations/index.html.erb within layouts/admin (Duration: 16.2ms | GC: 0.0ms)
  Rendered layout layouts/admin.html.erb (Duration: 19.5ms | GC: 0.0ms)
Completed 200 OK in 42ms (Views: 28.6ms | ActiveRecord: 1.0ms (2 queries, 0 cached) | GC: 0.0ms)


Started GET "/admin/vehicles" for 127.0.0.1 at 2026-05-25 14:52:14 +0530
Processing by Admin::VehiclesController#index as HTML
  Rendering layout layouts/admin.html.erb
  Rendering admin/vehicles/index.html.erb within layouts/admin
  [1m[36mVehicle Load (0.6ms)[0m  [1m[34mSELECT "vehicles".* FROM "vehicles" ORDER BY "vehicles"."created_at" DESC /*action='index',application='J2cRentals',controller='vehicles'*/[0m
  ↳ app/views/admin/vehicles/index.html.erb:13
  Rendered admin/vehicles/index.html.erb within layouts/admin (Duration: 6.9ms | GC: 0.0ms)
  Rendered layout layouts/admin.html.erb (Duration: 9.3ms | GC: 0.0ms)
Completed 200 OK in 34ms (Views: 20.3ms | ActiveRecord: 0.5ms (1 query, 0 cached) | GC: 0.0ms)


Started GET "/admin" for 127.0.0.1 at 2026-05-25 14:52:16 +0530
Processing by Admin::DashboardController#index as HTML
  [1m[36mVehicle Count (0.4ms)[0m  [1m[34mSELECT COUNT(*) FROM "vehicles" /*action='index',application='J2cRentals',controller='dashboard'*/[0m
  ↳ app/controllers/admin/dashboard_controller.rb:4:in 'Admin::DashboardController#index'
  [1m[36mReservation Count (0.3ms)[0m  [1m[34mSELECT COUNT(*) FROM "reservations" WHERE "reservations"."status" = 'Requested' /*action='index',application='J2cRentals',controller='dashboard'*/[0m
  ↳ app/controllers/admin/dashboard_controller.rb:5:in 'Admin::DashboardController#index'
  [1m[36mReservation Sum (0.4ms)[0m  [1m[34mSELECT SUM(deposit_amount) FROM "reservations" WHERE "reservations"."deposit_status" = 'Paid' /*action='index',application='J2cRentals',controller='dashboard'*/[0m
  ↳ app/controllers/admin/dashboard_controller.rb:6:in 'Admin::DashboardController#index'
  [1m[36mLead Count (0.4ms)[0m  [1m[34mSELECT COUNT(*) FROM "leads" WHERE "leads"."status" NOT IN ('Managed', 'Lost') /*action='index',application='J2cRentals',controller='dashboard'*/[0m
  ↳ app/controllers/admin/dashboard_controller.rb:7:in 'Admin::DashboardController#index'
  [1m[36mLead Count (0.3ms)[0m  [1m[34mSELECT COUNT(*) AS "count_all", "leads"."status" AS "leads_status" FROM "leads" GROUP BY "leads"."status" /*action='index',application='J2cRentals',controller='dashboard'*/[0m
  ↳ app/controllers/admin/dashboard_controller.rb:9:in 'Admin::DashboardController#index'
  Rendering layout layouts/admin.html.erb
  Rendering admin/dashboard/index.html.erb within layouts/admin
  [1m[36mReservation Load (0.7ms)[0m  [1m[34mSELECT "reservations".* FROM "reservations" ORDER BY "reservations"."created_at" DESC LIMIT 6 /*action='index',application='J2cRentals',controller='dashboard'*/[0m
  ↳ app/views/admin/dashboard/index.html.erb:23
  [1m[36mVehicle Load (0.6ms)[0m  [1m[34mSELECT "vehicles".* FROM "vehicles" WHERE "vehicles"."id" IN (12, 11) /*action='index',application='J2cRentals',controller='dashboard'*/[0m
  ↳ app/views/admin/dashboard/index.html.erb:23
  Rendered admin/dashboard/index.html.erb within layouts/admin (Duration: 16.2ms | GC: 0.0ms)
  Rendered layout layouts/admin.html.erb (Duration: 20.2ms | GC: 0.0ms)
Completed 200 OK in 66ms (Views: 25.5ms | ActiveRecord: 3.1ms (7 queries, 0 cached) | GC: 0.0ms)


Started GET "/" for 127.0.0.1 at 2026-05-25 14:52:31 +0530
Processing by HomeController#index as HTML
  Rendering layout layouts/application.html.erb
  Rendering home/index.html.erb within layouts/application
  [1m[36mVehicle Load (0.2ms)[0m  [1m[34mSELECT "vehicles".* FROM "vehicles" WHERE "vehicles"."featured" = TRUE LIMIT 4 /*action='index',application='J2cRentals',controller='home'*/[0m
  ↳ app/views/home/index.html.erb:51
  Rendered collection of vehicles/_vehicle.html.erb [4 times] (Duration: 0.4ms | GC: 0.0ms)
  Rendered home/index.html.erb within layouts/application (Duration: 3.5ms | GC: 0.0ms)
  Rendered layout layouts/application.html.erb (Duration: 4.8ms | GC: 0.0ms)
Completed 200 OK in 8ms (Views: 5.5ms | ActiveRecord: 0.2ms (1 query, 0 cached) | GC: 0.0ms)


  [1m[36mActiveRecord::SchemaMigration Load (0.3ms)[0m  [1m[34mSELECT "schema_migrations"."version" FROM "schema_migrations" ORDER BY "schema_migrations"."version" ASC /*application='J2cRentals'*/[0m
  [1m[36mActiveRecord::InternalMetadata Load (0.1ms)[0m  [1m[34mSELECT * FROM "ar_internal_metadata" WHERE "ar_internal_metadata"."key" = 'environment' ORDER BY "ar_internal_metadata"."key" ASC LIMIT 1 /*application='J2cRentals'*/[0m
  [1m[36mActiveRecord::SchemaMigration Load (0.5ms)[0m  [1m[34mSELECT "schema_migrations"."version" FROM "schema_migrations" ORDER BY "schema_migrations"."version" ASC /*application='J2cRentals'*/[0m
  [1m[36mActiveRecord::InternalMetadata Load (0.1ms)[0m  [1m[34mSELECT * FROM "ar_internal_metadata" WHERE "ar_internal_metadata"."key" = 'environment' ORDER BY "ar_internal_metadata"."key" ASC LIMIT 1 /*application='J2cRentals'*/[0m
  [1m[36mActiveRecord::SchemaMigration Load (0.2ms)[0m  [1m[34mSELECT "schema_migrations"."version" FROM "schema_migrations" ORDER BY "schema_migrations"."version" ASC /*application='J2cRentals'*/[0m
  [1m[36mActiveRecord::InternalMetadata Load (0.1ms)[0m  [1m[34mSELECT * FROM "ar_internal_metadata" WHERE "ar_internal_metadata"."key" = 'environment' ORDER BY "ar_internal_metadata"."key" ASC LIMIT 1 /*application='J2cRentals'*/[0m
  [1m[35m (1.2ms)[0m  [1m[35mDROP TABLE IF EXISTS "leads" /*application='J2cRentals'*/[0m
  [1m[35m (1.9ms)[0m  [1m[35mCREATE TABLE "leads" ("id" integer PRIMARY KEY AUTOINCREMENT NOT NULL, "budget" decimal(10,2), "created_at" datetime(6) NOT NULL, "email" varchar, "follow_up_on" date, "name" varchar, "notes" text, "phone" varchar, "preferred_vehicle" varchar, "priority" varchar, "source" varchar, "status" varchar, "trip_location" varchar, "updated_at" datetime(6) NOT NULL) /*application='J2cRentals'*/[0m
  [1m[35m (0.4ms)[0m  [1m[35mCREATE INDEX "index_leads_on_follow_up_on" ON "leads" ("follow_up_on") /*application='J2cRentals'*/[0m
  [1m[35m (0.1ms)[0m  [1m[35mCREATE INDEX "index_leads_on_priority" ON "leads" ("priority") /*application='J2cRentals'*/[0m
  [1m[35m (0.1ms)[0m  [1m[35mCREATE INDEX "index_leads_on_status" ON "leads" ("status") /*application='J2cRentals'*/[0m
  [1m[35m (0.0ms)[0m  [1m[35mDROP TABLE IF EXISTS "rental_documents" /*application='J2cRentals'*/[0m
  [1m[35m (0.1ms)[0m  [1m[35mCREATE TABLE "rental_documents" ("id" integer PRIMARY KEY AUTOINCREMENT NOT NULL, "created_at" datetime(6) NOT NULL, "document_type" varchar, "file_name" varchar, "notes" text, "reservation_id" integer NOT NULL, "status" varchar, "updated_at" datetime(6) NOT NULL) /*application='J2cRentals'*/[0m
  [1m[35m (0.1ms)[0m  [1m[35mCREATE INDEX "index_rental_documents_on_document_type" ON "rental_documents" ("document_type") /*application='J2cRentals'*/[0m
  [1m[35m (0.1ms)[0m  [1m[35mCREATE INDEX "index_rental_documents_on_reservation_id" ON "rental_documents" ("reservation_id") /*application='J2cRentals'*/[0m
  [1m[35m (0.2ms)[0m  [1m[35mCREATE INDEX "index_rental_documents_on_status" ON "rental_documents" ("status") /*application='J2cRentals'*/[0m
  [1m[35m (0.0ms)[0m  [1m[35mDROP TABLE IF EXISTS "reservations" /*application='J2cRentals'*/[0m
  [1m[35m (0.2ms)[0m  [1m[35mCREATE TABLE "reservations" ("id" integer PRIMARY KEY AUTOINCREMENT NOT NULL, "admin_notes" text, "confirmation_code" varchar, "created_at" datetime(6) NOT NULL, "deposit_amount" decimal(10,2), "deposit_status" varchar DEFAULT 'Pending', "document_status" varchar DEFAULT 'Pending review', "driver_age" integer, "dropoff_date" date, "dropoff_location" varchar, "dropoff_time" varchar, "email" varchar, "extras" text, "first_name" varchar, "last_name" varchar, "notes" text, "phone" varchar, "pickup_date" date, "pickup_location" varchar, "pickup_time" varchar, "protection_plan" varchar, "reviewed_at" datetime(6), "reviewed_by" varchar, "status" varchar, "total_price" decimal(10,2), "updated_at" datetime(6) NOT NULL, "vehicle_id" integer NOT NULL) /*application='J2cRentals'*/[0m
  [1m[35m (0.1ms)[0m  [1m[35mCREATE UNIQUE INDEX "index_reservations_on_confirmation_code" ON "reservations" ("confirmation_code") /*application='J2cRentals'*/[0m
  [1m[35m (0.1ms)[0m  [1m[35mCREATE INDEX "index_reservations_on_deposit_status" ON "reservations" ("deposit_status") /*application='J2cRentals'*/[0m
  [1m[35m (0.1ms)[0m  [1m[35mCREATE INDEX "index_reservations_on_document_status" ON "reservations" ("document_status") /*application='J2cRentals'*/[0m
  [1m[35m (0.1ms)[0m  [1m[35mCREATE INDEX "index_reservations_on_status" ON "reservations" ("status") /*application='J2cRentals'*/[0m
  [1m[35m (0.1ms)[0m  [1m[35mCREATE INDEX "index_reservations_on_vehicle_id" ON "reservations" ("vehicle_id") /*application='J2cRentals'*/[0m
  [1m[35m (0.0ms)[0m  [1m[35mDROP TABLE IF EXISTS "vehicles" /*application='J2cRentals'*/[0m
  [1m[35m (0.2ms)[0m  [1m[35mCREATE TABLE "vehicles" ("id" integer PRIMARY KEY AUTOINCREMENT NOT NULL, "available" boolean DEFAULT TRUE, "category" varchar, "created_at" datetime(6) NOT NULL, "daily_rate" decimal(8,2), "description" text, "doors" integer, "drivetrain" varchar, "featured" boolean DEFAULT FALSE, "fuel" varchar, "hero_color" varchar, "image_url" varchar, "location" varchar, "luggage" integer, "make" varchar, "mileage" varchar, "model" varchar, "name" varchar, "rating" decimal(3,1), "seats" integer, "transmission" varchar, "updated_at" datetime(6) NOT NULL, "year" integer) /*application='J2cRentals'*/[0m
  [1m[35m (0.2ms)[0m  [1m[35mCREATE INDEX "index_vehicles_on_category" ON "vehicles" ("category") /*application='J2cRentals'*/[0m
  [1m[35m (0.1ms)[0m  [1m[35mCREATE INDEX "index_vehicles_on_daily_rate" ON "vehicles" ("daily_rate") /*application='J2cRentals'*/[0m
  [1m[35m (0.1ms)[0m  [1m[35mCREATE INDEX "index_vehicles_on_location" ON "vehicles" ("location") /*application='J2cRentals'*/[0m
  [1m[35m (0.0ms)[0m  [1m[35mPRAGMA foreign_keys /*application='J2cRentals'*/[0m
  [1m[35m (0.0ms)[0m  [1m[35mPRAGMA defer_foreign_keys /*application='J2cRentals'*/[0m
  [1m[35m (0.0ms)[0m  [1m[35mPRAGMA defer_foreign_keys = ON /*application='J2cRentals'*/[0m
  [1m[35m (0.0ms)[0m  [1m[35mPRAGMA foreign_keys = OFF /*application='J2cRentals'*/[0m
  [1m[36mTRANSACTION (0.0ms)[0m  [1m[35mBEGIN immediate TRANSACTION /*application='J2cRentals'*/[0m
  [1m[35m (0.1ms)[0m  [1m[35mCREATE TEMPORARY TABLE "arental_documents" ("id" integer PRIMARY KEY AUTOINCREMENT NOT NULL, "created_at" datetime(6) NOT NULL, "document_type" varchar, "file_name" varchar, "notes" text, "reservation_id" integer NOT NULL, "status" varchar, "updated_at" datetime(6) NOT NULL) /*application='J2cRentals'*/[0m
  [1m[35m (0.1ms)[0m  [1m[35mCREATE INDEX "tindex_arental_documents_on_status" ON "arental_documents" ("status") /*application='J2cRentals'*/[0m
  [1m[35m (0.1ms)[0m  [1m[35mCREATE INDEX "tindex_arental_documents_on_reservation_id" ON "arental_documents" ("reservation_id") /*application='J2cRentals'*/[0m
  [1m[35m (0.1ms)[0m  [1m[35mCREATE INDEX "tindex_arental_documents_on_document_type" ON "arental_documents" ("document_type") /*application='J2cRentals'*/[0m
  [1m[35mSQL (0.1ms)[0m  [1m[32mINSERT INTO "arental_documents" ("id","created_at","document_type","file_name","notes","reservation_id","status","updated_at")
                     SELECT "id","created_at","document_type","file_name","notes","reservation_id","status","updated_at" FROM "rental_documents" /*application='J2cRentals'*/[0m
  [1m[35m (0.2ms)[0m  [1m[35mDROP TABLE "rental_documents" /*application='J2cRentals'*/[0m
  [1m[35m (0.1ms)[0m  [1m[35mCREATE TABLE "rental_documents" ("id" integer PRIMARY KEY AUTOINCREMENT NOT NULL, "created_at" datetime(6) NOT NULL, "document_type" varchar, "file_name" varchar, "notes" text, "reservation_id" integer NOT NULL, "status" varchar, "updated_at" datetime(6) NOT NULL, CONSTRAINT "fk_rails_d393d0472e"
FOREIGN KEY ("reservation_id")
  REFERENCES "reservations" ("id")
) /*application='J2cRentals'*/[0m
  [1m[35m (0.1ms)[0m  [1m[35mCREATE INDEX "index_rental_documents_on_document_type" ON "rental_documents" ("document_type") /*application='J2cRentals'*/[0m
  [1m[35m (0.1ms)[0m  [1m[35mCREATE INDEX "index_rental_documents_on_reservation_id" ON "rental_documents" ("reservation_id") /*application='J2cRentals'*/[0m
  [1m[35m (0.1ms)[0m  [1m[35mCREATE INDEX "index_rental_documents_on_status" ON "rental_documents" ("status") /*application='J2cRentals'*/[0m
  [1m[35mSQL (0.0ms)[0m  [1m[32mINSERT INTO "rental_documents" ("id","created_at","document_type","file_name","notes","reservation_id","status","updated_at")
                     SELECT "id","created_at","document_type","file_name","notes","reservation_id","status","updated_at" FROM "arental_documents" /*application='J2cRentals'*/[0m
  [1m[35m (0.3ms)[0m  [1m[35mDROP TABLE "arental_documents" /*application='J2cRentals'*/[0m
  [1m[36mTRANSACTION (0.3ms)[0m  [1m[35mCOMMIT TRANSACTION /*application='J2cRentals'*/[0m
  [1m[35m (0.0ms)[0m  [1m[35mPRAGMA defer_foreign_keys = 0 /*application='J2cRentals'*/[0m
  [1m[35m (0.0ms)[0m  [1m[35mPRAGMA foreign_keys = 1 /*application='J2cRentals'*/[0m
  [1m[35m (0.0ms)[0m  [1m[35mPRAGMA foreign_keys /*application='J2cRentals'*/[0m
  [1m[35m (0.0ms)[0m  [1m[35mPRAGMA defer_foreign_keys /*application='J2cRentals'*/[0m
  [1m[35m (0.0ms)[0m  [1m[35mPRAGMA defer_foreign_keys = ON /*application='J2cRentals'*/[0m
  [1m[35m (0.0ms)[0m  [1m[35mPRAGMA foreign_keys = OFF /*application='J2cRentals'*/[0m
  [1m[36mTRANSACTION (0.0ms)[0m  [1m[35mBEGIN immediate TRANSACTION /*application='J2cRentals'*/[0m
  [1m[35m (0.3ms)[0m  [1m[35mCREATE TEMPORARY TABLE "areservations" ("id" integer PRIMARY KEY AUTOINCREMENT NOT NULL, "admin_notes" text, "confirmation_code" varchar, "created_at" datetime(6) NOT NULL, "deposit_amount" decimal(10,2), "deposit_status" varchar DEFAULT 'Pending', "document_status" varchar DEFAULT 'Pending review', "driver_age" integer, "dropoff_date" date, "dropoff_location" varchar, "dropoff_time" varchar, "email" varchar, "extras" text, "first_name" varchar, "last_name" varchar, "notes" text, "phone" varchar, "pickup_date" date, "pickup_location" varchar, "pickup_time" varchar, "protection_plan" varchar, "reviewed_at" datetime(6), "reviewed_by" varchar, "status" varchar, "total_price" decimal(10,2), "updated_at" datetime(6) NOT NULL, "vehicle_id" integer NOT NULL) /*application='J2cRentals'*/[0m
  [1m[35m (0.2ms)[0m  [1m[35mCREATE INDEX "tindex_areservations_on_vehicle_id" ON "areservations" ("vehicle_id") /*application='J2cRentals'*/[0m
  [1m[35m (0.3ms)[0m  [1m[35mCREATE INDEX "tindex_areservations_on_status" ON "areservations" ("status") /*application='J2cRentals'*/[0m
  [1m[35m (0.1ms)[0m  [1m[35mCREATE INDEX "tindex_areservations_on_document_status" ON "areservations" ("document_status") /*application='J2cRentals'*/[0m
  [1m[35m (0.1ms)[0m  [1m[35mCREATE INDEX "tindex_areservations_on_deposit_status" ON "areservations" ("deposit_status") /*application='J2cRentals'*/[0m
  [1m[35m (0.1ms)[0m  [1m[35mCREATE UNIQUE INDEX "tindex_areservations_on_confirmation_code" ON "areservations" ("confirmation_code") /*application='J2cRentals'*/[0m
  [1m[35mSQL (0.1ms)[0m  [1m[32mINSERT INTO "areservations" ("id","admin_notes","confirmation_code","created_at","deposit_amount","deposit_status","document_status","driver_age","dropoff_date","dropoff_location","dropoff_time","email","extras","first_name","last_name","notes","phone","pickup_date","pickup_location","pickup_time","protection_plan","reviewed_at","reviewed_by","status","total_price","updated_at","vehicle_id")
                     SELECT "id","admin_notes","confirmation_code","created_at","deposit_amount","deposit_status","document_status","driver_age","dropoff_date","dropoff_location","dropoff_time","email","extras","first_name","last_name","notes","phone","pickup_date","pickup_location","pickup_time","protection_plan","reviewed_at","reviewed_by","status","total_price","updated_at","vehicle_id" FROM "reservations" /*application='J2cRentals'*/[0m
  [1m[35m (0.6ms)[0m  [1m[35mDROP TABLE "reservations" /*application='J2cRentals'*/[0m
  [1m[35m (0.1ms)[0m  [1m[35mCREATE TABLE "reservations" ("id" integer PRIMARY KEY AUTOINCREMENT NOT NULL, "admin_notes" text, "confirmation_code" varchar, "created_at" datetime(6) NOT NULL, "deposit_amount" decimal(10,2), "deposit_status" varchar DEFAULT 'Pending', "document_status" varchar DEFAULT 'Pending review', "driver_age" integer, "dropoff_date" date, "dropoff_location" varchar, "dropoff_time" varchar, "email" varchar, "extras" text, "first_name" varchar, "last_name" varchar, "notes" text, "phone" varchar, "pickup_date" date, "pickup_location" varchar, "pickup_time" varchar, "protection_plan" varchar, "reviewed_at" datetime(6), "reviewed_by" varchar, "status" varchar, "total_price" decimal(10,2), "updated_at" datetime(6) NOT NULL, "vehicle_id" integer NOT NULL, CONSTRAINT "fk_rails_fadbcd7cf7"
FOREIGN KEY ("vehicle_id")
  REFERENCES "vehicles" ("id")
) /*application='J2cRentals'*/[0m
  [1m[35m (0.2ms)[0m  [1m[35mCREATE UNIQUE INDEX "index_reservations_on_confirmation_code" ON "reservations" ("confirmation_code") /*application='J2cRentals'*/[0m
  [1m[35m (0.1ms)[0m  [1m[35mCREATE INDEX "index_reservations_on_deposit_status" ON "reservations" ("deposit_status") /*application='J2cRentals'*/[0m
  [1m[35m (0.1ms)[0m  [1m[35mCREATE INDEX "index_reservations_on_document_status" ON "reservations" ("document_status") /*application='J2cRentals'*/[0m
  [1m[35m (0.1ms)[0m  [1m[35mCREATE INDEX "index_reservations_on_status" ON "reservations" ("status") /*application='J2cRentals'*/[0m
  [1m[35m (0.1ms)[0m  [1m[35mCREATE INDEX "index_reservations_on_vehicle_id" ON "reservations" ("vehicle_id") /*application='J2cRentals'*/[0m
  [1m[35mSQL (0.1ms)[0m  [1m[32mINSERT INTO "reservations" ("id","admin_notes","confirmation_code","created_at","deposit_amount","deposit_status","document_status","driver_age","dropoff_date","dropoff_location","dropoff_time","email","extras","first_name","last_name","notes","phone","pickup_date","pickup_location","pickup_time","protection_plan","reviewed_at","reviewed_by","status","total_price","updated_at","vehicle_id")
                     SELECT "id","admin_notes","confirmation_code","created_at","deposit_amount","deposit_status","document_status","driver_age","dropoff_date","dropoff_location","dropoff_time","email","extras","first_name","last_name","notes","phone","pickup_date","pickup_location","pickup_time","protection_plan","reviewed_at","reviewed_by","status","total_price","updated_at","vehicle_id" FROM "areservations" /*application='J2cRentals'*/[0m
  [1m[35m (0.2ms)[0m  [1m[35mDROP TABLE "areservations" /*application='J2cRentals'*/[0m
  [1m[36mTRANSACTION (0.1ms)[0m  [1m[35mCOMMIT TRANSACTION /*application='J2cRentals'*/[0m
  [1m[35m (0.0ms)[0m  [1m[35mPRAGMA defer_foreign_keys = 0 /*application='J2cRentals'*/[0m
  [1m[35m (0.0ms)[0m  [1m[35mPRAGMA foreign_keys = 1 /*application='J2cRentals'*/[0m
  [1m[35m (0.2ms)[0m  [1m[35mCREATE TABLE "schema_migrations" ("version" varchar NOT NULL PRIMARY KEY) /*application='J2cRentals'*/[0m
  [1m[36mActiveRecord::SchemaMigration Load (0.0ms)[0m  [1m[34mSELECT "schema_migrations"."version" FROM "schema_migrations" ORDER BY "schema_migrations"."version" ASC /*application='J2cRentals'*/[0m
  [1m[35m (0.1ms)[0m  [1m[32mINSERT INTO "schema_migrations" (version) VALUES (20260525091659) /*application='J2cRentals'*/[0m
  [1m[35m (0.1ms)[0m  [1m[32mINSERT INTO "schema_migrations" (version) VALUES
(20260525091649),
(20260525091648),
(20260525085448),
(20260525085447); /*application='J2cRentals'*/[0m
  [1m[35m (0.1ms)[0m  [1m[35mCREATE TABLE "ar_internal_metadata" ("key" varchar NOT NULL PRIMARY KEY, "value" varchar, "created_at" datetime(6) NOT NULL, "updated_at" datetime(6) NOT NULL) /*application='J2cRentals'*/[0m
  [1m[36mActiveRecord::InternalMetadata Load (0.1ms)[0m  [1m[34mSELECT * FROM "ar_internal_metadata" WHERE "ar_internal_metadata"."key" = 'environment' ORDER BY "ar_internal_metadata"."key" ASC LIMIT 1 /*application='J2cRentals'*/[0m
  [1m[36mActiveRecord::InternalMetadata Create (0.1ms)[0m  [1m[32mINSERT INTO "ar_internal_metadata" ("key", "value", "created_at", "updated_at") VALUES ('environment', 'development', '2026-05-25 09:22:47.717256', '2026-05-25 09:22:47.717259') RETURNING "key" /*application='J2cRentals'*/[0m
  [1m[36mActiveRecord::InternalMetadata Load (0.1ms)[0m  [1m[34mSELECT * FROM "ar_internal_metadata" WHERE "ar_internal_metadata"."key" = 'environment' ORDER BY "ar_internal_metadata"."key" ASC LIMIT 1 /*application='J2cRentals'*/[0m
  [1m[36mActiveRecord::InternalMetadata Update (0.3ms)[0m  [1m[33mUPDATE "ar_internal_metadata" SET "value" = 'test', "updated_at" = '2026-05-25 09:22:47.786462' WHERE "ar_internal_metadata"."key" = 'environment' /*application='J2cRentals'*/[0m
  [1m[36mActiveRecord::InternalMetadata Load (0.2ms)[0m  [1m[34mSELECT * FROM "ar_internal_metadata" WHERE "ar_internal_metadata"."key" = 'schema_sha1' ORDER BY "ar_internal_metadata"."key" ASC LIMIT 1 /*application='J2cRentals'*/[0m
  [1m[36mActiveRecord::InternalMetadata Create (0.2ms)[0m  [1m[32mINSERT INTO "ar_internal_metadata" ("key", "value", "created_at", "updated_at") VALUES ('schema_sha1', '4b3996bc7e0d205c804bfe0780f91d42e8ac9de8', '2026-05-25 09:22:47.791380', '2026-05-25 09:22:47.791383') RETURNING "key" /*application='J2cRentals'*/[0m
Started GET "/" for 127.0.0.1 at 2026-05-25 14:54:58 +0530
  
ActiveRecord::DuplicateMigrationVersionError (

Multiple migrations have the version number 20260525092432.

):
  
activerecord (8.1.3) lib/active_record/migration.rb:1572:in 'ActiveRecord::Migrator#validate'
activerecord (8.1.3) lib/active_record/migration.rb:1438:in 'ActiveRecord::Migrator#initialize'
activerecord (8.1.3) lib/active_record/migration.rb:1288:in 'Class#new'
activerecord (8.1.3) lib/active_record/migration.rb:1288:in 'ActiveRecord::MigrationContext#open'
activerecord (8.1.3) lib/active_record/migration.rb:763:in 'block (2 levels) in ActiveRecord::Migration.pending_migrations'
activerecord (8.1.3) lib/active_record/migration/pending_migration_connection.rb:8:in 'ActiveRecord::PendingMigrationConnection.with_temporary_pool'
activerecord (8.1.3) lib/active_record/migration.rb:762:in 'block in ActiveRecord::Migration.pending_migrations'
activerecord (8.1.3) lib/active_record/migration.rb:761:in 'Array#each'
activerecord (8.1.3) lib/active_record/migration.rb:761:in 'ActiveRecord::Migration.pending_migrations'
activerecord (8.1.3) lib/active_record/migration.rb:740:in 'ActiveRecord::Migration.check_pending_migrations'
activerecord (8.1.3) lib/active_record/migration.rb:660:in 'block (2 levels) in ActiveRecord::Migration::CheckPending#call'
activesupport (8.1.3) lib/active_support/file_update_checker.rb:88:in 'ActiveSupport::FileUpdateChecker#execute'
activesupport (8.1.3) lib/active_support/file_update_checker.rb:98:in 'ActiveSupport::FileUpdateChecker#execute_if_updated'
activerecord (8.1.3) lib/active_record/migration.rb:667:in 'block in ActiveRecord::Migration::CheckPending#call'
activerecord (8.1.3) lib/active_record/migration.rb:657:in 'Thread::Mutex#synchronize'
activerecord (8.1.3) lib/active_record/migration.rb:657:in 'ActiveRecord::Migration::CheckPending#call'
actionpack (8.1.3) lib/action_dispatch/middleware/callbacks.rb:31:in 'block in ActionDispatch::Callbacks#call'
activesupport (8.1.3) lib/active_support/callbacks.rb:101:in 'ActiveSupport::Callbacks#run_callbacks'
actionpack (8.1.3) lib/action_dispatch/middleware/callbacks.rb:30:in 'ActionDispatch::Callbacks#call'
actionpack (8.1.3) lib/action_dispatch/middleware/executor.rb:20:in 'ActionDispatch::Executor#call'
actionpack (8.1.3) lib/action_dispatch/middleware/actionable_exceptions.rb:18:in 'ActionDispatch::ActionableExceptions#call'
actionpack (8.1.3) lib/action_dispatch/middleware/debug_exceptions.rb:31:in 'ActionDispatch::DebugExceptions#call'
actionpack (8.1.3) lib/action_dispatch/middleware/show_exceptions.rb:32:in 'ActionDispatch::ShowExceptions#call'
railties (8.1.3) lib/rails/rack/logger.rb:41:in 'Rails::Rack::Logger#call_app'
railties (8.1.3) lib/rails/rack/logger.rb:29:in 'Rails::Rack::Logger#call'
propshaft (1.3.2) lib/propshaft/quiet_assets.rb:11:in 'Propshaft::QuietAssets#call'
actionpack (8.1.3) lib/action_dispatch/middleware/remote_ip.rb:98:in 'ActionDispatch::RemoteIp#call'
actionpack (8.1.3) lib/action_dispatch/middleware/request_id.rb:34:in 'ActionDispatch::RequestId#call'
rack (3.2.6) lib/rack/method_override.rb:28:in 'Rack::MethodOverride#call'
rack (3.2.6) lib/rack/runtime.rb:24:in 'Rack::Runtime#call'
activesupport (8.1.3) lib/active_support/cache/strategy/local_cache_middleware.rb:30:in 'ActiveSupport::Cache::Strategy::LocalCache::Middleware#call'
actionpack (8.1.3) lib/action_dispatch/middleware/server_timing.rb:61:in 'block in ActionDispatch::ServerTiming#call'
actionpack (8.1.3) lib/action_dispatch/middleware/server_timing.rb:26:in 'ActionDispatch::ServerTiming::Subscriber#collect_events'
actionpack (8.1.3) lib/action_dispatch/middleware/server_timing.rb:60:in 'ActionDispatch::ServerTiming#call'
actionpack (8.1.3) lib/action_dispatch/middleware/executor.rb:20:in 'ActionDispatch::Executor#call'
propshaft (1.3.2) lib/propshaft/server.rb:37:in 'Propshaft::Server#call'
actionpack (8.1.3) lib/action_dispatch/middleware/static.rb:27:in 'ActionDispatch::Static#call'
rack (3.2.6) lib/rack/sendfile.rb:131:in 'Rack::Sendfile#call'
actionpack (8.1.3) lib/action_dispatch/middleware/host_authorization.rb:143:in 'ActionDispatch::HostAuthorization#call'
railties (8.1.3) lib/rails/engine.rb:534:in 'Rails::Engine#call'
puma (8.0.1) lib/puma/configuration.rb:305:in 'Puma::Configuration::ConfigMiddleware#call'
puma (8.0.1) lib/puma/response.rb:79:in 'block in Puma::Response#handle_request'
puma (8.0.1) lib/puma/thread_pool.rb:434:in 'Puma::ThreadPool#with_force_shutdown'
puma (8.0.1) lib/puma/response.rb:78:in 'Puma::Response#handle_request'
puma (8.0.1) lib/puma/server.rb:508:in 'Puma::Server#process_client'
puma (8.0.1) lib/puma/server.rb:263:in 'block in Puma::Server#run'
puma (8.0.1) lib/puma/thread_pool.rb:246:in 'block in Puma::ThreadPool#spawn_thread'
Started GET "/favicon.ico" for 127.0.0.1 at 2026-05-25 14:54:59 +0530
  
ActiveRecord::DuplicateMigrationVersionError (

Multiple migrations have the version number 20260525092432.

):
  
activerecord (8.1.3) lib/active_record/migration.rb:1572:in 'ActiveRecord::Migrator#validate'
activerecord (8.1.3) lib/active_record/migration.rb:1438:in 'ActiveRecord::Migrator#initialize'
activerecord (8.1.3) lib/active_record/migration.rb:1288:in 'Class#new'
activerecord (8.1.3) lib/active_record/migration.rb:1288:in 'ActiveRecord::MigrationContext#open'
activerecord (8.1.3) lib/active_record/migration.rb:763:in 'block (2 levels) in ActiveRecord::Migration.pending_migrations'
activerecord (8.1.3) lib/active_record/migration/pending_migration_connection.rb:8:in 'ActiveRecord::PendingMigrationConnection.with_temporary_pool'
activerecord (8.1.3) lib/active_record/migration.rb:762:in 'block in ActiveRecord::Migration.pending_migrations'
activerecord (8.1.3) lib/active_record/migration.rb:761:in 'Array#each'
activerecord (8.1.3) lib/active_record/migration.rb:761:in 'ActiveRecord::Migration.pending_migrations'
activerecord (8.1.3) lib/active_record/migration.rb:740:in 'ActiveRecord::Migration.check_pending_migrations'
activerecord (8.1.3) lib/active_record/migration.rb:660:in 'block (2 levels) in ActiveRecord::Migration::CheckPending#call'
activesupport (8.1.3) lib/active_support/file_update_checker.rb:88:in 'ActiveSupport::FileUpdateChecker#execute'
activerecord (8.1.3) lib/active_record/migration.rb:665:in 'block in ActiveRecord::Migration::CheckPending#call'
activerecord (8.1.3) lib/active_record/migration.rb:657:in 'Thread::Mutex#synchronize'
activerecord (8.1.3) lib/active_record/migration.rb:657:in 'ActiveRecord::Migration::CheckPending#call'
actionpack (8.1.3) lib/action_dispatch/middleware/callbacks.rb:31:in 'block in ActionDispatch::Callbacks#call'
activesupport (8.1.3) lib/active_support/callbacks.rb:101:in 'ActiveSupport::Callbacks#run_callbacks'
actionpack (8.1.3) lib/action_dispatch/middleware/callbacks.rb:30:in 'ActionDispatch::Callbacks#call'
actionpack (8.1.3) lib/action_dispatch/middleware/executor.rb:20:in 'ActionDispatch::Executor#call'
actionpack (8.1.3) lib/action_dispatch/middleware/actionable_exceptions.rb:18:in 'ActionDispatch::ActionableExceptions#call'
actionpack (8.1.3) lib/action_dispatch/middleware/debug_exceptions.rb:31:in 'ActionDispatch::DebugExceptions#call'
actionpack (8.1.3) lib/action_dispatch/middleware/show_exceptions.rb:32:in 'ActionDispatch::ShowExceptions#call'
railties (8.1.3) lib/rails/rack/logger.rb:41:in 'Rails::Rack::Logger#call_app'
railties (8.1.3) lib/rails/rack/logger.rb:29:in 'Rails::Rack::Logger#call'
propshaft (1.3.2) lib/propshaft/quiet_assets.rb:11:in 'Propshaft::QuietAssets#call'
actionpack (8.1.3) lib/action_dispatch/middleware/remote_ip.rb:98:in 'ActionDispatch::RemoteIp#call'
actionpack (8.1.3) lib/action_dispatch/middleware/request_id.rb:34:in 'ActionDispatch::RequestId#call'
rack (3.2.6) lib/rack/method_override.rb:28:in 'Rack::MethodOverride#call'
rack (3.2.6) lib/rack/runtime.rb:24:in 'Rack::Runtime#call'
activesupport (8.1.3) lib/active_support/cache/strategy/local_cache_middleware.rb:30:in 'ActiveSupport::Cache::Strategy::LocalCache::Middleware#call'
actionpack (8.1.3) lib/action_dispatch/middleware/server_timing.rb:61:in 'block in ActionDispatch::ServerTiming#call'
actionpack (8.1.3) lib/action_dispatch/middleware/server_timing.rb:26:in 'ActionDispatch::ServerTiming::Subscriber#collect_events'
actionpack (8.1.3) lib/action_dispatch/middleware/server_timing.rb:60:in 'ActionDispatch::ServerTiming#call'
actionpack (8.1.3) lib/action_dispatch/middleware/executor.rb:20:in 'ActionDispatch::Executor#call'
propshaft (1.3.2) lib/propshaft/server.rb:37:in 'Propshaft::Server#call'
actionpack (8.1.3) lib/action_dispatch/middleware/static.rb:27:in 'ActionDispatch::Static#call'
rack (3.2.6) lib/rack/sendfile.rb:131:in 'Rack::Sendfile#call'
actionpack (8.1.3) lib/action_dispatch/middleware/host_authorization.rb:143:in 'ActionDispatch::HostAuthorization#call'
railties (8.1.3) lib/rails/engine.rb:534:in 'Rails::Engine#call'
puma (8.0.1) lib/puma/configuration.rb:305:in 'Puma::Configuration::ConfigMiddleware#call'
puma (8.0.1) lib/puma/response.rb:79:in 'block in Puma::Response#handle_request'
puma (8.0.1) lib/puma/thread_pool.rb:434:in 'Puma::ThreadPool#with_force_shutdown'
puma (8.0.1) lib/puma/response.rb:78:in 'Puma::Response#handle_request'
puma (8.0.1) lib/puma/server.rb:508:in 'Puma::Server#process_client'
puma (8.0.1) lib/puma/server.rb:263:in 'block in Puma::Server#run'
puma (8.0.1) lib/puma/thread_pool.rb:246:in 'block in Puma::ThreadPool#spawn_thread'
  [1m[36mActiveRecord::InternalMetadata Load (0.2ms)[0m  [1m[34mSELECT * FROM "ar_internal_metadata" WHERE "ar_internal_metadata"."key" = 'environment' ORDER BY "ar_internal_metadata"."key" ASC LIMIT 1 /*application='J2cRentals'*/[0m
  [1m[36mActiveRecord::SchemaMigration Load (0.1ms)[0m  [1m[34mSELECT "schema_migrations"."version" FROM "schema_migrations" ORDER BY "schema_migrations"."version" ASC /*application='J2cRentals'*/[0m
Migrating to CreateCoupons (20260525092419)
  [1m[36mTRANSACTION (0.1ms)[0m  [1m[35mBEGIN immediate TRANSACTION /*application='J2cRentals'*/[0m
  [1m[35m (1.9ms)[0m  [1m[35mCREATE TABLE "coupons" ("id" integer PRIMARY KEY AUTOINCREMENT NOT NULL, "code" varchar, "description" text, "discount_type" varchar, "value" decimal(8,2), "starts_on" date, "ends_on" date, "active" boolean DEFAULT TRUE, "usage_limit" integer DEFAULT 0, "used_count" integer DEFAULT 0, "created_at" datetime(6) NOT NULL, "updated_at" datetime(6) NOT NULL) /*application='J2cRentals'*/[0m
  [1m[35m (0.1ms)[0m  [1m[35mCREATE UNIQUE INDEX "index_coupons_on_code" ON "coupons" ("code") /*application='J2cRentals'*/[0m
  [1m[35m (0.1ms)[0m  [1m[35mCREATE INDEX "index_coupons_on_active" ON "coupons" ("active") /*application='J2cRentals'*/[0m
  [1m[36mActiveRecord::SchemaMigration Create (0.1ms)[0m  [1m[32mINSERT INTO "schema_migrations" ("version") VALUES ('20260525092419') RETURNING "version" /*application='J2cRentals'*/[0m
  [1m[36mTRANSACTION (2.2ms)[0m  [1m[35mCOMMIT TRANSACTION /*application='J2cRentals'*/[0m
Migrating to CreateUsers (20260525092420)
  [1m[36mTRANSACTION (0.0ms)[0m  [1m[35mBEGIN immediate TRANSACTION /*application='J2cRentals'*/[0m
  [1m[35m (1.3ms)[0m  [1m[35mCREATE TABLE "users" ("id" integer PRIMARY KEY AUTOINCREMENT NOT NULL, "name" varchar, "email" varchar, "phone" varchar, "role" varchar DEFAULT 'customer' NOT NULL, "password_digest" varchar, "active" boolean DEFAULT TRUE NOT NULL, "last_login_at" datetime(6), "created_at" datetime(6) NOT NULL, "updated_at" datetime(6) NOT NULL) /*application='J2cRentals'*/[0m
  [1m[35m (0.1ms)[0m  [1m[35mCREATE UNIQUE INDEX "index_users_on_email" ON "users" ("email") /*application='J2cRentals'*/[0m
  [1m[35m (0.1ms)[0m  [1m[35mCREATE INDEX "index_users_on_role" ON "users" ("role") /*application='J2cRentals'*/[0m
  [1m[36mActiveRecord::SchemaMigration Create (0.2ms)[0m  [1m[32mINSERT INTO "schema_migrations" ("version") VALUES ('20260525092420') RETURNING "version" /*application='J2cRentals'*/[0m
  [1m[36mTRANSACTION (0.2ms)[0m  [1m[35mCOMMIT TRANSACTION /*application='J2cRentals'*/[0m
Migrating to CreateMaintenanceLogs (20260525092421)
  [1m[36mTRANSACTION (0.1ms)[0m  [1m[35mBEGIN immediate TRANSACTION /*application='J2cRentals'*/[0m
  [1m[35m (2.0ms)[0m  [1m[35mCREATE TABLE "maintenance_logs" ("id" integer PRIMARY KEY AUTOINCREMENT NOT NULL, "vehicle_id" integer NOT NULL, "status" varchar, "service_type" varchar, "scheduled_on" date, "completed_on" date, "cost" decimal(10,2), "odometer" integer, "notes" text, "created_at" datetime(6) NOT NULL, "updated_at" datetime(6) NOT NULL, CONSTRAINT "fk_rails_3b1f0eb355"
FOREIGN KEY ("vehicle_id")
  REFERENCES "vehicles" ("id")
) /*application='J2cRentals'*/[0m
  [1m[35m (0.1ms)[0m  [1m[35mCREATE INDEX "index_maintenance_logs_on_vehicle_id" ON "maintenance_logs" ("vehicle_id") /*application='J2cRentals'*/[0m
  [1m[35m (0.1ms)[0m  [1m[35mCREATE INDEX "index_maintenance_logs_on_status" ON "maintenance_logs" ("status") /*application='J2cRentals'*/[0m
  [1m[35m (0.1ms)[0m  [1m[35mCREATE INDEX "index_maintenance_logs_on_scheduled_on" ON "maintenance_logs" ("scheduled_on") /*application='J2cRentals'*/[0m
  [1m[36mActiveRecord::SchemaMigration Create (0.1ms)[0m  [1m[32mINSERT INTO "schema_migrations" ("version") VALUES ('20260525092421') RETURNING "version" /*application='J2cRentals'*/[0m
  [1m[36mTRANSACTION (0.1ms)[0m  [1m[35mCOMMIT TRANSACTION /*application='J2cRentals'*/[0m
Migrating to CreatePayments (20260525092422)
  [1m[36mTRANSACTION (0.1ms)[0m  [1m[35mBEGIN immediate TRANSACTION /*application='J2cRentals'*/[0m
  [1m[35m (1.4ms)[0m  [1m[35mCREATE TABLE "payments" ("id" integer PRIMARY KEY AUTOINCREMENT NOT NULL, "reservation_id" integer NOT NULL, "user_id" integer NOT NULL, "amount" decimal(10,2), "status" varchar DEFAULT 'Pending', "provider" varchar, "transaction_id" varchar, "paid_at" datetime(6), "metadata" text, "created_at" datetime(6) NOT NULL, "updated_at" datetime(6) NOT NULL, CONSTRAINT "fk_rails_1aad13b52c"
FOREIGN KEY ("reservation_id")
  REFERENCES "reservations" ("id")
, CONSTRAINT "fk_rails_081dc04a02"
FOREIGN KEY ("user_id")
  REFERENCES "users" ("id")
) /*application='J2cRentals'*/[0m
  [1m[35m (0.1ms)[0m  [1m[35mCREATE INDEX "index_payments_on_reservation_id" ON "payments" ("reservation_id") /*application='J2cRentals'*/[0m
  [1m[35m (0.1ms)[0m  [1m[35mCREATE INDEX "index_payments_on_user_id" ON "payments" ("user_id") /*application='J2cRentals'*/[0m
  [1m[35m (0.1ms)[0m  [1m[35mCREATE INDEX "index_payments_on_status" ON "payments" ("status") /*application='J2cRentals'*/[0m
  [1m[35m (0.1ms)[0m  [1m[35mCREATE UNIQUE INDEX "index_payments_on_transaction_id" ON "payments" ("transaction_id") /*application='J2cRentals'*/[0m
  [1m[36mActiveRecord::SchemaMigration Create (0.1ms)[0m  [1m[32mINSERT INTO "schema_migrations" ("version") VALUES ('20260525092422') RETURNING "version" /*application='J2cRentals'*/[0m
  [1m[36mTRANSACTION (0.2ms)[0m  [1m[35mCOMMIT TRANSACTION /*application='J2cRentals'*/[0m
Migrating to CreateAdminActions (20260525092432)
  [1m[36mTRANSACTION (0.0ms)[0m  [1m[35mBEGIN immediate TRANSACTION /*application='J2cRentals'*/[0m
  [1m[35m (1.2ms)[0m  [1m[35mCREATE TABLE "admin_actions" ("id" integer PRIMARY KEY AUTOINCREMENT NOT NULL, "user_id" integer NOT NULL, "action" varchar, "resource_type" varchar, "resource_id" integer, "ip_address" varchar, "metadata" text, "created_at" datetime(6) NOT NULL, "updated_at" datetime(6) NOT NULL, CONSTRAINT "fk_rails_dab1c25d0d"
FOREIGN KEY ("user_id")
  REFERENCES "users" ("id")
) /*application='J2cRentals'*/[0m
  [1m[35m (0.1ms)[0m  [1m[35mCREATE INDEX "index_admin_actions_on_user_id" ON "admin_actions" ("user_id") /*application='J2cRentals'*/[0m
  [1m[35m (0.1ms)[0m  [1m[35mCREATE INDEX "index_admin_actions_on_resource_type_and_resource_id" ON "admin_actions" ("resource_type", "resource_id") /*application='J2cRentals'*/[0m
  [1m[35m (0.1ms)[0m  [1m[35mCREATE INDEX "index_admin_actions_on_action" ON "admin_actions" ("action") /*application='J2cRentals'*/[0m
  [1m[36mActiveRecord::SchemaMigration Create (0.1ms)[0m  [1m[32mINSERT INTO "schema_migrations" ("version") VALUES ('20260525092432') RETURNING "version" /*application='J2cRentals'*/[0m
  [1m[36mTRANSACTION (0.1ms)[0m  [1m[35mCOMMIT TRANSACTION /*application='J2cRentals'*/[0m
Migrating to CreateNotifications (20260525092433)
  [1m[36mTRANSACTION (0.0ms)[0m  [1m[35mBEGIN immediate TRANSACTION /*application='J2cRentals'*/[0m
  [1m[35m (1.1ms)[0m  [1m[35mCREATE TABLE "notifications" ("id" integer PRIMARY KEY AUTOINCREMENT NOT NULL, "user_id" integer NOT NULL, "title" varchar, "body" text, "kind" varchar, "read_at" datetime(6), "created_at" datetime(6) NOT NULL, "updated_at" datetime(6) NOT NULL, CONSTRAINT "fk_rails_b080fb4855"
FOREIGN KEY ("user_id")
  REFERENCES "users" ("id")
) /*application='J2cRentals'*/[0m
  [1m[35m (0.1ms)[0m  [1m[35mCREATE INDEX "index_notifications_on_user_id" ON "notifications" ("user_id") /*application='J2cRentals'*/[0m
  [1m[35m (0.1ms)[0m  [1m[35mCREATE INDEX "index_notifications_on_kind" ON "notifications" ("kind") /*application='J2cRentals'*/[0m
  [1m[35m (0.1ms)[0m  [1m[35mCREATE INDEX "index_notifications_on_read_at" ON "notifications" ("read_at") /*application='J2cRentals'*/[0m
  [1m[36mActiveRecord::SchemaMigration Create (0.1ms)[0m  [1m[32mINSERT INTO "schema_migrations" ("version") VALUES ('20260525092433') RETURNING "version" /*application='J2cRentals'*/[0m
  [1m[36mTRANSACTION (0.1ms)[0m  [1m[35mCOMMIT TRANSACTION /*application='J2cRentals'*/[0m
Migrating to CreateSupportTickets (20260525092434)
  [1m[36mTRANSACTION (0.0ms)[0m  [1m[35mBEGIN immediate TRANSACTION /*application='J2cRentals'*/[0m
  [1m[35m (1.1ms)[0m  [1m[35mCREATE TABLE "support_tickets" ("id" integer PRIMARY KEY AUTOINCREMENT NOT NULL, "user_id" integer NOT NULL, "reservation_id" integer, "subject" varchar, "status" varchar DEFAULT 'Open', "priority" varchar DEFAULT 'Medium', "category" varchar, "message" text, "assigned_to" varchar, "resolved_at" datetime(6), "created_at" datetime(6) NOT NULL, "updated_at" datetime(6) NOT NULL, CONSTRAINT "fk_rails_d445c1f8e8"
FOREIGN KEY ("user_id")
  REFERENCES "users" ("id")
, CONSTRAINT "fk_rails_2865a40ba3"
FOREIGN KEY ("reservation_id")
  REFERENCES "reservations" ("id")
) /*application='J2cRentals'*/[0m
  [1m[35m (0.1ms)[0m  [1m[35mCREATE INDEX "index_support_tickets_on_user_id" ON "support_tickets" ("user_id") /*application='J2cRentals'*/[0m
  [1m[35m (0.1ms)[0m  [1m[35mCREATE INDEX "index_support_tickets_on_reservation_id" ON "support_tickets" ("reservation_id") /*application='J2cRentals'*/[0m
  [1m[35m (0.1ms)[0m  [1m[35mCREATE INDEX "index_support_tickets_on_status" ON "support_tickets" ("status") /*application='J2cRentals'*/[0m
  [1m[35m (0.1ms)[0m  [1m[35mCREATE INDEX "index_support_tickets_on_priority" ON "support_tickets" ("priority") /*application='J2cRentals'*/[0m
  [1m[36mActiveRecord::SchemaMigration Create (0.1ms)[0m  [1m[32mINSERT INTO "schema_migrations" ("version") VALUES ('20260525092434') RETURNING "version" /*application='J2cRentals'*/[0m
  [1m[36mTRANSACTION (0.2ms)[0m  [1m[35mCOMMIT TRANSACTION /*application='J2cRentals'*/[0m
Migrating to CreateReviews (20260525092435)
  [1m[36mTRANSACTION (0.0ms)[0m  [1m[35mBEGIN immediate TRANSACTION /*application='J2cRentals'*/[0m
  [1m[35m (1.1ms)[0m  [1m[35mCREATE TABLE "reviews" ("id" integer PRIMARY KEY AUTOINCREMENT NOT NULL, "user_id" integer NOT NULL, "vehicle_id" integer NOT NULL, "reservation_id" integer, "rating" integer, "title" varchar, "body" text, "approved" boolean DEFAULT FALSE, "created_at" datetime(6) NOT NULL, "updated_at" datetime(6) NOT NULL, CONSTRAINT "fk_rails_74a66bd6c5"
FOREIGN KEY ("user_id")
  REFERENCES "users" ("id")
, CONSTRAINT "fk_rails_62e13c78fd"
FOREIGN KEY ("vehicle_id")
  REFERENCES "vehicles" ("id")
, CONSTRAINT "fk_rails_628a43e51f"
FOREIGN KEY ("reservation_id")
  REFERENCES "reservations" ("id")
) /*application='J2cRentals'*/[0m
  [1m[35m (0.1ms)[0m  [1m[35mCREATE INDEX "index_reviews_on_user_id" ON "reviews" ("user_id") /*application='J2cRentals'*/[0m
  [1m[35m (0.1ms)[0m  [1m[35mCREATE INDEX "index_reviews_on_vehicle_id" ON "reviews" ("vehicle_id") /*application='J2cRentals'*/[0m
  [1m[35m (0.1ms)[0m  [1m[35mCREATE INDEX "index_reviews_on_reservation_id" ON "reviews" ("reservation_id") /*application='J2cRentals'*/[0m
  [1m[35m (0.1ms)[0m  [1m[35mCREATE INDEX "index_reviews_on_approved" ON "reviews" ("approved") /*application='J2cRentals'*/[0m
  [1m[35m (0.1ms)[0m  [1m[35mCREATE INDEX "index_reviews_on_rating" ON "reviews" ("rating") /*application='J2cRentals'*/[0m
  [1m[36mActiveRecord::SchemaMigration Create (0.1ms)[0m  [1m[32mINSERT INTO "schema_migrations" ("version") VALUES ('20260525092435') RETURNING "version" /*application='J2cRentals'*/[0m
  [1m[36mTRANSACTION (0.1ms)[0m  [1m[35mCOMMIT TRANSACTION /*application='J2cRentals'*/[0m
Migrating to CreateFavorites (20260525092437)
  [1m[36mTRANSACTION (0.1ms)[0m  [1m[35mBEGIN immediate TRANSACTION /*application='J2cRentals'*/[0m
  [1m[35m (2.5ms)[0m  [1m[35mCREATE TABLE "favorites" ("id" integer PRIMARY KEY AUTOINCREMENT NOT NULL, "user_id" integer NOT NULL, "vehicle_id" integer NOT NULL, "created_at" datetime(6) NOT NULL, "updated_at" datetime(6) NOT NULL, CONSTRAINT "fk_rails_d15744e438"
FOREIGN KEY ("user_id")
  REFERENCES "users" ("id")
, CONSTRAINT "fk_rails_bf41824145"
FOREIGN KEY ("vehicle_id")
  REFERENCES "vehicles" ("id")
) /*application='J2cRentals'*/[0m
  [1m[35m (0.2ms)[0m  [1m[35mCREATE INDEX "index_favorites_on_user_id" ON "favorites" ("user_id") /*application='J2cRentals'*/[0m
  [1m[35m (0.1ms)[0m  [1m[35mCREATE INDEX "index_favorites_on_vehicle_id" ON "favorites" ("vehicle_id") /*application='J2cRentals'*/[0m
  [1m[35m (0.1ms)[0m  [1m[35mCREATE UNIQUE INDEX "index_favorites_on_user_id_and_vehicle_id" ON "favorites" ("user_id", "vehicle_id") /*application='J2cRentals'*/[0m
  [1m[36mActiveRecord::SchemaMigration Create (0.1ms)[0m  [1m[32mINSERT INTO "schema_migrations" ("version") VALUES ('20260525092437') RETURNING "version" /*application='J2cRentals'*/[0m
  [1m[36mTRANSACTION (0.2ms)[0m  [1m[35mCOMMIT TRANSACTION /*application='J2cRentals'*/[0m
Migrating to AddUserAndBookingControlsToReservations (20260525092449)
  [1m[36mTRANSACTION (0.0ms)[0m  [1m[35mBEGIN immediate TRANSACTION /*application='J2cRentals'*/[0m
  [1m[35m (1.4ms)[0m  [1m[35mALTER TABLE "reservations" ADD "user_id" integer /*application='J2cRentals'*/[0m
  [1m[35m (0.1ms)[0m  [1m[35mCREATE INDEX "index_reservations_on_user_id" ON "reservations" ("user_id") /*application='J2cRentals'*/[0m
  [1m[35m (0.0ms)[0m  [1m[35mPRAGMA foreign_keys /*application='J2cRentals'*/[0m
  [1m[35m (0.0ms)[0m  [1m[35mPRAGMA defer_foreign_keys /*application='J2cRentals'*/[0m
  [1m[35m (0.0ms)[0m  [1m[35mPRAGMA defer_foreign_keys = ON /*application='J2cRentals'*/[0m
  [1m[35m (0.0ms)[0m  [1m[35mPRAGMA foreign_keys = OFF /*application='J2cRentals'*/[0m
  [1m[35m (0.1ms)[0m  [1m[35mCREATE TEMPORARY TABLE "areservations" ("id" integer PRIMARY KEY AUTOINCREMENT NOT NULL, "vehicle_id" integer NOT NULL, "first_name" varchar, "last_name" varchar, "email" varchar, "phone" varchar, "pickup_location" varchar, "dropoff_location" varchar, "pickup_date" date, "dropoff_date" date, "pickup_time" varchar, "dropoff_time" varchar, "driver_age" integer, "protection_plan" varchar, "extras" text, "status" varchar, "confirmation_code" varchar, "total_price" decimal(10,2), "notes" text, "created_at" datetime(6) NOT NULL, "updated_at" datetime(6) NOT NULL, "deposit_amount" decimal(10,2), "deposit_status" varchar DEFAULT 'Pending', "document_status" varchar DEFAULT 'Pending review', "admin_notes" text, "reviewed_at" datetime(6), "reviewed_by" varchar, "user_id" integer) /*application='J2cRentals'*/[0m
  [1m[35m (0.1ms)[0m  [1m[35mCREATE INDEX "tindex_areservations_on_user_id" ON "areservations" ("user_id") /*application='J2cRentals'*/[0m
  [1m[35m (0.1ms)[0m  [1m[35mCREATE INDEX "tindex_areservations_on_document_status" ON "areservations" ("document_status") /*application='J2cRentals'*/[0m
  [1m[35m (0.1ms)[0m  [1m[35mCREATE INDEX "tindex_areservations_on_deposit_status" ON "areservations" ("deposit_status") /*application='J2cRentals'*/[0m
  [1m[35m (0.0ms)[0m  [1m[35mCREATE INDEX "tindex_areservations_on_status" ON "areservations" ("status") /*application='J2cRentals'*/[0m
  [1m[35m (0.1ms)[0m  [1m[35mCREATE UNIQUE INDEX "tindex_areservations_on_confirmation_code" ON "areservations" ("confirmation_code") /*application='J2cRentals'*/[0m
  [1m[35m (0.1ms)[0m  [1m[35mCREATE INDEX "tindex_areservations_on_vehicle_id" ON "areservations" ("vehicle_id") /*application='J2cRentals'*/[0m
  [1m[35mSQL (0.1ms)[0m  [1m[32mINSERT INTO "areservations" ("id","vehicle_id","first_name","last_name","email","phone","pickup_location","dropoff_location","pickup_date","dropoff_date","pickup_time","dropoff_time","driver_age","protection_plan","extras","status","confirmation_code","total_price","notes","created_at","updated_at","deposit_amount","deposit_status","document_status","admin_notes","reviewed_at","reviewed_by","user_id")
                     SELECT "id","vehicle_id","first_name","last_name","email","phone","pickup_location","dropoff_location","pickup_date","dropoff_date","pickup_time","dropoff_time","driver_age","protection_plan","extras","status","confirmation_code","total_price","notes","created_at","updated_at","deposit_amount","deposit_status","document_status","admin_notes","reviewed_at","reviewed_by","user_id" FROM "reservations" /*application='J2cRentals'*/[0m
  [1m[35m (0.3ms)[0m  [1m[35mDROP TABLE "reservations" /*application='J2cRentals'*/[0m
  [1m[35m (0.1ms)[0m  [1m[35mCREATE TABLE "reservations" ("id" integer PRIMARY KEY AUTOINCREMENT NOT NULL, "vehicle_id" integer NOT NULL, "first_name" varchar, "last_name" varchar, "email" varchar, "phone" varchar, "pickup_location" varchar, "dropoff_location" varchar, "pickup_date" date, "dropoff_date" date, "pickup_time" varchar, "dropoff_time" varchar, "driver_age" integer, "protection_plan" varchar, "extras" text, "status" varchar, "confirmation_code" varchar, "total_price" decimal(10,2), "notes" text, "created_at" datetime(6) NOT NULL, "updated_at" datetime(6) NOT NULL, "deposit_amount" decimal(10,2), "deposit_status" varchar DEFAULT 'Pending', "document_status" varchar DEFAULT 'Pending review', "admin_notes" text, "reviewed_at" datetime(6), "reviewed_by" varchar, "user_id" integer, CONSTRAINT "fk_rails_fadbcd7cf7"
FOREIGN KEY ("vehicle_id")
  REFERENCES "vehicles" ("id")
, CONSTRAINT "fk_rails_48a92fce51"
FOREIGN KEY ("user_id")
  REFERENCES "users" ("id")
) /*application='J2cRentals'*/[0m
  [1m[35m (0.1ms)[0m  [1m[35mCREATE INDEX "index_reservations_on_vehicle_id" ON "reservations" ("vehicle_id") /*application='J2cRentals'*/[0m
  [1m[35m (0.1ms)[0m  [1m[35mCREATE UNIQUE INDEX "index_reservations_on_confirmation_code" ON "reservations" ("confirmation_code") /*application='J2cRentals'*/[0m
  [1m[35m (0.1ms)[0m  [1m[35mCREATE INDEX "index_reservations_on_status" ON "reservations" ("status") /*application='J2cRentals'*/[0m
  [1m[35m (0.1ms)[0m  [1m[35mCREATE INDEX "index_reservations_on_deposit_status" ON "reservations" ("deposit_status") /*application='J2cRentals'*/[0m
  [1m[35m (0.1ms)[0m  [1m[35mCREATE INDEX "index_reservations_on_document_status" ON "reservations" ("document_status") /*application='J2cRentals'*/[0m
  [1m[35m (0.1ms)[0m  [1m[35mCREATE INDEX "index_reservations_on_user_id" ON "reservations" ("user_id") /*application='J2cRentals'*/[0m
  [1m[35mSQL (0.1ms)[0m  [1m[32mINSERT INTO "reservations" ("id","vehicle_id","first_name","last_name","email","phone","pickup_location","dropoff_location","pickup_date","dropoff_date","pickup_time","dropoff_time","driver_age","protection_plan","extras","status","confirmation_code","total_price","notes","created_at","updated_at","deposit_amount","deposit_status","document_status","admin_notes","reviewed_at","reviewed_by","user_id")
                     SELECT "id","vehicle_id","first_name","last_name","email","phone","pickup_location","dropoff_location","pickup_date","dropoff_date","pickup_time","dropoff_time","driver_age","protection_plan","extras","status","confirmation_code","total_price","notes","created_at","updated_at","deposit_amount","deposit_status","document_status","admin_notes","reviewed_at","reviewed_by","user_id" FROM "areservations" /*application='J2cRentals'*/[0m
  [1m[35m (0.2ms)[0m  [1m[35mDROP TABLE "areservations" /*application='J2cRentals'*/[0m
  [1m[35m (0.0ms)[0m  [1m[35mPRAGMA defer_foreign_keys = 0 /*application='J2cRentals'*/[0m
  [1m[35m (0.0ms)[0m  [1m[35mPRAGMA foreign_keys = 1 /*application='J2cRentals'*/[0m
  [1m[35m (0.3ms)[0m  [1m[35mALTER TABLE "reservations" ADD "coupon_id" integer /*application='J2cRentals'*/[0m
  [1m[35m (0.1ms)[0m  [1m[35mCREATE INDEX "index_reservations_on_coupon_id" ON "reservations" ("coupon_id") /*application='J2cRentals'*/[0m
  [1m[35m (0.0ms)[0m  [1m[35mPRAGMA foreign_keys /*application='J2cRentals'*/[0m
  [1m[35m (0.0ms)[0m  [1m[35mPRAGMA defer_foreign_keys /*application='J2cRentals'*/[0m
  [1m[35m (0.0ms)[0m  [1m[35mPRAGMA defer_foreign_keys = ON /*application='J2cRentals'*/[0m
  [1m[35m (0.0ms)[0m  [1m[35mPRAGMA foreign_keys = OFF /*application='J2cRentals'*/[0m
  [1m[35m (0.1ms)[0m  [1m[35mCREATE TEMPORARY TABLE "areservations" ("id" integer PRIMARY KEY AUTOINCREMENT NOT NULL, "vehicle_id" integer NOT NULL, "first_name" varchar, "last_name" varchar, "email" varchar, "phone" varchar, "pickup_location" varchar, "dropoff_location" varchar, "pickup_date" date, "dropoff_date" date, "pickup_time" varchar, "dropoff_time" varchar, "driver_age" integer, "protection_plan" varchar, "extras" text, "status" varchar, "confirmation_code" varchar, "total_price" decimal(10,2), "notes" text, "created_at" datetime(6) NOT NULL, "updated_at" datetime(6) NOT NULL, "deposit_amount" decimal(10,2), "deposit_status" varchar DEFAULT 'Pending', "document_status" varchar DEFAULT 'Pending review', "admin_notes" text, "reviewed_at" datetime(6), "reviewed_by" varchar, "user_id" integer, "coupon_id" integer) /*application='J2cRentals'*/[0m
  [1m[35m (0.1ms)[0m  [1m[35mCREATE INDEX "tindex_areservations_on_coupon_id" ON "areservations" ("coupon_id") /*application='J2cRentals'*/[0m
  [1m[35m (0.1ms)[0m  [1m[35mCREATE INDEX "tindex_areservations_on_user_id" ON "areservations" ("user_id") /*application='J2cRentals'*/[0m
  [1m[35m (0.1ms)[0m  [1m[35mCREATE INDEX "tindex_areservations_on_document_status" ON "areservations" ("document_status") /*application='J2cRentals'*/[0m
  [1m[35m (0.1ms)[0m  [1m[35mCREATE INDEX "tindex_areservations_on_deposit_status" ON "areservations" ("deposit_status") /*application='J2cRentals'*/[0m
  [1m[35m (0.1ms)[0m  [1m[35mCREATE INDEX "tindex_areservations_on_status" ON "areservations" ("status") /*application='J2cRentals'*/[0m
  [1m[35m (0.1ms)[0m  [1m[35mCREATE UNIQUE INDEX "tindex_areservations_on_confirmation_code" ON "areservations" ("confirmation_code") /*application='J2cRentals'*/[0m
  [1m[35m (0.1ms)[0m  [1m[35mCREATE INDEX "tindex_areservations_on_vehicle_id" ON "areservations" ("vehicle_id") /*application='J2cRentals'*/[0m
  [1m[35mSQL (0.1ms)[0m  [1m[32mINSERT INTO "areservations" ("id","vehicle_id","first_name","last_name","email","phone","pickup_location","dropoff_location","pickup_date","dropoff_date","pickup_time","dropoff_time","driver_age","protection_plan","extras","status","confirmation_code","total_price","notes","created_at","updated_at","deposit_amount","deposit_status","document_status","admin_notes","reviewed_at","reviewed_by","user_id","coupon_id")
                     SELECT "id","vehicle_id","first_name","last_name","email","phone","pickup_location","dropoff_location","pickup_date","dropoff_date","pickup_time","dropoff_time","driver_age","protection_plan","extras","status","confirmation_code","total_price","notes","created_at","updated_at","deposit_amount","deposit_status","document_status","admin_notes","reviewed_at","reviewed_by","user_id","coupon_id" FROM "reservations" /*application='J2cRentals'*/[0m
  [1m[35m (0.2ms)[0m  [1m[35mDROP TABLE "reservations" /*application='J2cRentals'*/[0m
  [1m[35m (0.2ms)[0m  [1m[35mCREATE TABLE "reservations" ("id" integer PRIMARY KEY AUTOINCREMENT NOT NULL, "vehicle_id" integer NOT NULL, "first_name" varchar, "last_name" varchar, "email" varchar, "phone" varchar, "pickup_location" varchar, "dropoff_location" varchar, "pickup_date" date, "dropoff_date" date, "pickup_time" varchar, "dropoff_time" varchar, "driver_age" integer, "protection_plan" varchar, "extras" text, "status" varchar, "confirmation_code" varchar, "total_price" decimal(10,2), "notes" text, "created_at" datetime(6) NOT NULL, "updated_at" datetime(6) NOT NULL, "deposit_amount" decimal(10,2), "deposit_status" varchar DEFAULT 'Pending', "document_status" varchar DEFAULT 'Pending review', "admin_notes" text, "reviewed_at" datetime(6), "reviewed_by" varchar, "user_id" integer, "coupon_id" integer, CONSTRAINT "fk_rails_48a92fce51"
FOREIGN KEY ("user_id")
  REFERENCES "users" ("id")
, CONSTRAINT "fk_rails_fadbcd7cf7"
FOREIGN KEY ("vehicle_id")
  REFERENCES "vehicles" ("id")
, CONSTRAINT "fk_rails_5480f0692a"
FOREIGN KEY ("coupon_id")
  REFERENCES "coupons" ("id")
) /*application='J2cRentals'*/[0m
  [1m[35m (0.1ms)[0m  [1m[35mCREATE INDEX "index_reservations_on_vehicle_id" ON "reservations" ("vehicle_id") /*application='J2cRentals'*/[0m
  [1m[35m (0.1ms)[0m  [1m[35mCREATE UNIQUE INDEX "index_reservations_on_confirmation_code" ON "reservations" ("confirmation_code") /*application='J2cRentals'*/[0m
  [1m[35m (0.1ms)[0m  [1m[35mCREATE INDEX "index_reservations_on_status" ON "reservations" ("status") /*application='J2cRentals'*/[0m
  [1m[35m (0.1ms)[0m  [1m[35mCREATE INDEX "index_reservations_on_deposit_status" ON "reservations" ("deposit_status") /*application='J2cRentals'*/[0m
  [1m[35m (0.1ms)[0m  [1m[35mCREATE INDEX "index_reservations_on_document_status" ON "reservations" ("document_status") /*application='J2cRentals'*/[0m
  [1m[35m (0.1ms)[0m  [1m[35mCREATE INDEX "index_reservations_on_user_id" ON "reservations" ("user_id") /*application='J2cRentals'*/[0m
  [1m[35m (0.1ms)[0m  [1m[35mCREATE INDEX "index_reservations_on_coupon_id" ON "reservations" ("coupon_id") /*application='J2cRentals'*/[0m
  [1m[35mSQL (0.1ms)[0m  [1m[32mINSERT INTO "reservations" ("id","vehicle_id","first_name","last_name","email","phone","pickup_location","dropoff_location","pickup_date","dropoff_date","pickup_time","dropoff_time","driver_age","protection_plan","extras","status","confirmation_code","total_price","notes","created_at","updated_at","deposit_amount","deposit_status","document_status","admin_notes","reviewed_at","reviewed_by","user_id","coupon_id")
                     SELECT "id","vehicle_id","first_name","last_name","email","phone","pickup_location","dropoff_location","pickup_date","dropoff_date","pickup_time","dropoff_time","driver_age","protection_plan","extras","status","confirmation_code","total_price","notes","created_at","updated_at","deposit_amount","deposit_status","document_status","admin_notes","reviewed_at","reviewed_by","user_id","coupon_id" FROM "areservations" /*application='J2cRentals'*/[0m
  [1m[35m (0.1ms)[0m  [1m[35mDROP TABLE "areservations" /*application='J2cRentals'*/[0m
  [1m[35m (0.0ms)[0m  [1m[35mPRAGMA defer_foreign_keys = 0 /*application='J2cRentals'*/[0m
  [1m[35m (0.0ms)[0m  [1m[35mPRAGMA foreign_keys = 1 /*application='J2cRentals'*/[0m
  [1m[35m (0.3ms)[0m  [1m[35mALTER TABLE "reservations" ADD "cancelled_at" datetime(6) /*application='J2cRentals'*/[0m
  [1m[35m (0.2ms)[0m  [1m[35mALTER TABLE "reservations" ADD "cancellation_reason" text /*application='J2cRentals'*/[0m
  [1m[35m (0.2ms)[0m  [1m[35mALTER TABLE "reservations" ADD "invoice_number" varchar /*application='J2cRentals'*/[0m
  [1m[35m (0.2ms)[0m  [1m[35mALTER TABLE "reservations" ADD "pricing_snapshot" text /*application='J2cRentals'*/[0m
  [1m[35m (0.1ms)[0m  [1m[35mCREATE UNIQUE INDEX "index_reservations_on_invoice_number" ON "reservations" ("invoice_number") /*application='J2cRentals'*/[0m
  [1m[36mActiveRecord::SchemaMigration Create (0.0ms)[0m  [1m[32mINSERT INTO "schema_migrations" ("version") VALUES ('20260525092449') RETURNING "version" /*application='J2cRentals'*/[0m
  [1m[36mTRANSACTION (0.2ms)[0m  [1m[35mCOMMIT TRANSACTION /*application='J2cRentals'*/[0m
Migrating to CreateContentBlocks (20260525092920)
  [1m[36mTRANSACTION (0.0ms)[0m  [1m[35mBEGIN immediate TRANSACTION /*application='J2cRentals'*/[0m
  [1m[35m (1.1ms)[0m  [1m[35mCREATE TABLE "content_blocks" ("id" integer PRIMARY KEY AUTOINCREMENT NOT NULL, "key" varchar, "title" varchar, "body" text, "image_url" varchar, "active" boolean DEFAULT TRUE, "placement" varchar, "created_at" datetime(6) NOT NULL, "updated_at" datetime(6) NOT NULL) /*application='J2cRentals'*/[0m
  [1m[35m (0.1ms)[0m  [1m[35mCREATE UNIQUE INDEX "index_content_blocks_on_key" ON "content_blocks" ("key") /*application='J2cRentals'*/[0m
  [1m[35m (0.1ms)[0m  [1m[35mCREATE INDEX "index_content_blocks_on_placement" ON "content_blocks" ("placement") /*application='J2cRentals'*/[0m
  [1m[35m (0.1ms)[0m  [1m[35mCREATE INDEX "index_content_blocks_on_active" ON "content_blocks" ("active") /*application='J2cRentals'*/[0m
  [1m[36mActiveRecord::SchemaMigration Create (0.1ms)[0m  [1m[32mINSERT INTO "schema_migrations" ("version") VALUES ('20260525092920') RETURNING "version" /*application='J2cRentals'*/[0m
  [1m[36mTRANSACTION (0.1ms)[0m  [1m[35mCOMMIT TRANSACTION /*application='J2cRentals'*/[0m
  [1m[36mActiveRecord::SchemaMigration Load (0.0ms)[0m  [1m[34mSELECT "schema_migrations"."version" FROM "schema_migrations" ORDER BY "schema_migrations"."version" ASC /*application='J2cRentals'*/[0m
  [1m[36mActiveRecord::SchemaMigration Load (0.0ms)[0m  [1m[34mSELECT "schema_migrations"."version" FROM "schema_migrations" ORDER BY "schema_migrations"."version" ASC /*application='J2cRentals'*/[0m
  [1m[36mAdminAction Load (1.8ms)[0m  [1m[34mSELECT "admin_actions".* FROM "admin_actions" /*application='J2cRentals'*/[0m
  [1m[36mNotification Load (0.1ms)[0m  [1m[34mSELECT "notifications".* FROM "notifications" /*application='J2cRentals'*/[0m
  [1m[36mSupportTicket Load (0.1ms)[0m  [1m[34mSELECT "support_tickets".* FROM "support_tickets" /*application='J2cRentals'*/[0m
  [1m[36mReview Load (0.1ms)[0m  [1m[34mSELECT "reviews".* FROM "reviews" /*application='J2cRentals'*/[0m
  [1m[36mFavorite Load (0.1ms)[0m  [1m[34mSELECT "favorites".* FROM "favorites" /*application='J2cRentals'*/[0m
  [1m[36mPayment Load (0.1ms)[0m  [1m[34mSELECT "payments".* FROM "payments" /*application='J2cRentals'*/[0m
  [1m[36mMaintenanceLog Load (0.1ms)[0m  [1m[34mSELECT "maintenance_logs".* FROM "maintenance_logs" /*application='J2cRentals'*/[0m
  [1m[36mContentBlock Load (0.1ms)[0m  [1m[34mSELECT "content_blocks".* FROM "content_blocks" /*application='J2cRentals'*/[0m
  [1m[36mCoupon Load (0.1ms)[0m  [1m[34mSELECT "coupons".* FROM "coupons" /*application='J2cRentals'*/[0m
  [1m[36mLead Load (0.1ms)[0m  [1m[34mSELECT "leads".* FROM "leads" /*application='J2cRentals'*/[0m
  [1m[36mTRANSACTION (0.1ms)[0m  [1m[35mBEGIN immediate TRANSACTION /*application='J2cRentals'*/[0m
  [1m[36mLead Destroy (1.2ms)[0m  [1m[31mDELETE FROM "leads" WHERE "leads"."id" = 1 /*application='J2cRentals'*/[0m
  [1m[36mTRANSACTION (1.9ms)[0m  [1m[35mCOMMIT TRANSACTION /*application='J2cRentals'*/[0m
  [1m[36mTRANSACTION (0.0ms)[0m  [1m[35mBEGIN immediate TRANSACTION /*application='J2cRentals'*/[0m
  [1m[36mLead Destroy (1.1ms)[0m  [1m[31mDELETE FROM "leads" WHERE "leads"."id" = 2 /*application='J2cRentals'*/[0m
  [1m[36mTRANSACTION (0.1ms)[0m  [1m[35mCOMMIT TRANSACTION /*application='J2cRentals'*/[0m
  [1m[36mTRANSACTION (0.0ms)[0m  [1m[35mBEGIN immediate TRANSACTION /*application='J2cRentals'*/[0m
  [1m[36mLead Destroy (1.0ms)[0m  [1m[31mDELETE FROM "leads" WHERE "leads"."id" = 3 /*application='J2cRentals'*/[0m
  [1m[36mTRANSACTION (0.1ms)[0m  [1m[35mCOMMIT TRANSACTION /*application='J2cRentals'*/[0m
  [1m[36mTRANSACTION (0.0ms)[0m  [1m[35mBEGIN immediate TRANSACTION /*application='J2cRentals'*/[0m
  [1m[36mLead Destroy (1.1ms)[0m  [1m[31mDELETE FROM "leads" WHERE "leads"."id" = 4 /*application='J2cRentals'*/[0m
  [1m[36mTRANSACTION (0.1ms)[0m  [1m[35mCOMMIT TRANSACTION /*application='J2cRentals'*/[0m
  [1m[36mVehicle Load (0.2ms)[0m  [1m[34mSELECT "vehicles".* FROM "vehicles" /*application='J2cRentals'*/[0m
  [1m[36mTRANSACTION (0.1ms)[0m  [1m[35mBEGIN immediate TRANSACTION /*application='J2cRentals'*/[0m
  [1m[36mReservation Load (0.1ms)[0m  [1m[34mSELECT "reservations".* FROM "reservations" WHERE "reservations"."vehicle_id" = 9 /*application='J2cRentals'*/[0m
  [1m[36mMaintenanceLog Load (0.1ms)[0m  [1m[34mSELECT "maintenance_logs".* FROM "maintenance_logs" WHERE "maintenance_logs"."vehicle_id" = 9 /*application='J2cRentals'*/[0m
  [1m[36mReview Load (0.1ms)[0m  [1m[34mSELECT "reviews".* FROM "reviews" WHERE "reviews"."vehicle_id" = 9 /*application='J2cRentals'*/[0m
  [1m[36mFavorite Load (0.1ms)[0m  [1m[34mSELECT "favorites".* FROM "favorites" WHERE "favorites"."vehicle_id" = 9 /*application='J2cRentals'*/[0m
  [1m[36mVehicle Destroy (0.1ms)[0m  [1m[31mDELETE FROM "vehicles" WHERE "vehicles"."id" = 9 /*application='J2cRentals'*/[0m
  [1m[36mTRANSACTION (0.1ms)[0m  [1m[35mCOMMIT TRANSACTION /*application='J2cRentals'*/[0m
  [1m[36mTRANSACTION (0.1ms)[0m  [1m[35mBEGIN immediate TRANSACTION /*application='J2cRentals'*/[0m
  [1m[36mReservation Load (3.2ms)[0m  [1m[34mSELECT "reservations".* FROM "reservations" WHERE "reservations"."vehicle_id" = 10 /*application='J2cRentals'*/[0m
  [1m[36mMaintenanceLog Load (0.2ms)[0m  [1m[34mSELECT "maintenance_logs".* FROM "maintenance_logs" WHERE "maintenance_logs"."vehicle_id" = 10 /*application='J2cRentals'*/[0m
  [1m[36mReview Load (0.1ms)[0m  [1m[34mSELECT "reviews".* FROM "reviews" WHERE "reviews"."vehicle_id" = 10 /*application='J2cRentals'*/[0m
  [1m[36mFavorite Load (0.1ms)[0m  [1m[34mSELECT "favorites".* FROM "favorites" WHERE "favorites"."vehicle_id" = 10 /*application='J2cRentals'*/[0m
  [1m[36mVehicle Destroy (0.1ms)[0m  [1m[31mDELETE FROM "vehicles" WHERE "vehicles"."id" = 10 /*application='J2cRentals'*/[0m
  [1m[36mTRANSACTION (0.2ms)[0m  [1m[35mCOMMIT TRANSACTION /*application='J2cRentals'*/[0m
  [1m[36mTRANSACTION (0.1ms)[0m  [1m[35mBEGIN immediate TRANSACTION /*application='J2cRentals'*/[0m
  [1m[36mReservation Load (4.8ms)[0m  [1m[34mSELECT "reservations".* FROM "reservations" WHERE "reservations"."vehicle_id" = 11 /*application='J2cRentals'*/[0m
  [1m[36mRentalDocument Load (0.1ms)[0m  [1m[34mSELECT "rental_documents".* FROM "rental_documents" WHERE "rental_documents"."reservation_id" = 1 /*application='J2cRentals'*/[0m
  [1m[36mRentalDocument Destroy (0.1ms)[0m  [1m[31mDELETE FROM "rental_documents" WHERE "rental_documents"."id" = 1 /*application='J2cRentals'*/[0m
  [1m[36mRentalDocument Destroy (0.0ms)[0m  [1m[31mDELETE FROM "rental_documents" WHERE "rental_documents"."id" = 2 /*application='J2cRentals'*/[0m
  [1m[36mPayment Load (0.1ms)[0m  [1m[34mSELECT "payments".* FROM "payments" WHERE "payments"."reservation_id" = 1 /*application='J2cRentals'*/[0m
  [1m[36mReview Load (0.2ms)[0m  [1m[34mSELECT "reviews".* FROM "reviews" WHERE "reviews"."reservation_id" = 1 LIMIT 1 /*application='J2cRentals'*/[0m
  [1m[36mReservation Destroy (0.1ms)[0m  [1m[31mDELETE FROM "reservations" WHERE "reservations"."id" = 1 /*application='J2cRentals'*/[0m
  [1m[36mMaintenanceLog Load (0.2ms)[0m  [1m[34mSELECT "maintenance_logs".* FROM "maintenance_logs" WHERE "maintenance_logs"."vehicle_id" = 11 /*application='J2cRentals'*/[0m
  [1m[36mReview Load (0.1ms)[0m  [1m[34mSELECT "reviews".* FROM "reviews" WHERE "reviews"."vehicle_id" = 11 /*application='J2cRentals'*/[0m
  [1m[36mFavorite Load (0.1ms)[0m  [1m[34mSELECT "favorites".* FROM "favorites" WHERE "favorites"."vehicle_id" = 11 /*application='J2cRentals'*/[0m
  [1m[36mVehicle Destroy (0.1ms)[0m  [1m[31mDELETE FROM "vehicles" WHERE "vehicles"."id" = 11 /*application='J2cRentals'*/[0m
  [1m[36mTRANSACTION (0.2ms)[0m  [1m[35mCOMMIT TRANSACTION /*application='J2cRentals'*/[0m
  [1m[36mTRANSACTION (0.0ms)[0m  [1m[35mBEGIN immediate TRANSACTION /*application='J2cRentals'*/[0m
  [1m[36mReservation Load (1.5ms)[0m  [1m[34mSELECT "reservations".* FROM "reservations" WHERE "reservations"."vehicle_id" = 12 /*application='J2cRentals'*/[0m
  [1m[36mRentalDocument Load (0.1ms)[0m  [1m[34mSELECT "rental_documents".* FROM "rental_documents" WHERE "rental_documents"."reservation_id" = 2 /*application='J2cRentals'*/[0m
  [1m[36mRentalDocument Destroy (0.0ms)[0m  [1m[31mDELETE FROM "rental_documents" WHERE "rental_documents"."id" = 3 /*application='J2cRentals'*/[0m
  [1m[36mRentalDocument Destroy (0.0ms)[0m  [1m[31mDELETE FROM "rental_documents" WHERE "rental_documents"."id" = 4 /*application='J2cRentals'*/[0m
  [1m[36mPayment Load (0.1ms)[0m  [1m[34mSELECT "payments".* FROM "payments" WHERE "payments"."reservation_id" = 2 /*application='J2cRentals'*/[0m
  [1m[36mReview Load (0.1ms)[0m  [1m[34mSELECT "reviews".* FROM "reviews" WHERE "reviews"."reservation_id" = 2 LIMIT 1 /*application='J2cRentals'*/[0m
  [1m[36mReservation Destroy (0.1ms)[0m  [1m[31mDELETE FROM "reservations" WHERE "reservations"."id" = 2 /*application='J2cRentals'*/[0m
  [1m[36mMaintenanceLog Load (0.1ms)[0m  [1m[34mSELECT "maintenance_logs".* FROM "maintenance_logs" WHERE "maintenance_logs"."vehicle_id" = 12 /*application='J2cRentals'*/[0m
  [1m[36mReview Load (0.0ms)[0m  [1m[34mSELECT "reviews".* FROM "reviews" WHERE "reviews"."vehicle_id" = 12 /*application='J2cRentals'*/[0m
  [1m[36mFavorite Load (0.0ms)[0m  [1m[34mSELECT "favorites".* FROM "favorites" WHERE "favorites"."vehicle_id" = 12 /*application='J2cRentals'*/[0m
  [1m[36mVehicle Destroy (0.0ms)[0m  [1m[31mDELETE FROM "vehicles" WHERE "vehicles"."id" = 12 /*application='J2cRentals'*/[0m
  [1m[36mTRANSACTION (0.3ms)[0m  [1m[35mCOMMIT TRANSACTION /*application='J2cRentals'*/[0m
  [1m[36mTRANSACTION (0.0ms)[0m  [1m[35mBEGIN immediate TRANSACTION /*application='J2cRentals'*/[0m
  [1m[36mReservation Load (1.4ms)[0m  [1m[34mSELECT "reservations".* FROM "reservations" WHERE "reservations"."vehicle_id" = 13 /*application='J2cRentals'*/[0m
  [1m[36mMaintenanceLog Load (0.1ms)[0m  [1m[34mSELECT "maintenance_logs".* FROM "maintenance_logs" WHERE "maintenance_logs"."vehicle_id" = 13 /*application='J2cRentals'*/[0m
  [1m[36mReview Load (0.1ms)[0m  [1m[34mSELECT "reviews".* FROM "reviews" WHERE "reviews"."vehicle_id" = 13 /*application='J2cRentals'*/[0m
  [1m[36mFavorite Load (0.0ms)[0m  [1m[34mSELECT "favorites".* FROM "favorites" WHERE "favorites"."vehicle_id" = 13 /*application='J2cRentals'*/[0m
  [1m[36mVehicle Destroy (0.1ms)[0m  [1m[31mDELETE FROM "vehicles" WHERE "vehicles"."id" = 13 /*application='J2cRentals'*/[0m
  [1m[36mTRANSACTION (0.1ms)[0m  [1m[35mCOMMIT TRANSACTION /*application='J2cRentals'*/[0m
  [1m[36mTRANSACTION (0.0ms)[0m  [1m[35mBEGIN immediate TRANSACTION /*application='J2cRentals'*/[0m
  [1m[36mReservation Load (1.4ms)[0m  [1m[34mSELECT "reservations".* FROM "reservations" WHERE "reservations"."vehicle_id" = 14 /*application='J2cRentals'*/[0m
  [1m[36mMaintenanceLog Load (0.1ms)[0m  [1m[34mSELECT "maintenance_logs".* FROM "maintenance_logs" WHERE "maintenance_logs"."vehicle_id" = 14 /*application='J2cRentals'*/[0m
  [1m[36mReview Load (0.1ms)[0m  [1m[34mSELECT "reviews".* FROM "reviews" WHERE "reviews"."vehicle_id" = 14 /*application='J2cRentals'*/[0m
  [1m[36mFavorite Load (0.0ms)[0m  [1m[34mSELECT "favorites".* FROM "favorites" WHERE "favorites"."vehicle_id" = 14 /*application='J2cRentals'*/[0m
  [1m[36mVehicle Destroy (0.1ms)[0m  [1m[31mDELETE FROM "vehicles" WHERE "vehicles"."id" = 14 /*application='J2cRentals'*/[0m
  [1m[36mTRANSACTION (0.1ms)[0m  [1m[35mCOMMIT TRANSACTION /*application='J2cRentals'*/[0m
  [1m[36mTRANSACTION (0.0ms)[0m  [1m[35mBEGIN immediate TRANSACTION /*application='J2cRentals'*/[0m
  [1m[36mReservation Load (1.4ms)[0m  [1m[34mSELECT "reservations".* FROM "reservations" WHERE "reservations"."vehicle_id" = 15 /*application='J2cRentals'*/[0m
  [1m[36mMaintenanceLog Load (0.1ms)[0m  [1m[34mSELECT "maintenance_logs".* FROM "maintenance_logs" WHERE "maintenance_logs"."vehicle_id" = 15 /*application='J2cRentals'*/[0m
  [1m[36mReview Load (0.1ms)[0m  [1m[34mSELECT "reviews".* FROM "reviews" WHERE "reviews"."vehicle_id" = 15 /*application='J2cRentals'*/[0m
  [1m[36mFavorite Load (0.0ms)[0m  [1m[34mSELECT "favorites".* FROM "favorites" WHERE "favorites"."vehicle_id" = 15 /*application='J2cRentals'*/[0m
  [1m[36mVehicle Destroy (0.1ms)[0m  [1m[31mDELETE FROM "vehicles" WHERE "vehicles"."id" = 15 /*application='J2cRentals'*/[0m
  [1m[36mTRANSACTION (0.1ms)[0m  [1m[35mCOMMIT TRANSACTION /*application='J2cRentals'*/[0m
  [1m[36mTRANSACTION (0.0ms)[0m  [1m[35mBEGIN immediate TRANSACTION /*application='J2cRentals'*/[0m
  [1m[36mReservation Load (1.3ms)[0m  [1m[34mSELECT "reservations".* FROM "reservations" WHERE "reservations"."vehicle_id" = 16 /*application='J2cRentals'*/[0m
  [1m[36mMaintenanceLog Load (0.1ms)[0m  [1m[34mSELECT "maintenance_logs".* FROM "maintenance_logs" WHERE "maintenance_logs"."vehicle_id" = 16 /*application='J2cRentals'*/[0m
  [1m[36mReview Load (0.0ms)[0m  [1m[34mSELECT "reviews".* FROM "reviews" WHERE "reviews"."vehicle_id" = 16 /*application='J2cRentals'*/[0m
  [1m[36mFavorite Load (0.0ms)[0m  [1m[34mSELECT "favorites".* FROM "favorites" WHERE "favorites"."vehicle_id" = 16 /*application='J2cRentals'*/[0m
  [1m[36mVehicle Destroy (0.1ms)[0m  [1m[31mDELETE FROM "vehicles" WHERE "vehicles"."id" = 16 /*application='J2cRentals'*/[0m
  [1m[36mTRANSACTION (0.1ms)[0m  [1m[35mCOMMIT TRANSACTION /*application='J2cRentals'*/[0m
  [1m[36mUser Load (0.1ms)[0m  [1m[34mSELECT "users".* FROM "users" /*application='J2cRentals'*/[0m
  [1m[36mTRANSACTION (0.1ms)[0m  [1m[35mBEGIN immediate TRANSACTION /*application='J2cRentals'*/[0m
  [1m[36mUser Exists? (1.7ms)[0m  [1m[34mSELECT 1 AS one FROM "users" WHERE "users"."email" = 'admin@j2c.test' LIMIT 1 /*application='J2cRentals'*/[0m
  [1m[36mUser Create (0.2ms)[0m  [1m[32mINSERT INTO "users" ("name", "email", "phone", "role", "password_digest", "active", "last_login_at", "created_at", "updated_at") VALUES ('Operations Admin', 'admin@j2c.test', '+91 99999 00001', 'admin', '$2a$12$LljIP9KLLefMfw3w58KgXu7FtLlzuyTSWPqmFKVE86tJg.NI4xc9K', TRUE, NULL, '2026-05-25 09:32:27.937198', '2026-05-25 09:32:27.937198') RETURNING "id" /*application='J2cRentals'*/[0m
  [1m[36mTRANSACTION (0.1ms)[0m  [1m[35mCOMMIT TRANSACTION /*application='J2cRentals'*/[0m
  [1m[36mTRANSACTION (0.1ms)[0m  [1m[35mBEGIN immediate TRANSACTION /*application='J2cRentals'*/[0m
  [1m[36mUser Exists? (2.8ms)[0m  [1m[34mSELECT 1 AS one FROM "users" WHERE "users"."email" = 'owner@j2c.test' LIMIT 1 /*application='J2cRentals'*/[0m
  [1m[36mUser Create (0.2ms)[0m  [1m[32mINSERT INTO "users" ("name", "email", "phone", "role", "password_digest", "active", "last_login_at", "created_at", "updated_at") VALUES ('Platform Owner', 'owner@j2c.test', '+91 99999 00002', 'super_admin', '$2a$12$mq5hdiHzPlfjtQkkep1LQ.03y8aVTVaG3TIZUNLHPM3jn5P.GMUvq', TRUE, NULL, '2026-05-25 09:32:28.118795', '2026-05-25 09:32:28.118795') RETURNING "id" /*application='J2cRentals'*/[0m
  [1m[36mTRANSACTION (0.3ms)[0m  [1m[35mCOMMIT TRANSACTION /*application='J2cRentals'*/[0m
  [1m[36mTRANSACTION (0.3ms)[0m  [1m[35mBEGIN immediate TRANSACTION /*application='J2cRentals'*/[0m
  [1m[36mUser Exists? (7.2ms)[0m  [1m[34mSELECT 1 AS one FROM "users" WHERE "users"."email" = 'nisha.kapoor@example.com' LIMIT 1 /*application='J2cRentals'*/[0m
  [1m[36mUser Create (0.6ms)[0m  [1m[32mINSERT INTO "users" ("name", "email", "phone", "role", "password_digest", "active", "last_login_at", "created_at", "updated_at") VALUES ('Nisha Kapoor', 'nisha.kapoor@example.com', '+91 98765 11111', 'customer', '$2a$12$h565xRHDNMrjGZ6FT.RpFe6GTWbKmgUpRE3/fL7kBDq7eAA.3P8M6', TRUE, NULL, '2026-05-25 09:32:28.662721', '2026-05-25 09:32:28.662721') RETURNING "id" /*application='J2cRentals'*/[0m
  [1m[36mTRANSACTION (0.3ms)[0m  [1m[35mCOMMIT TRANSACTION /*application='J2cRentals'*/[0m
  [1m[36mTRANSACTION (0.3ms)[0m  [1m[35mBEGIN immediate TRANSACTION /*application='J2cRentals'*/[0m
  [1m[36mUser Exists? (7.7ms)[0m  [1m[34mSELECT 1 AS one FROM "users" WHERE "users"."email" = 'rahul.bansal@example.com' LIMIT 1 /*application='J2cRentals'*/[0m
  [1m[36mUser Create (0.5ms)[0m  [1m[32mINSERT INTO "users" ("name", "email", "phone", "role", "password_digest", "active", "last_login_at", "created_at", "updated_at") VALUES ('Rahul Bansal', 'rahul.bansal@example.com', '+91 98765 22222', 'customer', '$2a$12$mGAB8OKwzCeZj3wBchBRPOwWnoGoUe.vq4jTVXmddeN0biOrj6QLO', TRUE, NULL, '2026-05-25 09:32:29.058688', '2026-05-25 09:32:29.058688') RETURNING "id" /*application='J2cRentals'*/[0m
  [1m[36mTRANSACTION (0.3ms)[0m  [1m[35mCOMMIT TRANSACTION /*application='J2cRentals'*/[0m
  [1m[36mTRANSACTION (0.1ms)[0m  [1m[35mBEGIN immediate TRANSACTION /*application='J2cRentals'*/[0m
  [1m[36mVehicle Create (5.1ms)[0m  [1m[32mINSERT INTO "vehicles" ("name", "make", "model", "year", "category", "seats", "doors", "transmission", "fuel", "drivetrain", "location", "daily_rate", "rating", "image_url", "hero_color", "mileage", "luggage", "featured", "available", "description", "created_at", "updated_at") VALUES ('Urban Swift', 'Maruti Suzuki', 'Swift', 2025, 'Economy', 5, 4, 'Manual', 'Petrol', 'FWD', 'Delhi Airport', 2199.0, 4.6, 'https://images.unsplash.com/photo-1542362567-b07e54358753?auto=format&fit=crop&w=1200&q=80', '#0f766e', '20 km/l', 2, TRUE, TRUE, 'A nimble city hatchback for airport pickups, local meetings, and quick weekend movement.', '2026-05-25 09:32:29.070749', '2026-05-25 09:32:29.070749') RETURNING "id" /*application='J2cRentals'*/[0m
  [1m[36mTRANSACTION (0.3ms)[0m  [1m[35mCOMMIT TRANSACTION /*application='J2cRentals'*/[0m
  [1m[36mTRANSACTION (0.1ms)[0m  [1m[35mBEGIN immediate TRANSACTION /*application='J2cRentals'*/[0m
  [1m[36mVehicle Create (5.0ms)[0m  [1m[32mINSERT INTO "vehicles" ("name", "make", "model", "year", "category", "seats", "doors", "transmission", "fuel", "drivetrain", "location", "daily_rate", "rating", "image_url", "hero_color", "mileage", "luggage", "featured", "available", "description", "created_at", "updated_at") VALUES ('Cityline i20', 'Hyundai', 'i20', 2025, 'Compact', 5, 4, 'Automatic', 'Petrol', 'FWD', 'Gurugram Cyber City', 2899.0, 4.7, 'https://images.unsplash.com/photo-1533473359331-0135ef1b58bf?auto=format&fit=crop&w=1200&q=80', '#be123c', '18 km/l', 2, FALSE, TRUE, 'Comfortable, compact, and easy to park near business districts and hotels.', '2026-05-25 09:32:29.085647', '2026-05-25 09:32:29.085647') RETURNING "id" /*application='J2cRentals'*/[0m
  [1m[36mTRANSACTION (0.6ms)[0m  [1m[35mCOMMIT TRANSACTION /*application='J2cRentals'*/[0m
  [1m[36mTRANSACTION (0.1ms)[0m  [1m[35mBEGIN immediate TRANSACTION /*application='J2cRentals'*/[0m
  [1m[36mVehicle Create (5.2ms)[0m  [1m[32mINSERT INTO "vehicles" ("name", "make", "model", "year", "category", "seats", "doors", "transmission", "fuel", "drivetrain", "location", "daily_rate", "rating", "image_url", "hero_color", "mileage", "luggage", "featured", "available", "description", "created_at", "updated_at") VALUES ('Creta Trail', 'Hyundai', 'Creta', 2026, 'SUV', 5, 4, 'Automatic', 'Diesel', 'FWD', 'Mumbai Airport', 4499.0, 4.8, 'https://images.unsplash.com/photo-1519641471654-76ce0107ad1b?auto=format&fit=crop&w=1200&q=80', '#1d4ed8', '17 km/l', 4, TRUE, TRUE, 'A high-clearance SUV with generous luggage space for airport runs and coastal drives.', '2026-05-25 09:32:29.101221', '2026-05-25 09:32:29.101221') RETURNING "id" /*application='J2cRentals'*/[0m
  [1m[36mTRANSACTION (0.4ms)[0m  [1m[35mCOMMIT TRANSACTION /*application='J2cRentals'*/[0m
  [1m[36mTRANSACTION (0.1ms)[0m  [1m[35mBEGIN immediate TRANSACTION /*application='J2cRentals'*/[0m
  [1m[36mVehicle Create (5.3ms)[0m  [1m[32mINSERT INTO "vehicles" ("name", "make", "model", "year", "category", "seats", "doors", "transmission", "fuel", "drivetrain", "location", "daily_rate", "rating", "image_url", "hero_color", "mileage", "luggage", "featured", "available", "description", "created_at", "updated_at") VALUES ('Innova Executive', 'Toyota', 'Innova Hycross', 2026, 'Van', 7, 4, 'Automatic', 'Hybrid', 'FWD', 'Bengaluru Indiranagar', 5799.0, 4.9, 'https://images.unsplash.com/photo-1503376780353-7e6692767b70?auto=format&fit=crop&w=1200&q=80', '#7c3aed', '21 km/l', 5, TRUE, TRUE, 'A premium people-mover for families, teams, and long in-city itineraries.', '2026-05-25 09:32:29.115928', '2026-05-25 09:32:29.115928') RETURNING "id" /*application='J2cRentals'*/[0m
  [1m[36mTRANSACTION (0.3ms)[0m  [1m[35mCOMMIT TRANSACTION /*application='J2cRentals'*/[0m
  [1m[36mTRANSACTION (0.9ms)[0m  [1m[35mBEGIN immediate TRANSACTION /*application='J2cRentals'*/[0m
  [1m[36mVehicle Create (35.3ms)[0m  [1m[32mINSERT INTO "vehicles" ("name", "make", "model", "year", "category", "seats", "doors", "transmission", "fuel", "drivetrain", "location", "daily_rate", "rating", "image_url", "hero_color", "mileage", "luggage", "featured", "available", "description", "created_at", "updated_at") VALUES ('Coastal Thar', 'Mahindra', 'Thar', 2025, 'SUV', 4, 3, 'Automatic', 'Diesel', '4WD', 'Goa Panaji', 5199.0, 4.8, 'https://images.unsplash.com/photo-1609521263047-f8f205293f24?auto=format&fit=crop&w=1200&q=80', '#b45309', '15 km/l', 2, TRUE, TRUE, 'Open-road character with 4WD confidence for scenic drives and resort transfers.', '2026-05-25 09:32:29.131699', '2026-05-25 09:32:29.131699') RETURNING "id" /*application='J2cRentals'*/[0m
  [1m[36mTRANSACTION (0.3ms)[0m  [1m[35mCOMMIT TRANSACTION /*application='J2cRentals'*/[0m
  [1m[36mTRANSACTION (0.1ms)[0m  [1m[35mBEGIN immediate TRANSACTION /*application='J2cRentals'*/[0m
  [1m[36mVehicle Create (11.5ms)[0m  [1m[32mINSERT INTO "vehicles" ("name", "make", "model", "year", "category", "seats", "doors", "transmission", "fuel", "drivetrain", "location", "daily_rate", "rating", "image_url", "hero_color", "mileage", "luggage", "featured", "available", "description", "created_at", "updated_at") VALUES ('Model 3 Volt', 'Tesla', 'Model 3', 2026, 'Electric', 5, 4, 'Automatic', 'Electric', 'RWD', 'Delhi Airport', 6999.0, 4.9, 'https://images.unsplash.com/photo-1560958089-b8a1929cea89?auto=format&fit=crop&w=1200&q=80', '#0891b2', '520 km range', 3, FALSE, TRUE, 'A quiet electric sedan for premium arrivals, low running cost, and smooth highway cruising.', '2026-05-25 09:32:29.236669', '2026-05-25 09:32:29.236669') RETURNING "id" /*application='J2cRentals'*/[0m
  [1m[36mTRANSACTION (2.7ms)[0m  [1m[35mCOMMIT TRANSACTION /*application='J2cRentals'*/[0m
  [1m[36mTRANSACTION (0.1ms)[0m  [1m[35mBEGIN immediate TRANSACTION /*application='J2cRentals'*/[0m
  [1m[36mVehicle Create (5.4ms)[0m  [1m[32mINSERT INTO "vehicles" ("name", "make", "model", "year", "category", "seats", "doors", "transmission", "fuel", "drivetrain", "location", "daily_rate", "rating", "image_url", "hero_color", "mileage", "luggage", "featured", "available", "description", "created_at", "updated_at") VALUES ('Camry Signature', 'Toyota', 'Camry', 2026, 'Luxury', 5, 4, 'Automatic', 'Hybrid', 'FWD', 'Mumbai Airport', 6299.0, 4.8, 'https://images.unsplash.com/photo-1552519507-da3b142c6e3d?auto=format&fit=crop&w=1200&q=80', '#334155', '23 km/l', 3, FALSE, TRUE, 'A refined sedan for business travel, hotel transfers, and comfortable long drives.', '2026-05-25 09:32:29.265667', '2026-05-25 09:32:29.265667') RETURNING "id" /*application='J2cRentals'*/[0m
  [1m[36mTRANSACTION (0.2ms)[0m  [1m[35mCOMMIT TRANSACTION /*application='J2cRentals'*/[0m
  [1m[36mTRANSACTION (0.1ms)[0m  [1m[35mBEGIN immediate TRANSACTION /*application='J2cRentals'*/[0m
  [1m[36mVehicle Create (3.1ms)[0m  [1m[32mINSERT INTO "vehicles" ("name", "make", "model", "year", "category", "seats", "doors", "transmission", "fuel", "drivetrain", "location", "daily_rate", "rating", "image_url", "hero_color", "mileage", "luggage", "featured", "available", "description", "created_at", "updated_at") VALUES ('Kwid Easy', 'Renault', 'Kwid', 2024, 'Economy', 5, 4, 'Manual', 'Petrol', 'FWD', 'Goa Panaji', 1799.0, 4.4, 'https://images.unsplash.com/photo-1580273916550-e323be2ae537?auto=format&fit=crop&w=1200&q=80', '#16a34a', '22 km/l', 2, FALSE, TRUE, 'A budget-friendly city car for short hops, errands, and flexible sightseeing days.', '2026-05-25 09:32:29.278799', '2026-05-25 09:32:29.278799') RETURNING "id" /*application='J2cRentals'*/[0m
  [1m[36mTRANSACTION (0.3ms)[0m  [1m[35mCOMMIT TRANSACTION /*application='J2cRentals'*/[0m
  [1m[36mTRANSACTION (0.1ms)[0m  [1m[35mBEGIN immediate TRANSACTION /*application='J2cRentals'*/[0m
  [1m[36mCoupon Exists? (5.1ms)[0m  [1m[34mSELECT 1 AS one FROM "coupons" WHERE "coupons"."code" = 'WEEKEND15' LIMIT 1 /*application='J2cRentals'*/[0m
  [1m[36mCoupon Create (0.4ms)[0m  [1m[32mINSERT INTO "coupons" ("code", "description", "discount_type", "value", "starts_on", "ends_on", "active", "usage_limit", "used_count", "created_at", "updated_at") VALUES ('WEEKEND15', 'Weekend demand promotion for approved customers.', 'percent', 15.0, '2026-05-23', '2026-07-09', TRUE, 100, 0, '2026-05-25 09:32:29.306759', '2026-05-25 09:32:29.306759') RETURNING "id" /*application='J2cRentals'*/[0m
  [1m[36mTRANSACTION (0.3ms)[0m  [1m[35mCOMMIT TRANSACTION /*application='J2cRentals'*/[0m
  [1m[36mTRANSACTION (0.1ms)[0m  [1m[35mBEGIN immediate TRANSACTION /*application='J2cRentals'*/[0m
  ↳ app/models/reservation.rb:112:in 'Reservation#vehicle_available_for_dates'
  [1m[36mReservation Exists? (3.1ms)[0m  [1m[34mSELECT 1 AS one FROM "reservations" WHERE "reservations"."vehicle_id" = 19 AND "reservations"."status" IN ('pending', 'approved', 'active') AND (pickup_date < '2026-05-30' AND dropoff_date > '2026-05-27') LIMIT 1 /*application='J2cRentals'*/[0m
  ↳ app/models/reservation.rb:112:in 'Reservation#vehicle_available_for_dates'
  [1m[36mReservation Create (0.5ms)[0m  [1m[32mINSERT INTO "reservations" ("vehicle_id", "first_name", "last_name", "email", "phone", "pickup_location", "dropoff_location", "pickup_date", "dropoff_date", "pickup_time", "dropoff_time", "driver_age", "protection_plan", "extras", "status", "confirmation_code", "total_price", "notes", "created_at", "updated_at", "deposit_amount", "deposit_status", "document_status", "admin_notes", "reviewed_at", "reviewed_by", "user_id", "coupon_id", "cancelled_at", "cancellation_reason", "invoice_number", "pricing_snapshot") VALUES (19, 'Nisha', 'Kapoor', 'nisha.kapoor@example.com', '+91 98765 11111', 'Mumbai Airport', 'Mumbai Airport', '2026-05-27', '2026-05-30', '09:30', '18:00', 31, 'Premium', '["Airport fast pickup","Additional driver"]', 'pending', 'J2CXM02EL', 13384.1, NULL, '2026-05-25 09:32:29.327444', '2026-05-25 09:32:29.327444', 4499.0, 'Paid', 'Pending review', 'Corporate traveler. Verify license before handover.', NULL, NULL, 3, 1, NULL, NULL, 'INV-202605-YCZTE', '{"daily_rate":"4499.0","days":3,"protection":1499,"extras":["Airport fast pickup","Additional driver"],"extra_total":750,"discount":"2361.9"}') RETURNING "id" /*application='J2cRentals'*/[0m
  [1m[36mTRANSACTION (0.5ms)[0m  [1m[35mCOMMIT TRANSACTION /*application='J2cRentals'*/[0m
  [1m[36mTRANSACTION (0.1ms)[0m  [1m[35mBEGIN immediate TRANSACTION /*application='J2cRentals'*/[0m
  ↳ app/models/reservation.rb:112:in 'Reservation#vehicle_available_for_dates'
  [1m[36mReservation Exists? (2.9ms)[0m  [1m[34mSELECT 1 AS one FROM "reservations" WHERE "reservations"."vehicle_id" = 20 AND "reservations"."status" IN ('pending', 'approved', 'active') AND (pickup_date < '2026-06-05' AND dropoff_date > '2026-06-01') LIMIT 1 /*application='J2cRentals'*/[0m
  ↳ app/models/reservation.rb:112:in 'Reservation#vehicle_available_for_dates'
  [1m[36mReservation Create (0.6ms)[0m  [1m[32mINSERT INTO "reservations" ("vehicle_id", "first_name", "last_name", "email", "phone", "pickup_location", "dropoff_location", "pickup_date", "dropoff_date", "pickup_time", "dropoff_time", "driver_age", "protection_plan", "extras", "status", "confirmation_code", "total_price", "notes", "created_at", "updated_at", "deposit_amount", "deposit_status", "document_status", "admin_notes", "reviewed_at", "reviewed_by", "user_id", "coupon_id", "cancelled_at", "cancellation_reason", "invoice_number", "pricing_snapshot") VALUES (20, 'Rahul', 'Bansal', 'rahul.bansal@example.com', '+91 98765 22222', 'Bengaluru Indiranagar', 'Gurugram Cyber City', '2026-06-01', '2026-06-05', '11:00', '16:30', 39, 'Plus', '["Child seat","Unlimited kilometers"]', 'approved', 'J2C4LYPJB', 25344.0, NULL, '2026-05-25 09:32:29.347780', '2026-05-25 09:32:29.347780', 5799.0, 'Paid', 'Accepted', NULL, '2026-05-25 09:32:29.316528', 'Operations Admin', 4, NULL, NULL, NULL, 'INV-202605-YSM6R', '{"daily_rate":"5799.0","days":4,"protection":899,"extras":["Child seat","Unlimited kilometers"],"extra_total":1249,"discount":"0.0"}') RETURNING "id" /*application='J2cRentals'*/[0m
  [1m[36mTRANSACTION (0.4ms)[0m  [1m[35mCOMMIT TRANSACTION /*application='J2cRentals'*/[0m
  [1m[36mTRANSACTION (0.1ms)[0m  [1m[35mBEGIN immediate TRANSACTION /*application='J2cRentals'*/[0m
  [1m[36mRentalDocument Create (6.0ms)[0m  [1m[32mINSERT INTO "rental_documents" ("reservation_id", "document_type", "file_name", "status", "notes", "created_at", "updated_at") VALUES (3, 'Driving license', 'nisha-license.pdf', 'Pending review', 'Front side received.', '2026-05-25 09:32:29.360136', '2026-05-25 09:32:29.360136') RETURNING "id" /*application='J2cRentals'*/[0m
  [1m[36mTRANSACTION (0.4ms)[0m  [1m[35mCOMMIT TRANSACTION /*application='J2cRentals'*/[0m
  [1m[36mTRANSACTION (0.1ms)[0m  [1m[35mBEGIN immediate TRANSACTION /*application='J2cRentals'*/[0m
  [1m[36mRentalDocument Create (10.2ms)[0m  [1m[32mINSERT INTO "rental_documents" ("reservation_id", "document_type", "file_name", "status", "notes", "created_at", "updated_at") VALUES (3, 'Aadhaar / ID proof', 'nisha-id.pdf', 'Accepted', 'Matches booking name.', '2026-05-25 09:32:29.401292', '2026-05-25 09:32:29.401292') RETURNING "id" /*application='J2cRentals'*/[0m
  [1m[36mTRANSACTION (0.4ms)[0m  [1m[35mCOMMIT TRANSACTION /*application='J2cRentals'*/[0m
  [1m[36mTRANSACTION (0.1ms)[0m  [1m[35mBEGIN immediate TRANSACTION /*application='J2cRentals'*/[0m
  [1m[36mRentalDocument Create (6.1ms)[0m  [1m[32mINSERT INTO "rental_documents" ("reservation_id", "document_type", "file_name", "status", "notes", "created_at", "updated_at") VALUES (4, 'Driving license', 'rahul-license.pdf', 'Accepted', 'Valid through next year.', '2026-05-25 09:32:29.425290', '2026-05-25 09:32:29.425290') RETURNING "id" /*application='J2cRentals'*/[0m
  [1m[36mTRANSACTION (0.3ms)[0m  [1m[35mCOMMIT TRANSACTION /*application='J2cRentals'*/[0m
  [1m[36mTRANSACTION (0.1ms)[0m  [1m[35mBEGIN immediate TRANSACTION /*application='J2cRentals'*/[0m
  [1m[36mRentalDocument Create (5.3ms)[0m  [1m[32mINSERT INTO "rental_documents" ("reservation_id", "document_type", "file_name", "status", "notes", "created_at", "updated_at") VALUES (4, 'Payment receipt', 'rahul-deposit.pdf', 'Accepted', 'Deposit captured.', '2026-05-25 09:32:29.441271', '2026-05-25 09:32:29.441271') RETURNING "id" /*application='J2cRentals'*/[0m
  [1m[36mTRANSACTION (0.6ms)[0m  [1m[35mCOMMIT TRANSACTION /*application='J2cRentals'*/[0m
  [1m[36mTRANSACTION (0.2ms)[0m  [1m[35mBEGIN immediate TRANSACTION /*application='J2cRentals'*/[0m
  [1m[36mPayment Create (5.5ms)[0m  [1m[32mINSERT INTO "payments" ("reservation_id", "user_id", "amount", "status", "provider", "transaction_id", "paid_at", "metadata", "created_at", "updated_at") VALUES (3, 3, 4499.0, 'Paid', 'Demo Gateway', 'PAYRSB7LWQC', '2026-05-25 07:32:29.454572', NULL, '2026-05-25 09:32:29.468092', '2026-05-25 09:32:29.468092') RETURNING "id" /*application='J2cRentals'*/[0m
  [1m[36mTRANSACTION (0.5ms)[0m  [1m[35mCOMMIT TRANSACTION /*application='J2cRentals'*/[0m
  [1m[36mTRANSACTION (0.1ms)[0m  [1m[35mBEGIN immediate TRANSACTION /*application='J2cRentals'*/[0m
  [1m[36mPayment Create (5.2ms)[0m  [1m[32mINSERT INTO "payments" ("reservation_id", "user_id", "amount", "status", "provider", "transaction_id", "paid_at", "metadata", "created_at", "updated_at") VALUES (4, 4, 5799.0, 'Paid', 'Demo Gateway', 'PAYO4XCETZ1', '2026-05-24 09:32:29.454843', NULL, '2026-05-25 09:32:29.487339', '2026-05-25 09:32:29.487339') RETURNING "id" /*application='J2cRentals'*/[0m
  [1m[36mTRANSACTION (0.3ms)[0m  [1m[35mCOMMIT TRANSACTION /*application='J2cRentals'*/[0m
  [1m[36mTRANSACTION (0.1ms)[0m  [1m[35mBEGIN immediate TRANSACTION /*application='J2cRentals'*/[0m
  [1m[36mMaintenanceLog Create (7.0ms)[0m  [1m[32mINSERT INTO "maintenance_logs" ("vehicle_id", "status", "service_type", "scheduled_on", "completed_on", "cost", "odometer", "notes", "created_at", "updated_at") VALUES (19, 'Scheduled', 'Tire inspection', '2026-05-28', NULL, 2400.0, 18200, 'Before next long rental.', '2026-05-25 09:32:29.514502', '2026-05-25 09:32:29.514502') RETURNING "id" /*application='J2cRentals'*/[0m
  [1m[36mTRANSACTION (0.3ms)[0m  [1m[35mCOMMIT TRANSACTION /*application='J2cRentals'*/[0m
  [1m[36mTRANSACTION (0.1ms)[0m  [1m[35mBEGIN immediate TRANSACTION /*application='J2cRentals'*/[0m
  [1m[36mMaintenanceLog Create (3.6ms)[0m  [1m[32mINSERT INTO "maintenance_logs" ("vehicle_id", "status", "service_type", "scheduled_on", "completed_on", "cost", "odometer", "notes", "created_at", "updated_at") VALUES (21, 'Overdue', 'Brake check', '2026-05-24', NULL, 5200.0, 22900, 'Block if not completed today.', '2026-05-25 09:32:29.544754', '2026-05-25 09:32:29.544754') RETURNING "id" /*application='J2cRentals'*/[0m
  [1m[36mTRANSACTION (0.3ms)[0m  [1m[35mCOMMIT TRANSACTION /*application='J2cRentals'*/[0m
  [1m[36mTRANSACTION (0.1ms)[0m  [1m[35mBEGIN immediate TRANSACTION /*application='J2cRentals'*/[0m
  [1m[36mSupportTicket Create (3.5ms)[0m  [1m[32mINSERT INTO "support_tickets" ("user_id", "reservation_id", "subject", "status", "priority", "category", "message", "assigned_to", "resolved_at", "created_at", "updated_at") VALUES (3, 3, 'Need invoice GST details', 'Open', 'Medium', 'Billing', 'Customer requested invoice update before pickup.', NULL, NULL, '2026-05-25 09:32:29.564321', '2026-05-25 09:32:29.564321') RETURNING "id" /*application='J2cRentals'*/[0m
  [1m[36mTRANSACTION (0.2ms)[0m  [1m[35mCOMMIT TRANSACTION /*application='J2cRentals'*/[0m
  [1m[36mTRANSACTION (0.1ms)[0m  [1m[35mBEGIN immediate TRANSACTION /*application='J2cRentals'*/[0m
  [1m[36mContentBlock Exists? (3.4ms)[0m  [1m[34mSELECT 1 AS one FROM "content_blocks" WHERE "content_blocks"."key" = 'homepage-summer-drive' LIMIT 1 /*application='J2cRentals'*/[0m
  [1m[36mContentBlock Create (0.2ms)[0m  [1m[32mINSERT INTO "content_blocks" ("key", "title", "body", "image_url", "active", "placement", "created_at", "updated_at") VALUES ('homepage-summer-drive', 'Summer highway-ready rentals', 'Promote airport-ready SUVs, family vans, and electric sedans for premium self-drive bookings.', 'https://images.unsplash.com/photo-1492144534655-ae79c964c9d7?auto=format&fit=crop&w=1600&q=80', TRUE, 'homepage', '2026-05-25 09:32:29.586961', '2026-05-25 09:32:29.586961') RETURNING "id" /*application='J2cRentals'*/[0m
  [1m[36mTRANSACTION (0.2ms)[0m  [1m[35mCOMMIT TRANSACTION /*application='J2cRentals'*/[0m
  [1m[36mTRANSACTION (0.1ms)[0m  [1m[35mBEGIN immediate TRANSACTION /*application='J2cRentals'*/[0m
  [1m[36mAdminAction Create (3.0ms)[0m  [1m[32mINSERT INTO "admin_actions" ("user_id", "action", "resource_type", "resource_id", "ip_address", "metadata", "created_at", "updated_at") VALUES (1, 'seed.initialized', 'System', NULL, '127.0.0.1', '"{\"note\":\"Seed data created\"}"', '2026-05-25 09:32:29.599403', '2026-05-25 09:32:29.599403') RETURNING "id" /*application='J2cRentals'*/[0m
  [1m[36mTRANSACTION (0.3ms)[0m  [1m[35mCOMMIT TRANSACTION /*application='J2cRentals'*/[0m
  [1m[36mTRANSACTION (0.1ms)[0m  [1m[35mBEGIN immediate TRANSACTION /*application='J2cRentals'*/[0m
  [1m[36mLead Create (4.3ms)[0m  [1m[32mINSERT INTO "leads" ("name", "email", "phone", "trip_location", "preferred_vehicle", "source", "status", "priority", "follow_up_on", "budget", "notes", "created_at", "updated_at") VALUES ('Ananya Rao', 'ananya.rao@example.com', '+91 90000 11111', 'Goa Panaji', 'SUV convertible feel', 'Website', 'New', 'High', '2026-05-26', 6000.0, 'Wants a scenic weekend rental and airport pickup.', '2026-05-25 09:32:29.611644', '2026-05-25 09:32:29.611644') RETURNING "id" /*application='J2cRentals'*/[0m
  [1m[36mTRANSACTION (0.2ms)[0m  [1m[35mCOMMIT TRANSACTION /*application='J2cRentals'*/[0m
  [1m[36mTRANSACTION (0.1ms)[0m  [1m[35mBEGIN immediate TRANSACTION /*application='J2cRentals'*/[0m
  [1m[36mLead Create (4.9ms)[0m  [1m[32mINSERT INTO "leads" ("name", "email", "phone", "trip_location", "preferred_vehicle", "source", "status", "priority", "follow_up_on", "budget", "notes", "created_at", "updated_at") VALUES ('Vikram Sethi', 'vikram.sethi@example.com', '+91 90000 22222', 'Delhi Airport', 'Electric sedan', 'WhatsApp', 'Contacted', 'Medium', '2026-05-27', 7500.0, 'Asked about charging support and included kilometers.', '2026-05-25 09:32:29.624742', '2026-05-25 09:32:29.624742') RETURNING "id" /*application='J2cRentals'*/[0m
  [1m[36mTRANSACTION (0.2ms)[0m  [1m[35mCOMMIT TRANSACTION /*application='J2cRentals'*/[0m
  [1m[36mTRANSACTION (0.1ms)[0m  [1m[35mBEGIN immediate TRANSACTION /*application='J2cRentals'*/[0m
  [1m[36mLead Create (5.1ms)[0m  [1m[32mINSERT INTO "leads" ("name", "email", "phone", "trip_location", "preferred_vehicle", "source", "status", "priority", "follow_up_on", "budget", "notes", "created_at", "updated_at") VALUES ('Meera Iyer', 'meera.iyer@example.com', '+91 90000 33333', 'Bengaluru Indiranagar', '7-seater', 'Referral', 'Managed', 'Urgent', '2026-05-25', 6500.0, 'Converted to approved reservation.', '2026-05-25 09:32:29.638155', '2026-05-25 09:32:29.638155') RETURNING "id" /*application='J2cRentals'*/[0m
  [1m[36mTRANSACTION (0.7ms)[0m  [1m[35mCOMMIT TRANSACTION /*application='J2cRentals'*/[0m
  [1m[36mTRANSACTION (0.1ms)[0m  [1m[35mBEGIN immediate TRANSACTION /*application='J2cRentals'*/[0m
  [1m[36mLead Create (4.9ms)[0m  [1m[32mINSERT INTO "leads" ("name", "email", "phone", "trip_location", "preferred_vehicle", "source", "status", "priority", "follow_up_on", "budget", "notes", "created_at", "updated_at") VALUES ('Kabir Khan', NULL, '+91 90000 44444', 'Mumbai Airport', 'Luxury sedan', 'Campaign', 'Lost', 'Low', '2026-05-24', 3000.0, 'Budget mismatch.', '2026-05-25 09:32:29.655913', '2026-05-25 09:32:29.655913') RETURNING "id" /*application='J2cRentals'*/[0m
  [1m[36mTRANSACTION (0.2ms)[0m  [1m[35mCOMMIT TRANSACTION /*application='J2cRentals'*/[0m
  [1m[36mUser Load (0.2ms)[0m  [1m[34mSELECT "users".* FROM "users" WHERE "users"."email" = 'admin@j2c.test' LIMIT 1 /*application='J2cRentals'*/[0m
  [1m[36mUser Count (3.1ms)[0m  [1m[34mSELECT COUNT(*) FROM "users" /*application='J2cRentals'*/[0m
  [1m[36mVehicle Count (0.1ms)[0m  [1m[34mSELECT COUNT(*) FROM "vehicles" /*application='J2cRentals'*/[0m
  [1m[36mReservation Count (0.1ms)[0m  [1m[34mSELECT COUNT(*) FROM "reservations" /*application='J2cRentals'*/[0m
  [1m[36mPayment Count (0.1ms)[0m  [1m[34mSELECT COUNT(*) FROM "payments" /*application='J2cRentals'*/[0m
  [1m[36mMaintenanceLog Count (0.2ms)[0m  [1m[34mSELECT COUNT(*) FROM "maintenance_logs" /*application='J2cRentals'*/[0m
  [1m[36mSupportTicket Count (0.1ms)[0m  [1m[34mSELECT COUNT(*) FROM "support_tickets" /*application='J2cRentals'*/[0m
  [1m[36mCoupon Count (0.1ms)[0m  [1m[34mSELECT COUNT(*) FROM "coupons" /*application='J2cRentals'*/[0m
  [1m[36mContentBlock Count (0.1ms)[0m  [1m[34mSELECT COUNT(*) FROM "content_blocks" /*application='J2cRentals'*/[0m
  [1m[36mCACHE User Load (0.0ms)[0m  [1m[34mSELECT "users".* FROM "users" WHERE "users"."email" = 'admin@j2c.test' LIMIT 1[0m
Started GET "/admin-portal" for 127.0.0.1 at 2026-05-25 15:02:55 +0530
Started GET "/admin" for 127.0.0.1 at 2026-05-25 15:02:55 +0530
  [1m[36mActiveRecord::SchemaMigration Load (0.5ms)[0m  [1m[34mSELECT "schema_migrations"."version" FROM "schema_migrations" ORDER BY "schema_migrations"."version" ASC /*application='J2cRentals'*/[0m
  
ActionController::RoutingError (No route matches [GET] "/admin"):
  
Processing by Admin::DashboardController#index as HTML
Redirected to http://127.0.0.1:3000/admin-portal/session/new
↳ app/controllers/admin/base_controller.rb:12:in 'Admin::BaseController#require_admin!'
Filter chain halted as :require_admin! rendered or redirected
Completed 302 Found in 14ms (ActiveRecord: 0.0ms (0 queries, 0 cached) | GC: 0.0ms)


  [1m[36mActiveRecord::SchemaMigration Load (0.2ms)[0m  [1m[34mSELECT "schema_migrations"."version" FROM "schema_migrations" ORDER BY "schema_migrations"."version" ASC /*application='J2cRentals'*/[0m
  [1m[36mActiveRecord::InternalMetadata Load (0.1ms)[0m  [1m[34mSELECT * FROM "ar_internal_metadata" WHERE "ar_internal_metadata"."key" = 'environment' ORDER BY "ar_internal_metadata"."key" ASC LIMIT 1 /*application='J2cRentals'*/[0m
  [1m[36mActiveRecord::SchemaMigration Load (0.0ms)[0m  [1m[34mSELECT "schema_migrations"."version" FROM "schema_migrations" ORDER BY "schema_migrations"."version" ASC /*application='J2cRentals'*/[0m
  [1m[36mActiveRecord::InternalMetadata Load (0.1ms)[0m  [1m[34mSELECT * FROM "ar_internal_metadata" WHERE "ar_internal_metadata"."key" = 'environment' ORDER BY "ar_internal_metadata"."key" ASC LIMIT 1 /*application='J2cRentals'*/[0m
  [1m[36mActiveRecord::SchemaMigration Load (0.0ms)[0m  [1m[34mSELECT "schema_migrations"."version" FROM "schema_migrations" ORDER BY "schema_migrations"."version" ASC /*application='J2cRentals'*/[0m
  [1m[36mActiveRecord::InternalMetadata Load (0.1ms)[0m  [1m[34mSELECT * FROM "ar_internal_metadata" WHERE "ar_internal_metadata"."key" = 'environment' ORDER BY "ar_internal_metadata"."key" ASC LIMIT 1 /*application='J2cRentals'*/[0m
  [1m[35m (2.8ms)[0m  [1m[35mDROP TABLE IF EXISTS "admin_actions" /*application='J2cRentals'*/[0m
  [1m[35m (2.7ms)[0m  [1m[35mCREATE TABLE "admin_actions" ("id" integer PRIMARY KEY AUTOINCREMENT NOT NULL, "action" varchar, "created_at" datetime(6) NOT NULL, "ip_address" varchar, "metadata" text, "resource_id" integer, "resource_type" varchar, "updated_at" datetime(6) NOT NULL, "user_id" integer NOT NULL) /*application='J2cRentals'*/[0m
  [1m[35m (0.2ms)[0m  [1m[35mCREATE INDEX "index_admin_actions_on_action" ON "admin_actions" ("action") /*application='J2cRentals'*/[0m
  [1m[35m (0.1ms)[0m  [1m[35mCREATE INDEX "index_admin_actions_on_resource_type_and_resource_id" ON "admin_actions" ("resource_type", "resource_id") /*application='J2cRentals'*/[0m
  [1m[35m (0.2ms)[0m  [1m[35mCREATE INDEX "index_admin_actions_on_user_id" ON "admin_actions" ("user_id") /*application='J2cRentals'*/[0m
  [1m[35m (0.1ms)[0m  [1m[35mDROP TABLE IF EXISTS "content_blocks" /*application='J2cRentals'*/[0m
  [1m[35m (0.1ms)[0m  [1m[35mCREATE TABLE "content_blocks" ("id" integer PRIMARY KEY AUTOINCREMENT NOT NULL, "active" boolean DEFAULT TRUE, "body" text, "created_at" datetime(6) NOT NULL, "image_url" varchar, "key" varchar, "placement" varchar, "title" varchar, "updated_at" datetime(6) NOT NULL) /*application='J2cRentals'*/[0m
  [1m[35m (0.1ms)[0m  [1m[35mCREATE INDEX "index_content_blocks_on_active" ON "content_blocks" ("active") /*application='J2cRentals'*/[0m
  [1m[35m (0.1ms)[0m  [1m[35mCREATE UNIQUE INDEX "index_content_blocks_on_key" ON "content_blocks" ("key") /*application='J2cRentals'*/[0m
  [1m[35m (0.2ms)[0m  [1m[35mCREATE INDEX "index_content_blocks_on_placement" ON "content_blocks" ("placement") /*application='J2cRentals'*/[0m
  [1m[35m (0.1ms)[0m  [1m[35mDROP TABLE IF EXISTS "coupons" /*application='J2cRentals'*/[0m
  [1m[35m (0.2ms)[0m  [1m[35mCREATE TABLE "coupons" ("id" integer PRIMARY KEY AUTOINCREMENT NOT NULL, "active" boolean DEFAULT TRUE, "code" varchar, "created_at" datetime(6) NOT NULL, "description" text, "discount_type" varchar, "ends_on" date, "starts_on" date, "updated_at" datetime(6) NOT NULL, "usage_limit" integer DEFAULT 0, "used_count" integer DEFAULT 0, "value" decimal(8,2)) /*application='J2cRentals'*/[0m
  [1m[35m (0.1ms)[0m  [1m[35mCREATE INDEX "index_coupons_on_active" ON "coupons" ("active") /*application='J2cRentals'*/[0m
  [1m[35m (0.1ms)[0m  [1m[35mCREATE UNIQUE INDEX "index_coupons_on_code" ON "coupons" ("code") /*application='J2cRentals'*/[0m
  [1m[35m (0.0ms)[0m  [1m[35mDROP TABLE IF EXISTS "favorites" /*application='J2cRentals'*/[0m
  [1m[35m (0.2ms)[0m  [1m[35mCREATE TABLE "favorites" ("id" integer PRIMARY KEY AUTOINCREMENT NOT NULL, "created_at" datetime(6) NOT NULL, "updated_at" datetime(6) NOT NULL, "user_id" integer NOT NULL, "vehicle_id" integer NOT NULL) /*application='J2cRentals'*/[0m
  [1m[35m (0.1ms)[0m  [1m[35mCREATE UNIQUE INDEX "index_favorites_on_user_id_and_vehicle_id" ON "favorites" ("user_id", "vehicle_id") /*application='J2cRentals'*/[0m
  [1m[35m (0.1ms)[0m  [1m[35mCREATE INDEX "index_favorites_on_user_id" ON "favorites" ("user_id") /*application='J2cRentals'*/[0m
  [1m[35m (0.1ms)[0m  [1m[35mCREATE INDEX "index_favorites_on_vehicle_id" ON "favorites" ("vehicle_id") /*application='J2cRentals'*/[0m
  [1m[35m (0.1ms)[0m  [1m[35mDROP TABLE IF EXISTS "leads" /*application='J2cRentals'*/[0m
  [1m[35m (0.2ms)[0m  [1m[35mCREATE TABLE "leads" ("id" integer PRIMARY KEY AUTOINCREMENT NOT NULL, "budget" decimal(10,2), "created_at" datetime(6) NOT NULL, "email" varchar, "follow_up_on" date, "name" varchar, "notes" text, "phone" varchar, "preferred_vehicle" varchar, "priority" varchar, "source" varchar, "status" varchar, "trip_location" varchar, "updated_at" datetime(6) NOT NULL) /*application='J2cRentals'*/[0m
  [1m[35m (0.1ms)[0m  [1m[35mCREATE INDEX "index_leads_on_follow_up_on" ON "leads" ("follow_up_on") /*application='J2cRentals'*/[0m
  [1m[35m (0.1ms)[0m  [1m[35mCREATE INDEX "index_leads_on_priority" ON "leads" ("priority") /*application='J2cRentals'*/[0m
  [1m[35m (0.2ms)[0m  [1m[35mCREATE INDEX "index_leads_on_status" ON "leads" ("status") /*application='J2cRentals'*/[0m
  [1m[35m (0.0ms)[0m  [1m[35mDROP TABLE IF EXISTS "maintenance_logs" /*application='J2cRentals'*/[0m
  [1m[35m (0.1ms)[0m  [1m[35mCREATE TABLE "maintenance_logs" ("id" integer PRIMARY KEY AUTOINCREMENT NOT NULL, "completed_on" date, "cost" decimal(10,2), "created_at" datetime(6) NOT NULL, "notes" text, "odometer" integer, "scheduled_on" date, "service_type" varchar, "status" varchar, "updated_at" datetime(6) NOT NULL, "vehicle_id" integer NOT NULL) /*application='J2cRentals'*/[0m
  [1m[35m (0.1ms)[0m  [1m[35mCREATE INDEX "index_maintenance_logs_on_scheduled_on" ON "maintenance_logs" ("scheduled_on") /*application='J2cRentals'*/[0m
  [1m[35m (0.2ms)[0m  [1m[35mCREATE INDEX "index_maintenance_logs_on_status" ON "maintenance_logs" ("status") /*application='J2cRentals'*/[0m
  [1m[35m (0.1ms)[0m  [1m[35mCREATE INDEX "index_maintenance_logs_on_vehicle_id" ON "maintenance_logs" ("vehicle_id") /*application='J2cRentals'*/[0m
  [1m[35m (0.0ms)[0m  [1m[35mDROP TABLE IF EXISTS "notifications" /*application='J2cRentals'*/[0m
  [1m[35m (0.2ms)[0m  [1m[35mCREATE TABLE "notifications" ("id" integer PRIMARY KEY AUTOINCREMENT NOT NULL, "body" text, "created_at" datetime(6) NOT NULL, "kind" varchar, "read_at" datetime(6), "title" varchar, "updated_at" datetime(6) NOT NULL, "user_id" integer NOT NULL) /*application='J2cRentals'*/[0m
  [1m[35m (0.1ms)[0m  [1m[35mCREATE INDEX "index_notifications_on_kind" ON "notifications" ("kind") /*application='J2cRentals'*/[0m
  [1m[35m (0.1ms)[0m  [1m[35mCREATE INDEX "index_notifications_on_read_at" ON "notifications" ("read_at") /*application='J2cRentals'*/[0m
  [1m[35m (0.2ms)[0m  [1m[35mCREATE INDEX "index_notifications_on_user_id" ON "notifications" ("user_id") /*application='J2cRentals'*/[0m
  [1m[35m (0.0ms)[0m  [1m[35mDROP TABLE IF EXISTS "payments" /*application='J2cRentals'*/[0m
  [1m[35m (0.1ms)[0m  [1m[35mCREATE TABLE "payments" ("id" integer PRIMARY KEY AUTOINCREMENT NOT NULL, "amount" decimal(10,2), "created_at" datetime(6) NOT NULL, "metadata" text, "paid_at" datetime(6), "provider" varchar, "reservation_id" integer NOT NULL, "status" varchar DEFAULT 'Pending', "transaction_id" varchar, "updated_at" datetime(6) NOT NULL, "user_id" integer NOT NULL) /*application='J2cRentals'*/[0m
  [1m[35m (0.1ms)[0m  [1m[35mCREATE INDEX "index_payments_on_reservation_id" ON "payments" ("reservation_id") /*application='J2cRentals'*/[0m
  [1m[35m (0.2ms)[0m  [1m[35mCREATE INDEX "index_payments_on_status" ON "payments" ("status") /*application='J2cRentals'*/[0m
  [1m[35m (0.1ms)[0m  [1m[35mCREATE UNIQUE INDEX "index_payments_on_transaction_id" ON "payments" ("transaction_id") /*application='J2cRentals'*/[0m
  [1m[35m (0.3ms)[0m  [1m[35mCREATE INDEX "index_payments_on_user_id" ON "payments" ("user_id") /*application='J2cRentals'*/[0m
  [1m[35m (0.0ms)[0m  [1m[35mDROP TABLE IF EXISTS "rental_documents" /*application='J2cRentals'*/[0m
  [1m[35m (0.1ms)[0m  [1m[35mCREATE TABLE "rental_documents" ("id" integer PRIMARY KEY AUTOINCREMENT NOT NULL, "created_at" datetime(6) NOT NULL, "document_type" varchar, "file_name" varchar, "notes" text, "reservation_id" integer NOT NULL, "status" varchar, "updated_at" datetime(6) NOT NULL) /*application='J2cRentals'*/[0m
  [1m[35m (0.1ms)[0m  [1m[35mCREATE INDEX "index_rental_documents_on_document_type" ON "rental_documents" ("document_type") /*application='J2cRentals'*/[0m
  [1m[35m (0.1ms)[0m  [1m[35mCREATE INDEX "index_rental_documents_on_reservation_id" ON "rental_documents" ("reservation_id") /*application='J2cRentals'*/[0m
  [1m[35m (0.1ms)[0m  [1m[35mCREATE INDEX "index_rental_documents_on_status" ON "rental_documents" ("status") /*application='J2cRentals'*/[0m
  [1m[35m (0.0ms)[0m  [1m[35mDROP TABLE IF EXISTS "reservations" /*application='J2cRentals'*/[0m
  [1m[35m (0.2ms)[0m  [1m[35mCREATE TABLE "reservations" ("id" integer PRIMARY KEY AUTOINCREMENT NOT NULL, "admin_notes" text, "cancellation_reason" text, "cancelled_at" datetime(6), "confirmation_code" varchar, "coupon_id" integer, "created_at" datetime(6) NOT NULL, "deposit_amount" decimal(10,2), "deposit_status" varchar DEFAULT 'Pending', "document_status" varchar DEFAULT 'Pending review', "driver_age" integer, "dropoff_date" date, "dropoff_location" varchar, "dropoff_time" varchar, "email" varchar, "extras" text, "first_name" varchar, "invoice_number" varchar, "last_name" varchar, "notes" text, "phone" varchar, "pickup_date" date, "pickup_location" varchar, "pickup_time" varchar, "pricing_snapshot" text, "protection_plan" varchar, "reviewed_at" datetime(6), "reviewed_by" varchar, "status" varchar, "total_price" decimal(10,2), "updated_at" datetime(6) NOT NULL, "user_id" integer, "vehicle_id" integer NOT NULL) /*application='J2cRentals'*/[0m
  [1m[35m (0.1ms)[0m  [1m[35mCREATE UNIQUE INDEX "index_reservations_on_confirmation_code" ON "reservations" ("confirmation_code") /*application='J2cRentals'*/[0m
  [1m[35m (0.2ms)[0m  [1m[35mCREATE INDEX "index_reservations_on_coupon_id" ON "reservations" ("coupon_id") /*application='J2cRentals'*/[0m
  [1m[35m (0.1ms)[0m  [1m[35mCREATE INDEX "index_reservations_on_deposit_status" ON "reservations" ("deposit_status") /*application='J2cRentals'*/[0m
  [1m[35m (0.1ms)[0m  [1m[35mCREATE INDEX "index_reservations_on_document_status" ON "reservations" ("document_status") /*application='J2cRentals'*/[0m
  [1m[35m (0.2ms)[0m  [1m[35mCREATE UNIQUE INDEX "index_reservations_on_invoice_number" ON "reservations" ("invoice_number") /*application='J2cRentals'*/[0m
  [1m[35m (0.1ms)[0m  [1m[35mCREATE INDEX "index_reservations_on_status" ON "reservations" ("status") /*application='J2cRentals'*/[0m
  [1m[35m (0.1ms)[0m  [1m[35mCREATE INDEX "index_reservations_on_user_id" ON "reservations" ("user_id") /*application='J2cRentals'*/[0m
  [1m[35m (0.6ms)[0m  [1m[35mCREATE INDEX "index_reservations_on_vehicle_id" ON "reservations" ("vehicle_id") /*application='J2cRentals'*/[0m
  [1m[35m (0.0ms)[0m  [1m[35mDROP TABLE IF EXISTS "reviews" /*application='J2cRentals'*/[0m
  [1m[35m (0.2ms)[0m  [1m[35mCREATE TABLE "reviews" ("id" integer PRIMARY KEY AUTOINCREMENT NOT NULL, "approved" boolean DEFAULT FALSE, "body" text, "created_at" datetime(6) NOT NULL, "rating" integer, "reservation_id" integer, "title" varchar, "updated_at" datetime(6) NOT NULL, "user_id" integer NOT NULL, "vehicle_id" integer NOT NULL) /*application='J2cRentals'*/[0m
  [1m[35m (0.2ms)[0m  [1m[35mCREATE INDEX "index_reviews_on_approved" ON "reviews" ("approved") /*application='J2cRentals'*/[0m
  [1m[35m (0.2ms)[0m  [1m[35mCREATE INDEX "index_reviews_on_rating" ON "reviews" ("rating") /*application='J2cRentals'*/[0m
  [1m[35m (0.1ms)[0m  [1m[35mCREATE INDEX "index_reviews_on_reservation_id" ON "reviews" ("reservation_id") /*application='J2cRentals'*/[0m
  [1m[35m (0.1ms)[0m  [1m[35mCREATE INDEX "index_reviews_on_user_id" ON "reviews" ("user_id") /*application='J2cRentals'*/[0m
  [1m[35m (0.1ms)[0m  [1m[35mCREATE INDEX "index_reviews_on_vehicle_id" ON "reviews" ("vehicle_id") /*application='J2cRentals'*/[0m
  [1m[35m (0.0ms)[0m  [1m[35mDROP TABLE IF EXISTS "support_tickets" /*application='J2cRentals'*/[0m
  [1m[35m (0.1ms)[0m  [1m[35mCREATE TABLE "support_tickets" ("id" integer PRIMARY KEY AUTOINCREMENT NOT NULL, "assigned_to" varchar, "category" varchar, "created_at" datetime(6) NOT NULL, "message" text, "priority" varchar DEFAULT 'Medium', "reservation_id" integer, "resolved_at" datetime(6), "status" varchar DEFAULT 'Open', "subject" varchar, "updated_at" datetime(6) NOT NULL, "user_id" integer NOT NULL) /*application='J2cRentals'*/[0m
  [1m[35m (0.1ms)[0m  [1m[35mCREATE INDEX "index_support_tickets_on_priority" ON "support_tickets" ("priority") /*application='J2cRentals'*/[0m
  [1m[35m (0.1ms)[0m  [1m[35mCREATE INDEX "index_support_tickets_on_reservation_id" ON "support_tickets" ("reservation_id") /*application='J2cRentals'*/[0m
  [1m[35m (0.1ms)[0m  [1m[35mCREATE INDEX "index_support_tickets_on_status" ON "support_tickets" ("status") /*application='J2cRentals'*/[0m
  [1m[35m (0.2ms)[0m  [1m[35mCREATE INDEX "index_support_tickets_on_user_id" ON "support_tickets" ("user_id") /*application='J2cRentals'*/[0m
  [1m[35m (0.0ms)[0m  [1m[35mDROP TABLE IF EXISTS "users" /*application='J2cRentals'*/[0m
  [1m[35m (0.1ms)[0m  [1m[35mCREATE TABLE "users" ("id" integer PRIMARY KEY AUTOINCREMENT NOT NULL, "active" boolean DEFAULT TRUE NOT NULL, "created_at" datetime(6) NOT NULL, "email" varchar, "last_login_at" datetime(6), "name" varchar, "password_digest" varchar, "phone" varchar, "role" varchar DEFAULT 'customer' NOT NULL, "updated_at" datetime(6) NOT NULL) /*application='J2cRentals'*/[0m
  [1m[35m (0.2ms)[0m  [1m[35mCREATE UNIQUE INDEX "index_users_on_email" ON "users" ("email") /*application='J2cRentals'*/[0m
  [1m[35m (0.1ms)[0m  [1m[35mCREATE INDEX "index_users_on_role" ON "users" ("role") /*application='J2cRentals'*/[0m
  [1m[35m (0.0ms)[0m  [1m[35mDROP TABLE IF EXISTS "vehicles" /*application='J2cRentals'*/[0m
  [1m[35m (0.2ms)[0m  [1m[35mCREATE TABLE "vehicles" ("id" integer PRIMARY KEY AUTOINCREMENT NOT NULL, "available" boolean DEFAULT TRUE, "category" varchar, "created_at" datetime(6) NOT NULL, "daily_rate" decimal(8,2), "description" text, "doors" integer, "drivetrain" varchar, "featured" boolean DEFAULT FALSE, "fuel" varchar, "hero_color" varchar, "image_url" varchar, "location" varchar, "luggage" integer, "make" varchar, "mileage" varchar, "model" varchar, "name" varchar, "rating" decimal(3,1), "seats" integer, "transmission" varchar, "updated_at" datetime(6) NOT NULL, "year" integer) /*application='J2cRentals'*/[0m
  [1m[35m (0.1ms)[0m  [1m[35mCREATE INDEX "index_vehicles_on_category" ON "vehicles" ("category") /*application='J2cRentals'*/[0m
  [1m[35m (0.1ms)[0m  [1m[35mCREATE INDEX "index_vehicles_on_daily_rate" ON "vehicles" ("daily_rate") /*application='J2cRentals'*/[0m
  [1m[35m (0.1ms)[0m  [1m[35mCREATE INDEX "index_vehicles_on_location" ON "vehicles" ("location") /*application='J2cRentals'*/[0m
  [1m[35m (0.0ms)[0m  [1m[35mPRAGMA foreign_keys /*application='J2cRentals'*/[0m
  [1m[35m (0.0ms)[0m  [1m[35mPRAGMA defer_foreign_keys /*application='J2cRentals'*/[0m
  [1m[35m (0.0ms)[0m  [1m[35mPRAGMA defer_foreign_keys = ON /*application='J2cRentals'*/[0m
  [1m[35m (0.0ms)[0m  [1m[35mPRAGMA foreign_keys = OFF /*application='J2cRentals'*/[0m
  [1m[36mTRANSACTION (0.0ms)[0m  [1m[35mBEGIN immediate TRANSACTION /*application='J2cRentals'*/[0m
  [1m[35m (0.1ms)[0m  [1m[35mCREATE TEMPORARY TABLE "aadmin_actions" ("id" integer PRIMARY KEY AUTOINCREMENT NOT NULL, "action" varchar, "created_at" datetime(6) NOT NULL, "ip_address" varchar, "metadata" text, "resource_id" integer, "resource_type" varchar, "updated_at" datetime(6) NOT NULL, "user_id" integer NOT NULL) /*application='J2cRentals'*/[0m
  [1m[35m (0.1ms)[0m  [1m[35mCREATE INDEX "tindex_aadmin_actions_on_user_id" ON "aadmin_actions" ("user_id") /*application='J2cRentals'*/[0m
  [1m[35m (0.1ms)[0m  [1m[35mCREATE INDEX "tindex_aadmin_actions_on_resource_type_and_resource_id" ON "aadmin_actions" ("resource_type", "resource_id") /*application='J2cRentals'*/[0m
  [1m[35m (0.1ms)[0m  [1m[35mCREATE INDEX "tindex_aadmin_actions_on_action" ON "aadmin_actions" ("action") /*application='J2cRentals'*/[0m
  [1m[35mSQL (0.0ms)[0m  [1m[32mINSERT INTO "aadmin_actions" ("id","action","created_at","ip_address","metadata","resource_id","resource_type","updated_at","user_id")
                     SELECT "id","action","created_at","ip_address","metadata","resource_id","resource_type","updated_at","user_id" FROM "admin_actions" /*application='J2cRentals'*/[0m
  [1m[35m (0.2ms)[0m  [1m[35mDROP TABLE "admin_actions" /*application='J2cRentals'*/[0m
  [1m[35m (0.1ms)[0m  [1m[35mCREATE TABLE "admin_actions" ("id" integer PRIMARY KEY AUTOINCREMENT NOT NULL, "action" varchar, "created_at" datetime(6) NOT NULL, "ip_address" varchar, "metadata" text, "resource_id" integer, "resource_type" varchar, "updated_at" datetime(6) NOT NULL, "user_id" integer NOT NULL, CONSTRAINT "fk_rails_dab1c25d0d"
FOREIGN KEY ("user_id")
  REFERENCES "users" ("id")
) /*application='J2cRentals'*/[0m
  [1m[35m (0.1ms)[0m  [1m[35mCREATE INDEX "index_admin_actions_on_action" ON "admin_actions" ("action") /*application='J2cRentals'*/[0m
  [1m[35m (0.1ms)[0m  [1m[35mCREATE INDEX "index_admin_actions_on_resource_type_and_resource_id" ON "admin_actions" ("resource_type", "resource_id") /*application='J2cRentals'*/[0m
  [1m[35m (0.1ms)[0m  [1m[35mCREATE INDEX "index_admin_actions_on_user_id" ON "admin_actions" ("user_id") /*application='J2cRentals'*/[0m
  [1m[35mSQL (0.0ms)[0m  [1m[32mINSERT INTO "admin_actions" ("id","action","created_at","ip_address","metadata","resource_id","resource_type","updated_at","user_id")
                     SELECT "id","action","created_at","ip_address","metadata","resource_id","resource_type","updated_at","user_id" FROM "aadmin_actions" /*application='J2cRentals'*/[0m
  [1m[35m (0.3ms)[0m  [1m[35mDROP TABLE "aadmin_actions" /*application='J2cRentals'*/[0m
  [1m[36mTRANSACTION (0.2ms)[0m  [1m[35mCOMMIT TRANSACTION /*application='J2cRentals'*/[0m
  [1m[35m (0.0ms)[0m  [1m[35mPRAGMA defer_foreign_keys = 0 /*application='J2cRentals'*/[0m
  [1m[35m (0.0ms)[0m  [1m[35mPRAGMA foreign_keys = 1 /*application='J2cRentals'*/[0m
  [1m[35m (0.0ms)[0m  [1m[35mPRAGMA foreign_keys /*application='J2cRentals'*/[0m
  [1m[35m (0.1ms)[0m  [1m[35mPRAGMA defer_foreign_keys /*application='J2cRentals'*/[0m
  [1m[35m (0.0ms)[0m  [1m[35mPRAGMA defer_foreign_keys = ON /*application='J2cRentals'*/[0m
  [1m[35m (0.0ms)[0m  [1m[35mPRAGMA foreign_keys = OFF /*application='J2cRentals'*/[0m
  [1m[36mTRANSACTION (0.0ms)[0m  [1m[35mBEGIN immediate TRANSACTION /*application='J2cRentals'*/[0m
  [1m[35m (0.1ms)[0m  [1m[35mCREATE TEMPORARY TABLE "afavorites" ("id" integer PRIMARY KEY AUTOINCREMENT NOT NULL, "created_at" datetime(6) NOT NULL, "updated_at" datetime(6) NOT NULL, "user_id" integer NOT NULL, "vehicle_id" integer NOT NULL) /*application='J2cRentals'*/[0m
  [1m[35m (0.1ms)[0m  [1m[35mCREATE INDEX "tindex_afavorites_on_vehicle_id" ON "afavorites" ("vehicle_id") /*application='J2cRentals'*/[0m
  [1m[35m (0.1ms)[0m  [1m[35mCREATE INDEX "tindex_afavorites_on_user_id" ON "afavorites" ("user_id") /*application='J2cRentals'*/[0m
  [1m[35m (0.1ms)[0m  [1m[35mCREATE UNIQUE INDEX "tindex_afavorites_on_user_id_and_vehicle_id" ON "afavorites" ("user_id", "vehicle_id") /*application='J2cRentals'*/[0m
  [1m[35mSQL (0.1ms)[0m  [1m[32mINSERT INTO "afavorites" ("id","created_at","updated_at","user_id","vehicle_id")
                     SELECT "id","created_at","updated_at","user_id","vehicle_id" FROM "favorites" /*application='J2cRentals'*/[0m
  [1m[35m (0.1ms)[0m  [1m[35mDROP TABLE "favorites" /*application='J2cRentals'*/[0m
  [1m[35m (0.2ms)[0m  [1m[35mCREATE TABLE "favorites" ("id" integer PRIMARY KEY AUTOINCREMENT NOT NULL, "created_at" datetime(6) NOT NULL, "updated_at" datetime(6) NOT NULL, "user_id" integer NOT NULL, "vehicle_id" integer NOT NULL, CONSTRAINT "fk_rails_d15744e438"
FOREIGN KEY ("user_id")
  REFERENCES "users" ("id")
) /*application='J2cRentals'*/[0m
  [1m[35m (0.1ms)[0m  [1m[35mCREATE UNIQUE INDEX "index_favorites_on_user_id_and_vehicle_id" ON "favorites" ("user_id", "vehicle_id") /*application='J2cRentals'*/[0m
  [1m[35m (0.1ms)[0m  [1m[35mCREATE INDEX "index_favorites_on_user_id" ON "favorites" ("user_id") /*application='J2cRentals'*/[0m
  [1m[35m (0.1ms)[0m  [1m[35mCREATE INDEX "index_favorites_on_vehicle_id" ON "favorites" ("vehicle_id") /*application='J2cRentals'*/[0m
  [1m[35mSQL (0.0ms)[0m  [1m[32mINSERT INTO "favorites" ("id","created_at","updated_at","user_id","vehicle_id")
                     SELECT "id","created_at","updated_at","user_id","vehicle_id" FROM "afavorites" /*application='J2cRentals'*/[0m
  [1m[35m (0.1ms)[0m  [1m[35mDROP TABLE "afavorites" /*application='J2cRentals'*/[0m
  [1m[36mTRANSACTION (0.1ms)[0m  [1m[35mCOMMIT TRANSACTION /*application='J2cRentals'*/[0m
  [1m[35m (0.0ms)[0m  [1m[35mPRAGMA defer_foreign_keys = 0 /*application='J2cRentals'*/[0m
  [1m[35m (0.0ms)[0m  [1m[35mPRAGMA foreign_keys = 1 /*application='J2cRentals'*/[0m
  [1m[35m (0.0ms)[0m  [1m[35mPRAGMA foreign_keys /*application='J2cRentals'*/[0m
  [1m[35m (0.0ms)[0m  [1m[35mPRAGMA defer_foreign_keys /*application='J2cRentals'*/[0m
  [1m[35m (0.0ms)[0m  [1m[35mPRAGMA defer_foreign_keys = ON /*application='J2cRentals'*/[0m
  [1m[35m (0.0ms)[0m  [1m[35mPRAGMA foreign_keys = OFF /*application='J2cRentals'*/[0m
  [1m[36mTRANSACTION (0.0ms)[0m  [1m[35mBEGIN immediate TRANSACTION /*application='J2cRentals'*/[0m
  [1m[35m (0.1ms)[0m  [1m[35mCREATE TEMPORARY TABLE "afavorites" ("id" integer PRIMARY KEY AUTOINCREMENT NOT NULL, "created_at" datetime(6) NOT NULL, "updated_at" datetime(6) NOT NULL, "user_id" integer NOT NULL, "vehicle_id" integer NOT NULL) /*application='J2cRentals'*/[0m
  [1m[35m (0.1ms)[0m  [1m[35mCREATE INDEX "tindex_afavorites_on_vehicle_id" ON "afavorites" ("vehicle_id") /*application='J2cRentals'*/[0m
  [1m[35m (0.1ms)[0m  [1m[35mCREATE INDEX "tindex_afavorites_on_user_id" ON "afavorites" ("user_id") /*application='J2cRentals'*/[0m
  [1m[35m (0.1ms)[0m  [1m[35mCREATE UNIQUE INDEX "tindex_afavorites_on_user_id_and_vehicle_id" ON "afavorites" ("user_id", "vehicle_id") /*application='J2cRentals'*/[0m
  [1m[35mSQL (0.0ms)[0m  [1m[32mINSERT INTO "afavorites" ("id","created_at","updated_at","user_id","vehicle_id")
                     SELECT "id","created_at","updated_at","user_id","vehicle_id" FROM "favorites" /*application='J2cRentals'*/[0m
  [1m[35m (0.2ms)[0m  [1m[35mDROP TABLE "favorites" /*application='J2cRentals'*/[0m
  [1m[35m (0.4ms)[0m  [1m[35mCREATE TABLE "favorites" ("id" integer PRIMARY KEY AUTOINCREMENT NOT NULL, "created_at" datetime(6) NOT NULL, "updated_at" datetime(6) NOT NULL, "user_id" integer NOT NULL, "vehicle_id" integer NOT NULL, CONSTRAINT "fk_rails_d15744e438"
FOREIGN KEY ("user_id")
  REFERENCES "users" ("id")
, CONSTRAINT "fk_rails_bf41824145"
FOREIGN KEY ("vehicle_id")
  REFERENCES "vehicles" ("id")
) /*application='J2cRentals'*/[0m
  [1m[35m (0.1ms)[0m  [1m[35mCREATE UNIQUE INDEX "index_favorites_on_user_id_and_vehicle_id" ON "favorites" ("user_id", "vehicle_id") /*application='J2cRentals'*/[0m
  [1m[35m (0.1ms)[0m  [1m[35mCREATE INDEX "index_favorites_on_user_id" ON "favorites" ("user_id") /*application='J2cRentals'*/[0m
  [1m[35m (0.1ms)[0m  [1m[35mCREATE INDEX "index_favorites_on_vehicle_id" ON "favorites" ("vehicle_id") /*application='J2cRentals'*/[0m
  [1m[35mSQL (0.0ms)[0m  [1m[32mINSERT INTO "favorites" ("id","created_at","updated_at","user_id","vehicle_id")
                     SELECT "id","created_at","updated_at","user_id","vehicle_id" FROM "afavorites" /*application='J2cRentals'*/[0m
  [1m[35m (0.2ms)[0m  [1m[35mDROP TABLE "afavorites" /*application='J2cRentals'*/[0m
  [1m[36mTRANSACTION (0.2ms)[0m  [1m[35mCOMMIT TRANSACTION /*application='J2cRentals'*/[0m
  [1m[35m (0.0ms)[0m  [1m[35mPRAGMA defer_foreign_keys = 0 /*application='J2cRentals'*/[0m
  [1m[35m (0.0ms)[0m  [1m[35mPRAGMA foreign_keys = 1 /*application='J2cRentals'*/[0m
  [1m[35m (0.0ms)[0m  [1m[35mPRAGMA foreign_keys /*application='J2cRentals'*/[0m
  [1m[35m (0.0ms)[0m  [1m[35mPRAGMA defer_foreign_keys /*application='J2cRentals'*/[0m
  [1m[35m (0.0ms)[0m  [1m[35mPRAGMA defer_foreign_keys = ON /*application='J2cRentals'*/[0m
  [1m[35m (0.0ms)[0m  [1m[35mPRAGMA foreign_keys = OFF /*application='J2cRentals'*/[0m
  [1m[36mTRANSACTION (0.0ms)[0m  [1m[35mBEGIN immediate TRANSACTION /*application='J2cRentals'*/[0m
  [1m[35m (0.1ms)[0m  [1m[35mCREATE TEMPORARY TABLE "amaintenance_logs" ("id" integer PRIMARY KEY AUTOINCREMENT NOT NULL, "completed_on" date, "cost" decimal(10,2), "created_at" datetime(6) NOT NULL, "notes" text, "odometer" integer, "scheduled_on" date, "service_type" varchar, "status" varchar, "updated_at" datetime(6) NOT NULL, "vehicle_id" integer NOT NULL) /*application='J2cRentals'*/[0m
  [1m[35m (0.1ms)[0m  [1m[35mCREATE INDEX "tindex_amaintenance_logs_on_vehicle_id" ON "amaintenance_logs" ("vehicle_id") /*application='J2cRentals'*/[0m
  [1m[35m (0.1ms)[0m  [1m[35mCREATE INDEX "tindex_amaintenance_logs_on_status" ON "amaintenance_logs" ("status") /*application='J2cRentals'*/[0m
  [1m[35m (0.1ms)[0m  [1m[35mCREATE INDEX "tindex_amaintenance_logs_on_scheduled_on" ON "amaintenance_logs" ("scheduled_on") /*application='J2cRentals'*/[0m
  [1m[35mSQL (0.0ms)[0m  [1m[32mINSERT INTO "amaintenance_logs" ("id","completed_on","cost","created_at","notes","odometer","scheduled_on","service_type","status","updated_at","vehicle_id")
                     SELECT "id","completed_on","cost","created_at","notes","odometer","scheduled_on","service_type","status","updated_at","vehicle_id" FROM "maintenance_logs" /*application='J2cRentals'*/[0m
  [1m[35m (0.1ms)[0m  [1m[35mDROP TABLE "maintenance_logs" /*application='J2cRentals'*/[0m
  [1m[35m (0.1ms)[0m  [1m[35mCREATE TABLE "maintenance_logs" ("id" integer PRIMARY KEY AUTOINCREMENT NOT NULL, "completed_on" date, "cost" decimal(10,2), "created_at" datetime(6) NOT NULL, "notes" text, "odometer" integer, "scheduled_on" date, "service_type" varchar, "status" varchar, "updated_at" datetime(6) NOT NULL, "vehicle_id" integer NOT NULL, CONSTRAINT "fk_rails_3b1f0eb355"
FOREIGN KEY ("vehicle_id")
  REFERENCES "vehicles" ("id")
) /*application='J2cRentals'*/[0m
  [1m[35m (0.1ms)[0m  [1m[35mCREATE INDEX "index_maintenance_logs_on_scheduled_on" ON "maintenance_logs" ("scheduled_on") /*application='J2cRentals'*/[0m
  [1m[35m (0.1ms)[0m  [1m[35mCREATE INDEX "index_maintenance_logs_on_status" ON "maintenance_logs" ("status") /*application='J2cRentals'*/[0m
  [1m[35m (0.1ms)[0m  [1m[35mCREATE INDEX "index_maintenance_logs_on_vehicle_id" ON "maintenance_logs" ("vehicle_id") /*application='J2cRentals'*/[0m
  [1m[35mSQL (0.0ms)[0m  [1m[32mINSERT INTO "maintenance_logs" ("id","completed_on","cost","created_at","notes","odometer","scheduled_on","service_type","status","updated_at","vehicle_id")
                     SELECT "id","completed_on","cost","created_at","notes","odometer","scheduled_on","service_type","status","updated_at","vehicle_id" FROM "amaintenance_logs" /*application='J2cRentals'*/[0m
  [1m[35m (0.1ms)[0m  [1m[35mDROP TABLE "amaintenance_logs" /*application='J2cRentals'*/[0m
  [1m[36mTRANSACTION (0.1ms)[0m  [1m[35mCOMMIT TRANSACTION /*application='J2cRentals'*/[0m
  [1m[35m (0.0ms)[0m  [1m[35mPRAGMA defer_foreign_keys = 0 /*application='J2cRentals'*/[0m
  [1m[35m (0.0ms)[0m  [1m[35mPRAGMA foreign_keys = 1 /*application='J2cRentals'*/[0m
  [1m[35m (0.0ms)[0m  [1m[35mPRAGMA foreign_keys /*application='J2cRentals'*/[0m
  [1m[35m (0.0ms)[0m  [1m[35mPRAGMA defer_foreign_keys /*application='J2cRentals'*/[0m
  [1m[35m (0.0ms)[0m  [1m[35mPRAGMA defer_foreign_keys = ON /*application='J2cRentals'*/[0m
  [1m[35m (0.0ms)[0m  [1m[35mPRAGMA foreign_keys = OFF /*application='J2cRentals'*/[0m
  [1m[36mTRANSACTION (0.0ms)[0m  [1m[35mBEGIN immediate TRANSACTION /*application='J2cRentals'*/[0m
  [1m[35m (0.1ms)[0m  [1m[35mCREATE TEMPORARY TABLE "anotifications" ("id" integer PRIMARY KEY AUTOINCREMENT NOT NULL, "body" text, "created_at" datetime(6) NOT NULL, "kind" varchar, "read_at" datetime(6), "title" varchar, "updated_at" datetime(6) NOT NULL, "user_id" integer NOT NULL) /*application='J2cRentals'*/[0m
  [1m[35m (0.1ms)[0m  [1m[35mCREATE INDEX "tindex_anotifications_on_user_id" ON "anotifications" ("user_id") /*application='J2cRentals'*/[0m
  [1m[35m (0.1ms)[0m  [1m[35mCREATE INDEX "tindex_anotifications_on_read_at" ON "anotifications" ("read_at") /*application='J2cRentals'*/[0m
  [1m[35m (0.1ms)[0m  [1m[35mCREATE INDEX "tindex_anotifications_on_kind" ON "anotifications" ("kind") /*application='J2cRentals'*/[0m
  [1m[35mSQL (0.0ms)[0m  [1m[32mINSERT INTO "anotifications" ("id","body","created_at","kind","read_at","title","updated_at","user_id")
                     SELECT "id","body","created_at","kind","read_at","title","updated_at","user_id" FROM "notifications" /*application='J2cRentals'*/[0m
  [1m[35m (0.1ms)[0m  [1m[35mDROP TABLE "notifications" /*application='J2cRentals'*/[0m
  [1m[35m (0.1ms)[0m  [1m[35mCREATE TABLE "notifications" ("id" integer PRIMARY KEY AUTOINCREMENT NOT NULL, "body" text, "created_at" datetime(6) NOT NULL, "kind" varchar, "read_at" datetime(6), "title" varchar, "updated_at" datetime(6) NOT NULL, "user_id" integer NOT NULL, CONSTRAINT "fk_rails_b080fb4855"
FOREIGN KEY ("user_id")
  REFERENCES "users" ("id")
) /*application='J2cRentals'*/[0m
  [1m[35m (0.1ms)[0m  [1m[35mCREATE INDEX "index_notifications_on_kind" ON "notifications" ("kind") /*application='J2cRentals'*/[0m
  [1m[35m (0.1ms)[0m  [1m[35mCREATE INDEX "index_notifications_on_read_at" ON "notifications" ("read_at") /*application='J2cRentals'*/[0m
  [1m[35m (0.1ms)[0m  [1m[35mCREATE INDEX "index_notifications_on_user_id" ON "notifications" ("user_id") /*application='J2cRentals'*/[0m
  [1m[35mSQL (0.0ms)[0m  [1m[32mINSERT INTO "notifications" ("id","body","created_at","kind","read_at","title","updated_at","user_id")
                     SELECT "id","body","created_at","kind","read_at","title","updated_at","user_id" FROM "anotifications" /*application='J2cRentals'*/[0m
  [1m[35m (0.1ms)[0m  [1m[35mDROP TABLE "anotifications" /*application='J2cRentals'*/[0m
  [1m[36mTRANSACTION (0.1ms)[0m  [1m[35mCOMMIT TRANSACTION /*application='J2cRentals'*/[0m
  [1m[35m (0.0ms)[0m  [1m[35mPRAGMA defer_foreign_keys = 0 /*application='J2cRentals'*/[0m
  [1m[35m (0.0ms)[0m  [1m[35mPRAGMA foreign_keys = 1 /*application='J2cRentals'*/[0m
  [1m[35m (0.0ms)[0m  [1m[35mPRAGMA foreign_keys /*application='J2cRentals'*/[0m
  [1m[35m (0.0ms)[0m  [1m[35mPRAGMA defer_foreign_keys /*application='J2cRentals'*/[0m
  [1m[35m (0.0ms)[0m  [1m[35mPRAGMA defer_foreign_keys = ON /*application='J2cRentals'*/[0m
  [1m[35m (0.0ms)[0m  [1m[35mPRAGMA foreign_keys = OFF /*application='J2cRentals'*/[0m
  [1m[36mTRANSACTION (0.0ms)[0m  [1m[35mBEGIN immediate TRANSACTION /*application='J2cRentals'*/[0m
  [1m[35m (0.1ms)[0m  [1m[35mCREATE TEMPORARY TABLE "apayments" ("id" integer PRIMARY KEY AUTOINCREMENT NOT NULL, "amount" decimal(10,2), "created_at" datetime(6) NOT NULL, "metadata" text, "paid_at" datetime(6), "provider" varchar, "reservation_id" integer NOT NULL, "status" varchar DEFAULT 'Pending', "transaction_id" varchar, "updated_at" datetime(6) NOT NULL, "user_id" integer NOT NULL) /*application='J2cRentals'*/[0m
  [1m[35m (0.1ms)[0m  [1m[35mCREATE INDEX "tindex_apayments_on_user_id" ON "apayments" ("user_id") /*application='J2cRentals'*/[0m
  [1m[35m (0.1ms)[0m  [1m[35mCREATE UNIQUE INDEX "tindex_apayments_on_transaction_id" ON "apayments" ("transaction_id") /*application='J2cRentals'*/[0m
  [1m[35m (0.1ms)[0m  [1m[35mCREATE INDEX "tindex_apayments_on_status" ON "apayments" ("status") /*application='J2cRentals'*/[0m
Started GET "/admin" for 127.0.0.1 at 2026-05-25 15:09:34 +0530
  [1m[35m (0.1ms)[0m  [1m[35mCREATE INDEX "tindex_apayments_on_reservation_id" ON "apayments" ("reservation_id") /*application='J2cRentals'*/[0m
Started GET "/admin-portal" for 127.0.0.1 at 2026-05-25 15:09:34 +0530
  [1m[35mSQL (0.0ms)[0m  [1m[32mINSERT INTO "apayments" ("id","amount","created_at","metadata","paid_at","provider","reservation_id","status","transaction_id","updated_at","user_id")
                     SELECT "id","amount","created_at","metadata","paid_at","provider","reservation_id","status","transaction_id","updated_at","user_id" FROM "payments" /*application='J2cRentals'*/[0m
  [1m[35m (0.1ms)[0m  [1m[35mDROP TABLE "payments" /*application='J2cRentals'*/[0m
  [1m[35m (0.1ms)[0m  [1m[35mCREATE TABLE "payments" ("id" integer PRIMARY KEY AUTOINCREMENT NOT NULL, "amount" decimal(10,2), "created_at" datetime(6) NOT NULL, "metadata" text, "paid_at" datetime(6), "provider" varchar, "reservation_id" integer NOT NULL, "status" varchar DEFAULT 'Pending', "transaction_id" varchar, "updated_at" datetime(6) NOT NULL, "user_id" integer NOT NULL, CONSTRAINT "fk_rails_1aad13b52c"
FOREIGN KEY ("reservation_id")
  REFERENCES "reservations" ("id")
) /*application='J2cRentals'*/[0m
  [1m[35m (0.1ms)[0m  [1m[35mCREATE INDEX "index_payments_on_reservation_id" ON "payments" ("reservation_id") /*application='J2cRentals'*/[0m
  [1m[35m (0.1ms)[0m  [1m[35mCREATE INDEX "index_payments_on_status" ON "payments" ("status") /*application='J2cRentals'*/[0m
  [1m[35m (0.1ms)[0m  [1m[35mCREATE UNIQUE INDEX "index_payments_on_transaction_id" ON "payments" ("transaction_id") /*application='J2cRentals'*/[0m
  [1m[35m (0.1ms)[0m  [1m[35mCREATE INDEX "index_payments_on_user_id" ON "payments" ("user_id") /*application='J2cRentals'*/[0m
  [1m[35mSQL (0.0ms)[0m  [1m[32mINSERT INTO "payments" ("id","amount","created_at","metadata","paid_at","provider","reservation_id","status","transaction_id","updated_at","user_id")
                     SELECT "id","amount","created_at","metadata","paid_at","provider","reservation_id","status","transaction_id","updated_at","user_id" FROM "apayments" /*application='J2cRentals'*/[0m
  [1m[35m (0.1ms)[0m  [1m[35mDROP TABLE "apayments" /*application='J2cRentals'*/[0m
  [1m[36mTRANSACTION (0.2ms)[0m  [1m[35mCOMMIT TRANSACTION /*application='J2cRentals'*/[0m
  [1m[35m (0.1ms)[0m  [1m[35mPRAGMA defer_foreign_keys = 0 /*application='J2cRentals'*/[0m
  [1m[35m (0.0ms)[0m  [1m[35mPRAGMA foreign_keys = 1 /*application='J2cRentals'*/[0m
  [1m[35m (0.0ms)[0m  [1m[35mPRAGMA foreign_keys /*application='J2cRentals'*/[0m
  [1m[35m (0.0ms)[0m  [1m[35mPRAGMA defer_foreign_keys /*application='J2cRentals'*/[0m
  [1m[35m (0.0ms)[0m  [1m[35mPRAGMA defer_foreign_keys = ON /*application='J2cRentals'*/[0m
  [1m[35m (0.0ms)[0m  [1m[35mPRAGMA foreign_keys = OFF /*application='J2cRentals'*/[0m
  [1m[36mTRANSACTION (0.0ms)[0m  [1m[35mBEGIN immediate TRANSACTION /*application='J2cRentals'*/[0m
  [1m[35m (0.1ms)[0m  [1m[35mCREATE TEMPORARY TABLE "apayments" ("id" integer PRIMARY KEY AUTOINCREMENT NOT NULL, "amount" decimal(10,2), "created_at" datetime(6) NOT NULL, "metadata" text, "paid_at" datetime(6), "provider" varchar, "reservation_id" integer NOT NULL, "status" varchar DEFAULT 'Pending', "transaction_id" varchar, "updated_at" datetime(6) NOT NULL, "user_id" integer NOT NULL) /*application='J2cRentals'*/[0m
  [1m[35m (0.1ms)[0m  [1m[35mCREATE INDEX "tindex_apayments_on_user_id" ON "apayments" ("user_id") /*application='J2cRentals'*/[0m
  [1m[35m (0.1ms)[0m  [1m[35mCREATE UNIQUE INDEX "tindex_apayments_on_transaction_id" ON "apayments" ("transaction_id") /*application='J2cRentals'*/[0m
  [1m[35m (0.1ms)[0m  [1m[35mCREATE INDEX "tindex_apayments_on_status" ON "apayments" ("status") /*application='J2cRentals'*/[0m
  [1m[35m (0.1ms)[0m  [1m[35mCREATE INDEX "tindex_apayments_on_reservation_id" ON "apayments" ("reservation_id") /*application='J2cRentals'*/[0m
  [1m[35mSQL (0.0ms)[0m  [1m[32mINSERT INTO "apayments" ("id","amount","created_at","metadata","paid_at","provider","reservation_id","status","transaction_id","updated_at","user_id")
                     SELECT "id","amount","created_at","metadata","paid_at","provider","reservation_id","status","transaction_id","updated_at","user_id" FROM "payments" /*application='J2cRentals'*/[0m
  [1m[35m (0.1ms)[0m  [1m[35mDROP TABLE "payments" /*application='J2cRentals'*/[0m
  [1m[35m (0.2ms)[0m  [1m[35mCREATE TABLE "payments" ("id" integer PRIMARY KEY AUTOINCREMENT NOT NULL, "amount" decimal(10,2), "created_at" datetime(6) NOT NULL, "metadata" text, "paid_at" datetime(6), "provider" varchar, "reservation_id" integer NOT NULL, "status" varchar DEFAULT 'Pending', "transaction_id" varchar, "updated_at" datetime(6) NOT NULL, "user_id" integer NOT NULL, CONSTRAINT "fk_rails_1aad13b52c"
FOREIGN KEY ("reservation_id")
  REFERENCES "reservations" ("id")
, CONSTRAINT "fk_rails_081dc04a02"
FOREIGN KEY ("user_id")
  REFERENCES "users" ("id")
) /*application='J2cRentals'*/[0m
  [1m[35m (0.1ms)[0m  [1m[35mCREATE INDEX "index_payments_on_reservation_id" ON "payments" ("reservation_id") /*application='J2cRentals'*/[0m
  [1m[35m (0.2ms)[0m  [1m[35mCREATE INDEX "index_payments_on_status" ON "payments" ("status") /*application='J2cRentals'*/[0m
  [1m[35m (0.1ms)[0m  [1m[35mCREATE UNIQUE INDEX "index_payments_on_transaction_id" ON "payments" ("transaction_id") /*application='J2cRentals'*/[0m
  [1m[35m (0.1ms)[0m  [1m[35mCREATE INDEX "index_payments_on_user_id" ON "payments" ("user_id") /*application='J2cRentals'*/[0m
  [1m[35mSQL (0.0ms)[0m  [1m[32mINSERT INTO "payments" ("id","amount","created_at","metadata","paid_at","provider","reservation_id","status","transaction_id","updated_at","user_id")
                     SELECT "id","amount","created_at","metadata","paid_at","provider","reservation_id","status","transaction_id","updated_at","user_id" FROM "apayments" /*application='J2cRentals'*/[0m
  [1m[35m (0.1ms)[0m  [1m[35mDROP TABLE "apayments" /*application='J2cRentals'*/[0m
  [1m[36mTRANSACTION (0.1ms)[0m  [1m[35mCOMMIT TRANSACTION /*application='J2cRentals'*/[0m
  [1m[35m (0.0ms)[0m  [1m[35mPRAGMA defer_foreign_keys = 0 /*application='J2cRentals'*/[0m
  [1m[35m (0.0ms)[0m  [1m[35mPRAGMA foreign_keys = 1 /*application='J2cRentals'*/[0m
  [1m[35m (0.0ms)[0m  [1m[35mPRAGMA foreign_keys /*application='J2cRentals'*/[0m
  [1m[35m (0.0ms)[0m  [1m[35mPRAGMA defer_foreign_keys /*application='J2cRentals'*/[0m
  [1m[35m (0.0ms)[0m  [1m[35mPRAGMA defer_foreign_keys = ON /*application='J2cRentals'*/[0m
  [1m[35m (0.0ms)[0m  [1m[35mPRAGMA foreign_keys = OFF /*application='J2cRentals'*/[0m
  [1m[36mTRANSACTION (0.0ms)[0m  [1m[35mBEGIN immediate TRANSACTION /*application='J2cRentals'*/[0m
  [1m[35m (0.1ms)[0m  [1m[35mCREATE TEMPORARY TABLE "arental_documents" ("id" integer PRIMARY KEY AUTOINCREMENT NOT NULL, "created_at" datetime(6) NOT NULL, "document_type" varchar, "file_name" varchar, "notes" text, "reservation_id" integer NOT NULL, "status" varchar, "updated_at" datetime(6) NOT NULL) /*application='J2cRentals'*/[0m
  [1m[35m (0.1ms)[0m  [1m[35mCREATE INDEX "tindex_arental_documents_on_status" ON "arental_documents" ("status") /*application='J2cRentals'*/[0m
  [1m[35m (0.1ms)[0m  [1m[35mCREATE INDEX "tindex_arental_documents_on_reservation_id" ON "arental_documents" ("reservation_id") /*application='J2cRentals'*/[0m
  [1m[35m (0.1ms)[0m  [1m[35mCREATE INDEX "tindex_arental_documents_on_document_type" ON "arental_documents" ("document_type") /*application='J2cRentals'*/[0m
  [1m[35mSQL (0.0ms)[0m  [1m[32mINSERT INTO "arental_documents" ("id","created_at","document_type","file_name","notes","reservation_id","status","updated_at")
                     SELECT "id","created_at","document_type","file_name","notes","reservation_id","status","updated_at" FROM "rental_documents" /*application='J2cRentals'*/[0m
  [1m[35m (0.1ms)[0m  [1m[35mDROP TABLE "rental_documents" /*application='J2cRentals'*/[0m
  [1m[35m (0.1ms)[0m  [1m[35mCREATE TABLE "rental_documents" ("id" integer PRIMARY KEY AUTOINCREMENT NOT NULL, "created_at" datetime(6) NOT NULL, "document_type" varchar, "file_name" varchar, "notes" text, "reservation_id" integer NOT NULL, "status" varchar, "updated_at" datetime(6) NOT NULL, CONSTRAINT "fk_rails_d393d0472e"
FOREIGN KEY ("reservation_id")
  REFERENCES "reservations" ("id")
) /*application='J2cRentals'*/[0m
  [1m[35m (0.1ms)[0m  [1m[35mCREATE INDEX "index_rental_documents_on_document_type" ON "rental_documents" ("document_type") /*application='J2cRentals'*/[0m
  [1m[35m (0.1ms)[0m  [1m[35mCREATE INDEX "index_rental_documents_on_reservation_id" ON "rental_documents" ("reservation_id") /*application='J2cRentals'*/[0m
  [1m[35m (0.1ms)[0m  [1m[35mCREATE INDEX "index_rental_documents_on_status" ON "rental_documents" ("status") /*application='J2cRentals'*/[0m
  [1m[35mSQL (0.0ms)[0m  [1m[32mINSERT INTO "rental_documents" ("id","created_at","document_type","file_name","notes","reservation_id","status","updated_at")
                     SELECT "id","created_at","document_type","file_name","notes","reservation_id","status","updated_at" FROM "arental_documents" /*application='J2cRentals'*/[0m
  [1m[35m (0.1ms)[0m  [1m[35mDROP TABLE "arental_documents" /*application='J2cRentals'*/[0m
  [1m[36mTRANSACTION (0.3ms)[0m  [1m[35mCOMMIT TRANSACTION /*application='J2cRentals'*/[0m
  [1m[36mActiveRecord::SchemaMigration Load (0.2ms)[0m  [1m[34mSELECT "schema_migrations"."version" FROM "schema_migrations" ORDER BY "schema_migrations"."version" ASC /*application='J2cRentals'*/[0m
  [1m[35m (0.0ms)[0m  [1m[35mPRAGMA defer_foreign_keys = 0 /*application='J2cRentals'*/[0m
  [1m[35m (0.0ms)[0m  [1m[35mPRAGMA foreign_keys = 1 /*application='J2cRentals'*/[0m
  [1m[35m (0.0ms)[0m  [1m[35mPRAGMA foreign_keys /*application='J2cRentals'*/[0m
  [1m[35m (0.0ms)[0m  [1m[35mPRAGMA defer_foreign_keys /*application='J2cRentals'*/[0m
  [1m[35m (0.0ms)[0m  [1m[35mPRAGMA defer_foreign_keys = ON /*application='J2cRentals'*/[0m
  [1m[35m (0.0ms)[0m  [1m[35mPRAGMA foreign_keys = OFF /*application='J2cRentals'*/[0m
  
ActionController::RoutingError (No route matches [GET] "/admin-portal"):
  
  [1m[36mTRANSACTION (0.0ms)[0m  [1m[35mBEGIN immediate TRANSACTION /*application='J2cRentals'*/[0m
  [1m[35m (0.1ms)[0m  [1m[35mCREATE TEMPORARY TABLE "areservations" ("id" integer PRIMARY KEY AUTOINCREMENT NOT NULL, "admin_notes" text, "cancellation_reason" text, "cancelled_at" datetime(6), "confirmation_code" varchar, "coupon_id" integer, "created_at" datetime(6) NOT NULL, "deposit_amount" decimal(10,2), "deposit_status" varchar DEFAULT 'Pending', "document_status" varchar DEFAULT 'Pending review', "driver_age" integer, "dropoff_date" date, "dropoff_location" varchar, "dropoff_time" varchar, "email" varchar, "extras" text, "first_name" varchar, "invoice_number" varchar, "last_name" varchar, "notes" text, "phone" varchar, "pickup_date" date, "pickup_location" varchar, "pickup_time" varchar, "pricing_snapshot" text, "protection_plan" varchar, "reviewed_at" datetime(6), "reviewed_by" varchar, "status" varchar, "total_price" decimal(10,2), "updated_at" datetime(6) NOT NULL, "user_id" integer, "vehicle_id" integer NOT NULL) /*application='J2cRentals'*/[0m
  [1m[35m (0.1ms)[0m  [1m[35mCREATE INDEX "tindex_areservations_on_vehicle_id" ON "areservations" ("vehicle_id") /*application='J2cRentals'*/[0m
  [1m[35m (0.1ms)[0m  [1m[35mCREATE INDEX "tindex_areservations_on_user_id" ON "areservations" ("user_id") /*application='J2cRentals'*/[0m
  [1m[35m (0.1ms)[0m  [1m[35mCREATE INDEX "tindex_areservations_on_status" ON "areservations" ("status") /*application='J2cRentals'*/[0m
  [1m[35m (0.1ms)[0m  [1m[35mCREATE UNIQUE INDEX "tindex_areservations_on_invoice_number" ON "areservations" ("invoice_number") /*application='J2cRentals'*/[0m
  [1m[35m (0.1ms)[0m  [1m[35mCREATE INDEX "tindex_areservations_on_document_status" ON "areservations" ("document_status") /*application='J2cRentals'*/[0m
  [1m[35m (0.1ms)[0m  [1m[35mCREATE INDEX "tindex_areservations_on_deposit_status" ON "areservations" ("deposit_status") /*application='J2cRentals'*/[0m
  [1m[35m (0.1ms)[0m  [1m[35mCREATE INDEX "tindex_areservations_on_coupon_id" ON "areservations" ("coupon_id") /*application='J2cRentals'*/[0m
  [1m[35m (0.1ms)[0m  [1m[35mCREATE UNIQUE INDEX "tindex_areservations_on_confirmation_code" ON "areservations" ("confirmation_code") /*application='J2cRentals'*/[0m
  [1m[35mSQL (0.1ms)[0m  [1m[32mINSERT INTO "areservations" ("id","admin_notes","cancellation_reason","cancelled_at","confirmation_code","coupon_id","created_at","deposit_amount","deposit_status","document_status","driver_age","dropoff_date","dropoff_location","dropoff_time","email","extras","first_name","invoice_number","last_name","notes","phone","pickup_date","pickup_location","pickup_time","pricing_snapshot","protection_plan","reviewed_at","reviewed_by","status","total_price","updated_at","user_id","vehicle_id")
                     SELECT "id","admin_notes","cancellation_reason","cancelled_at","confirmation_code","coupon_id","created_at","deposit_amount","deposit_status","document_status","driver_age","dropoff_date","dropoff_location","dropoff_time","email","extras","first_name","invoice_number","last_name","notes","phone","pickup_date","pickup_location","pickup_time","pricing_snapshot","protection_plan","reviewed_at","reviewed_by","status","total_price","updated_at","user_id","vehicle_id" FROM "reservations" /*application='J2cRentals'*/[0m
  [1m[35m (0.3ms)[0m  [1m[35mDROP TABLE "reservations" /*application='J2cRentals'*/[0m
  [1m[35m (0.1ms)[0m  [1m[35mCREATE TABLE "reservations" ("id" integer PRIMARY KEY AUTOINCREMENT NOT NULL, "admin_notes" text, "cancellation_reason" text, "cancelled_at" datetime(6), "confirmation_code" varchar, "coupon_id" integer, "created_at" datetime(6) NOT NULL, "deposit_amount" decimal(10,2), "deposit_status" varchar DEFAULT 'Pending', "document_status" varchar DEFAULT 'Pending review', "driver_age" integer, "dropoff_date" date, "dropoff_location" varchar, "dropoff_time" varchar, "email" varchar, "extras" text, "first_name" varchar, "invoice_number" varchar, "last_name" varchar, "notes" text, "phone" varchar, "pickup_date" date, "pickup_location" varchar, "pickup_time" varchar, "pricing_snapshot" text, "protection_plan" varchar, "reviewed_at" datetime(6), "reviewed_by" varchar, "status" varchar, "total_price" decimal(10,2), "updated_at" datetime(6) NOT NULL, "user_id" integer, "vehicle_id" integer NOT NULL, CONSTRAINT "fk_rails_5480f0692a"
FOREIGN KEY ("coupon_id")
  REFERENCES "coupons" ("id")
) /*application='J2cRentals'*/[0m
  [1m[35m (0.1ms)[0m  [1m[35mCREATE UNIQUE INDEX "index_reservations_on_confirmation_code" ON "reservations" ("confirmation_code") /*application='J2cRentals'*/[0m
  [1m[35m (0.1ms)[0m  [1m[35mCREATE INDEX "index_reservations_on_coupon_id" ON "reservations" ("coupon_id") /*application='J2cRentals'*/[0m
  [1m[35m (0.1ms)[0m  [1m[35mCREATE INDEX "index_reservations_on_deposit_status" ON "reservations" ("deposit_status") /*application='J2cRentals'*/[0m
  [1m[35m (0.1ms)[0m  [1m[35mCREATE INDEX "index_reservations_on_document_status" ON "reservations" ("document_status") /*application='J2cRentals'*/[0m
  [1m[35m (0.1ms)[0m  [1m[35mCREATE UNIQUE INDEX "index_reservations_on_invoice_number" ON "reservations" ("invoice_number") /*application='J2cRentals'*/[0m
  [1m[35m (0.2ms)[0m  [1m[35mCREATE INDEX "index_reservations_on_status" ON "reservations" ("status") /*application='J2cRentals'*/[0m
  [1m[35m (0.1ms)[0m  [1m[35mCREATE INDEX "index_reservations_on_user_id" ON "reservations" ("user_id") /*application='J2cRentals'*/[0m
  [1m[35m (0.1ms)[0m  [1m[35mCREATE INDEX "index_reservations_on_vehicle_id" ON "reservations" ("vehicle_id") /*application='J2cRentals'*/[0m
  [1m[35mSQL (0.0ms)[0m  [1m[32mINSERT INTO "reservations" ("id","admin_notes","cancellation_reason","cancelled_at","confirmation_code","coupon_id","created_at","deposit_amount","deposit_status","document_status","driver_age","dropoff_date","dropoff_location","dropoff_time","email","extras","first_name","invoice_number","last_name","notes","phone","pickup_date","pickup_location","pickup_time","pricing_snapshot","protection_plan","reviewed_at","reviewed_by","status","total_price","updated_at","user_id","vehicle_id")
                     SELECT "id","admin_notes","cancellation_reason","cancelled_at","confirmation_code","coupon_id","created_at","deposit_amount","deposit_status","document_status","driver_age","dropoff_date","dropoff_location","dropoff_time","email","extras","first_name","invoice_number","last_name","notes","phone","pickup_date","pickup_location","pickup_time","pricing_snapshot","protection_plan","reviewed_at","reviewed_by","status","total_price","updated_at","user_id","vehicle_id" FROM "areservations" /*application='J2cRentals'*/[0m
  [1m[35m (0.2ms)[0m  [1m[35mDROP TABLE "areservations" /*application='J2cRentals'*/[0m
  [1m[36mTRANSACTION (0.1ms)[0m  [1m[35mCOMMIT TRANSACTION /*application='J2cRentals'*/[0m
  [1m[35m (0.0ms)[0m  [1m[35mPRAGMA defer_foreign_keys = 0 /*application='J2cRentals'*/[0m
  [1m[35m (0.0ms)[0m  [1m[35mPRAGMA foreign_keys = 1 /*application='J2cRentals'*/[0m
  [1m[35m (0.0ms)[0m  [1m[35mPRAGMA foreign_keys /*application='J2cRentals'*/[0m
  [1m[35m (0.0ms)[0m  [1m[35mPRAGMA defer_foreign_keys /*application='J2cRentals'*/[0m
  [1m[35m (0.0ms)[0m  [1m[35mPRAGMA defer_foreign_keys = ON /*application='J2cRentals'*/[0m
  [1m[35m (0.2ms)[0m  [1m[35mPRAGMA foreign_keys = OFF /*application='J2cRentals'*/[0m
  [1m[36mTRANSACTION (0.0ms)[0m  [1m[35mBEGIN immediate TRANSACTION /*application='J2cRentals'*/[0m
  [1m[35m (0.1ms)[0m  [1m[35mCREATE TEMPORARY TABLE "areservations" ("id" integer PRIMARY KEY AUTOINCREMENT NOT NULL, "admin_notes" text, "cancellation_reason" text, "cancelled_at" datetime(6), "confirmation_code" varchar, "coupon_id" integer, "created_at" datetime(6) NOT NULL, "deposit_amount" decimal(10,2), "deposit_status" varchar DEFAULT 'Pending', "document_status" varchar DEFAULT 'Pending review', "driver_age" integer, "dropoff_date" date, "dropoff_location" varchar, "dropoff_time" varchar, "email" varchar, "extras" text, "first_name" varchar, "invoice_number" varchar, "last_name" varchar, "notes" text, "phone" varchar, "pickup_date" date, "pickup_location" varchar, "pickup_time" varchar, "pricing_snapshot" text, "protection_plan" varchar, "reviewed_at" datetime(6), "reviewed_by" varchar, "status" varchar, "total_price" decimal(10,2), "updated_at" datetime(6) NOT NULL, "user_id" integer, "vehicle_id" integer NOT NULL) /*application='J2cRentals'*/[0m
  [1m[35m (0.1ms)[0m  [1m[35mCREATE INDEX "tindex_areservations_on_vehicle_id" ON "areservations" ("vehicle_id") /*application='J2cRentals'*/[0m
  [1m[35m (0.1ms)[0m  [1m[35mCREATE INDEX "tindex_areservations_on_user_id" ON "areservations" ("user_id") /*application='J2cRentals'*/[0m
  [1m[35m (0.1ms)[0m  [1m[35mCREATE INDEX "tindex_areservations_on_status" ON "areservations" ("status") /*application='J2cRentals'*/[0m
  [1m[35m (0.1ms)[0m  [1m[35mCREATE UNIQUE INDEX "tindex_areservations_on_invoice_number" ON "areservations" ("invoice_number") /*application='J2cRentals'*/[0m
  [1m[35m (0.2ms)[0m  [1m[35mCREATE INDEX "tindex_areservations_on_document_status" ON "areservations" ("document_status") /*application='J2cRentals'*/[0m
  [1m[35m (0.2ms)[0m  [1m[35mCREATE INDEX "tindex_areservations_on_deposit_status" ON "areservations" ("deposit_status") /*application='J2cRentals'*/[0m
  [1m[35m (0.2ms)[0m  [1m[35mCREATE INDEX "tindex_areservations_on_coupon_id" ON "areservations" ("coupon_id") /*application='J2cRentals'*/[0m
  [1m[35m (0.1ms)[0m  [1m[35mCREATE UNIQUE INDEX "tindex_areservations_on_confirmation_code" ON "areservations" ("confirmation_code") /*application='J2cRentals'*/[0m
  [1m[35mSQL (0.1ms)[0m  [1m[32mINSERT INTO "areservations" ("id","admin_notes","cancellation_reason","cancelled_at","confirmation_code","coupon_id","created_at","deposit_amount","deposit_status","document_status","driver_age","dropoff_date","dropoff_location","dropoff_time","email","extras","first_name","invoice_number","last_name","notes","phone","pickup_date","pickup_location","pickup_time","pricing_snapshot","protection_plan","reviewed_at","reviewed_by","status","total_price","updated_at","user_id","vehicle_id")
                     SELECT "id","admin_notes","cancellation_reason","cancelled_at","confirmation_code","coupon_id","created_at","deposit_amount","deposit_status","document_status","driver_age","dropoff_date","dropoff_location","dropoff_time","email","extras","first_name","invoice_number","last_name","notes","phone","pickup_date","pickup_location","pickup_time","pricing_snapshot","protection_plan","reviewed_at","reviewed_by","status","total_price","updated_at","user_id","vehicle_id" FROM "reservations" /*application='J2cRentals'*/[0m
  [1m[35m (0.1ms)[0m  [1m[35mDROP TABLE "reservations" /*application='J2cRentals'*/[0m
  [1m[35m (0.1ms)[0m  [1m[35mCREATE TABLE "reservations" ("id" integer PRIMARY KEY AUTOINCREMENT NOT NULL, "admin_notes" text, "cancellation_reason" text, "cancelled_at" datetime(6), "confirmation_code" varchar, "coupon_id" integer, "created_at" datetime(6) NOT NULL, "deposit_amount" decimal(10,2), "deposit_status" varchar DEFAULT 'Pending', "document_status" varchar DEFAULT 'Pending review', "driver_age" integer, "dropoff_date" date, "dropoff_location" varchar, "dropoff_time" varchar, "email" varchar, "extras" text, "first_name" varchar, "invoice_number" varchar, "last_name" varchar, "notes" text, "phone" varchar, "pickup_date" date, "pickup_location" varchar, "pickup_time" varchar, "pricing_snapshot" text, "protection_plan" varchar, "reviewed_at" datetime(6), "reviewed_by" varchar, "status" varchar, "total_price" decimal(10,2), "updated_at" datetime(6) NOT NULL, "user_id" integer, "vehicle_id" integer NOT NULL, CONSTRAINT "fk_rails_5480f0692a"
FOREIGN KEY ("coupon_id")
  REFERENCES "coupons" ("id")
, CONSTRAINT "fk_rails_48a92fce51"
FOREIGN KEY ("user_id")
  REFERENCES "users" ("id")
) /*application='J2cRentals'*/[0m
  [1m[35m (0.1ms)[0m  [1m[35mCREATE UNIQUE INDEX "index_reservations_on_confirmation_code" ON "reservations" ("confirmation_code") /*application='J2cRentals'*/[0m
  [1m[35m (0.1ms)[0m  [1m[35mCREATE INDEX "index_reservations_on_coupon_id" ON "reservations" ("coupon_id") /*application='J2cRentals'*/[0m
  [1m[35m (0.1ms)[0m  [1m[35mCREATE INDEX "index_reservations_on_deposit_status" ON "reservations" ("deposit_status") /*application='J2cRentals'*/[0m
  [1m[35m (0.1ms)[0m  [1m[35mCREATE INDEX "index_reservations_on_document_status" ON "reservations" ("document_status") /*application='J2cRentals'*/[0m
  [1m[35m (0.1ms)[0m  [1m[35mCREATE UNIQUE INDEX "index_reservations_on_invoice_number" ON "reservations" ("invoice_number") /*application='J2cRentals'*/[0m
  [1m[35m (0.1ms)[0m  [1m[35mCREATE INDEX "index_reservations_on_status" ON "reservations" ("status") /*application='J2cRentals'*/[0m
  
ActionController::RoutingError (No route matches [GET] "/admin"):
  
  [1m[35m (0.1ms)[0m  [1m[35mCREATE INDEX "index_reservations_on_user_id" ON "reservations" ("user_id") /*application='J2cRentals'*/[0m
  [1m[35m (0.3ms)[0m  [1m[35mCREATE INDEX "index_reservations_on_vehicle_id" ON "reservations" ("vehicle_id") /*application='J2cRentals'*/[0m
  [1m[35mSQL (0.1ms)[0m  [1m[32mINSERT INTO "reservations" ("id","admin_notes","cancellation_reason","cancelled_at","confirmation_code","coupon_id","created_at","deposit_amount","deposit_status","document_status","driver_age","dropoff_date","dropoff_location","dropoff_time","email","extras","first_name","invoice_number","last_name","notes","phone","pickup_date","pickup_location","pickup_time","pricing_snapshot","protection_plan","reviewed_at","reviewed_by","status","total_price","updated_at","user_id","vehicle_id")
                     SELECT "id","admin_notes","cancellation_reason","cancelled_at","confirmation_code","coupon_id","created_at","deposit_amount","deposit_status","document_status","driver_age","dropoff_date","dropoff_location","dropoff_time","email","extras","first_name","invoice_number","last_name","notes","phone","pickup_date","pickup_location","pickup_time","pricing_snapshot","protection_plan","reviewed_at","reviewed_by","status","total_price","updated_at","user_id","vehicle_id" FROM "areservations" /*application='J2cRentals'*/[0m
  [1m[35m (0.1ms)[0m  [1m[35mDROP TABLE "areservations" /*application='J2cRentals'*/[0m
  [1m[36mTRANSACTION (0.2ms)[0m  [1m[35mCOMMIT TRANSACTION /*application='J2cRentals'*/[0m
  [1m[35m (0.0ms)[0m  [1m[35mPRAGMA defer_foreign_keys = 0 /*application='J2cRentals'*/[0m
  [1m[35m (0.0ms)[0m  [1m[35mPRAGMA foreign_keys = 1 /*application='J2cRentals'*/[0m
  [1m[35m (0.0ms)[0m  [1m[35mPRAGMA foreign_keys /*application='J2cRentals'*/[0m
  [1m[35m (0.0ms)[0m  [1m[35mPRAGMA defer_foreign_keys /*application='J2cRentals'*/[0m
  [1m[35m (0.0ms)[0m  [1m[35mPRAGMA defer_foreign_keys = ON /*application='J2cRentals'*/[0m
  [1m[35m (0.0ms)[0m  [1m[35mPRAGMA foreign_keys = OFF /*application='J2cRentals'*/[0m
  [1m[36mTRANSACTION (0.0ms)[0m  [1m[35mBEGIN immediate TRANSACTION /*application='J2cRentals'*/[0m
  [1m[35m (0.1ms)[0m  [1m[35mCREATE TEMPORARY TABLE "areservations" ("id" integer PRIMARY KEY AUTOINCREMENT NOT NULL, "admin_notes" text, "cancellation_reason" text, "cancelled_at" datetime(6), "confirmation_code" varchar, "coupon_id" integer, "created_at" datetime(6) NOT NULL, "deposit_amount" decimal(10,2), "deposit_status" varchar DEFAULT 'Pending', "document_status" varchar DEFAULT 'Pending review', "driver_age" integer, "dropoff_date" date, "dropoff_location" varchar, "dropoff_time" varchar, "email" varchar, "extras" text, "first_name" varchar, "invoice_number" varchar, "last_name" varchar, "notes" text, "phone" varchar, "pickup_date" date, "pickup_location" varchar, "pickup_time" varchar, "pricing_snapshot" text, "protection_plan" varchar, "reviewed_at" datetime(6), "reviewed_by" varchar, "status" varchar, "total_price" decimal(10,2), "updated_at" datetime(6) NOT NULL, "user_id" integer, "vehicle_id" integer NOT NULL) /*application='J2cRentals'*/[0m
  [1m[35m (0.1ms)[0m  [1m[35mCREATE INDEX "tindex_areservations_on_vehicle_id" ON "areservations" ("vehicle_id") /*application='J2cRentals'*/[0m
  [1m[35m (0.1ms)[0m  [1m[35mCREATE INDEX "tindex_areservations_on_user_id" ON "areservations" ("user_id") /*application='J2cRentals'*/[0m
  [1m[35m (0.1ms)[0m  [1m[35mCREATE INDEX "tindex_areservations_on_status" ON "areservations" ("status") /*application='J2cRentals'*/[0m
  [1m[35m (0.1ms)[0m  [1m[35mCREATE UNIQUE INDEX "tindex_areservations_on_invoice_number" ON "areservations" ("invoice_number") /*application='J2cRentals'*/[0m
  [1m[35m (0.1ms)[0m  [1m[35mCREATE INDEX "tindex_areservations_on_document_status" ON "areservations" ("document_status") /*application='J2cRentals'*/[0m
  [1m[35m (0.1ms)[0m  [1m[35mCREATE INDEX "tindex_areservations_on_deposit_status" ON "areservations" ("deposit_status") /*application='J2cRentals'*/[0m
  [1m[35m (0.1ms)[0m  [1m[35mCREATE INDEX "tindex_areservations_on_coupon_id" ON "areservations" ("coupon_id") /*application='J2cRentals'*/[0m
  [1m[35m (0.1ms)[0m  [1m[35mCREATE UNIQUE INDEX "tindex_areservations_on_confirmation_code" ON "areservations" ("confirmation_code") /*application='J2cRentals'*/[0m
  [1m[35mSQL (0.0ms)[0m  [1m[32mINSERT INTO "areservations" ("id","admin_notes","cancellation_reason","cancelled_at","confirmation_code","coupon_id","created_at","deposit_amount","deposit_status","document_status","driver_age","dropoff_date","dropoff_location","dropoff_time","email","extras","first_name","invoice_number","last_name","notes","phone","pickup_date","pickup_location","pickup_time","pricing_snapshot","protection_plan","reviewed_at","reviewed_by","status","total_price","updated_at","user_id","vehicle_id")
                     SELECT "id","admin_notes","cancellation_reason","cancelled_at","confirmation_code","coupon_id","created_at","deposit_amount","deposit_status","document_status","driver_age","dropoff_date","dropoff_location","dropoff_time","email","extras","first_name","invoice_number","last_name","notes","phone","pickup_date","pickup_location","pickup_time","pricing_snapshot","protection_plan","reviewed_at","reviewed_by","status","total_price","updated_at","user_id","vehicle_id" FROM "reservations" /*application='J2cRentals'*/[0m
  [1m[35m (0.1ms)[0m  [1m[35mDROP TABLE "reservations" /*application='J2cRentals'*/[0m
  [1m[35m (0.1ms)[0m  [1m[35mCREATE TABLE "reservations" ("id" integer PRIMARY KEY AUTOINCREMENT NOT NULL, "admin_notes" text, "cancellation_reason" text, "cancelled_at" datetime(6), "confirmation_code" varchar, "coupon_id" integer, "created_at" datetime(6) NOT NULL, "deposit_amount" decimal(10,2), "deposit_status" varchar DEFAULT 'Pending', "document_status" varchar DEFAULT 'Pending review', "driver_age" integer, "dropoff_date" date, "dropoff_location" varchar, "dropoff_time" varchar, "email" varchar, "extras" text, "first_name" varchar, "invoice_number" varchar, "last_name" varchar, "notes" text, "phone" varchar, "pickup_date" date, "pickup_location" varchar, "pickup_time" varchar, "pricing_snapshot" text, "protection_plan" varchar, "reviewed_at" datetime(6), "reviewed_by" varchar, "status" varchar, "total_price" decimal(10,2), "updated_at" datetime(6) NOT NULL, "user_id" integer, "vehicle_id" integer NOT NULL, CONSTRAINT "fk_rails_48a92fce51"
FOREIGN KEY ("user_id")
  REFERENCES "users" ("id")
, CONSTRAINT "fk_rails_5480f0692a"
FOREIGN KEY ("coupon_id")
  REFERENCES "coupons" ("id")
, CONSTRAINT "fk_rails_fadbcd7cf7"
FOREIGN KEY ("vehicle_id")
  REFERENCES "vehicles" ("id")
) /*application='J2cRentals'*/[0m
  [1m[35m (0.1ms)[0m  [1m[35mCREATE UNIQUE INDEX "index_reservations_on_confirmation_code" ON "reservations" ("confirmation_code") /*application='J2cRentals'*/[0m
  [1m[35m (0.1ms)[0m  [1m[35mCREATE INDEX "index_reservations_on_coupon_id" ON "reservations" ("coupon_id") /*application='J2cRentals'*/[0m
  [1m[35m (0.1ms)[0m  [1m[35mCREATE INDEX "index_reservations_on_deposit_status" ON "reservations" ("deposit_status") /*application='J2cRentals'*/[0m
  [1m[35m (0.1ms)[0m  [1m[35mCREATE INDEX "index_reservations_on_document_status" ON "reservations" ("document_status") /*application='J2cRentals'*/[0m
  [1m[35m (0.1ms)[0m  [1m[35mCREATE UNIQUE INDEX "index_reservations_on_invoice_number" ON "reservations" ("invoice_number") /*application='J2cRentals'*/[0m
  [1m[35m (0.1ms)[0m  [1m[35mCREATE INDEX "index_reservations_on_status" ON "reservations" ("status") /*application='J2cRentals'*/[0m
  [1m[35m (0.1ms)[0m  [1m[35mCREATE INDEX "index_reservations_on_user_id" ON "reservations" ("user_id") /*application='J2cRentals'*/[0m
  [1m[35m (0.1ms)[0m  [1m[35mCREATE INDEX "index_reservations_on_vehicle_id" ON "reservations" ("vehicle_id") /*application='J2cRentals'*/[0m
  [1m[35mSQL (0.1ms)[0m  [1m[32mINSERT INTO "reservations" ("id","admin_notes","cancellation_reason","cancelled_at","confirmation_code","coupon_id","created_at","deposit_amount","deposit_status","document_status","driver_age","dropoff_date","dropoff_location","dropoff_time","email","extras","first_name","invoice_number","last_name","notes","phone","pickup_date","pickup_location","pickup_time","pricing_snapshot","protection_plan","reviewed_at","reviewed_by","status","total_price","updated_at","user_id","vehicle_id")
                     SELECT "id","admin_notes","cancellation_reason","cancelled_at","confirmation_code","coupon_id","created_at","deposit_amount","deposit_status","document_status","driver_age","dropoff_date","dropoff_location","dropoff_time","email","extras","first_name","invoice_number","last_name","notes","phone","pickup_date","pickup_location","pickup_time","pricing_snapshot","protection_plan","reviewed_at","reviewed_by","status","total_price","updated_at","user_id","vehicle_id" FROM "areservations" /*application='J2cRentals'*/[0m
  [1m[35m (0.1ms)[0m  [1m[35mDROP TABLE "areservations" /*application='J2cRentals'*/[0m
  [1m[36mTRANSACTION (0.3ms)[0m  [1m[35mCOMMIT TRANSACTION /*application='J2cRentals'*/[0m
  [1m[35m (0.0ms)[0m  [1m[35mPRAGMA defer_foreign_keys = 0 /*application='J2cRentals'*/[0m
  [1m[35m (0.0ms)[0m  [1m[35mPRAGMA foreign_keys = 1 /*application='J2cRentals'*/[0m
  [1m[35m (0.0ms)[0m  [1m[35mPRAGMA foreign_keys /*application='J2cRentals'*/[0m
  [1m[35m (0.0ms)[0m  [1m[35mPRAGMA defer_foreign_keys /*application='J2cRentals'*/[0m
  [1m[35m (0.0ms)[0m  [1m[35mPRAGMA defer_foreign_keys = ON /*application='J2cRentals'*/[0m
  [1m[35m (0.0ms)[0m  [1m[35mPRAGMA foreign_keys = OFF /*application='J2cRentals'*/[0m
  [1m[36mTRANSACTION (0.0ms)[0m  [1m[35mBEGIN immediate TRANSACTION /*application='J2cRentals'*/[0m
  [1m[35m (0.1ms)[0m  [1m[35mCREATE TEMPORARY TABLE "areviews" ("id" integer PRIMARY KEY AUTOINCREMENT NOT NULL, "approved" boolean DEFAULT FALSE, "body" text, "created_at" datetime(6) NOT NULL, "rating" integer, "reservation_id" integer, "title" varchar, "updated_at" datetime(6) NOT NULL, "user_id" integer NOT NULL, "vehicle_id" integer NOT NULL) /*application='J2cRentals'*/[0m
  [1m[35m (0.1ms)[0m  [1m[35mCREATE INDEX "tindex_areviews_on_vehicle_id" ON "areviews" ("vehicle_id") /*application='J2cRentals'*/[0m
  [1m[35m (0.1ms)[0m  [1m[35mCREATE INDEX "tindex_areviews_on_user_id" ON "areviews" ("user_id") /*application='J2cRentals'*/[0m
  [1m[35m (0.1ms)[0m  [1m[35mCREATE INDEX "tindex_areviews_on_reservation_id" ON "areviews" ("reservation_id") /*application='J2cRentals'*/[0m
  [1m[35m (0.1ms)[0m  [1m[35mCREATE INDEX "tindex_areviews_on_rating" ON "areviews" ("rating") /*application='J2cRentals'*/[0m
  [1m[35m (0.1ms)[0m  [1m[35mCREATE INDEX "tindex_areviews_on_approved" ON "areviews" ("approved") /*application='J2cRentals'*/[0m
  [1m[35mSQL (0.0ms)[0m  [1m[32mINSERT INTO "areviews" ("id","approved","body","created_at","rating","reservation_id","title","updated_at","user_id","vehicle_id")
                     SELECT "id","approved","body","created_at","rating","reservation_id","title","updated_at","user_id","vehicle_id" FROM "reviews" /*application='J2cRentals'*/[0m
  [1m[35m (0.1ms)[0m  [1m[35mDROP TABLE "reviews" /*application='J2cRentals'*/[0m
  [1m[35m (0.1ms)[0m  [1m[35mCREATE TABLE "reviews" ("id" integer PRIMARY KEY AUTOINCREMENT NOT NULL, "approved" boolean DEFAULT FALSE, "body" text, "created_at" datetime(6) NOT NULL, "rating" integer, "reservation_id" integer, "title" varchar, "updated_at" datetime(6) NOT NULL, "user_id" integer NOT NULL, "vehicle_id" integer NOT NULL, CONSTRAINT "fk_rails_628a43e51f"
FOREIGN KEY ("reservation_id")
  REFERENCES "reservations" ("id")
) /*application='J2cRentals'*/[0m
  [1m[35m (0.1ms)[0m  [1m[35mCREATE INDEX "index_reviews_on_approved" ON "reviews" ("approved") /*application='J2cRentals'*/[0m
  [1m[35m (0.1ms)[0m  [1m[35mCREATE INDEX "index_reviews_on_rating" ON "reviews" ("rating") /*application='J2cRentals'*/[0m
  [1m[35m (0.1ms)[0m  [1m[35mCREATE INDEX "index_reviews_on_reservation_id" ON "reviews" ("reservation_id") /*application='J2cRentals'*/[0m
  [1m[35m (0.1ms)[0m  [1m[35mCREATE INDEX "index_reviews_on_user_id" ON "reviews" ("user_id") /*application='J2cRentals'*/[0m
  [1m[35m (0.5ms)[0m  [1m[35mCREATE INDEX "index_reviews_on_vehicle_id" ON "reviews" ("vehicle_id") /*application='J2cRentals'*/[0m
  [1m[35mSQL (0.0ms)[0m  [1m[32mINSERT INTO "reviews" ("id","approved","body","created_at","rating","reservation_id","title","updated_at","user_id","vehicle_id")
                     SELECT "id","approved","body","created_at","rating","reservation_id","title","updated_at","user_id","vehicle_id" FROM "areviews" /*application='J2cRentals'*/[0m
  [1m[35m (0.1ms)[0m  [1m[35mDROP TABLE "areviews" /*application='J2cRentals'*/[0m
  [1m[36mTRANSACTION (0.1ms)[0m  [1m[35mCOMMIT TRANSACTION /*application='J2cRentals'*/[0m
  [1m[35m (0.0ms)[0m  [1m[35mPRAGMA defer_foreign_keys = 0 /*application='J2cRentals'*/[0m
  [1m[35m (0.0ms)[0m  [1m[35mPRAGMA foreign_keys = 1 /*application='J2cRentals'*/[0m
  [1m[35m (0.0ms)[0m  [1m[35mPRAGMA foreign_keys /*application='J2cRentals'*/[0m
  [1m[35m (0.0ms)[0m  [1m[35mPRAGMA defer_foreign_keys /*application='J2cRentals'*/[0m
  [1m[35m (0.0ms)[0m  [1m[35mPRAGMA defer_foreign_keys = ON /*application='J2cRentals'*/[0m
  [1m[35m (0.0ms)[0m  [1m[35mPRAGMA foreign_keys = OFF /*application='J2cRentals'*/[0m
  [1m[36mTRANSACTION (0.0ms)[0m  [1m[35mBEGIN immediate TRANSACTION /*application='J2cRentals'*/[0m
  [1m[35m (0.1ms)[0m  [1m[35mCREATE TEMPORARY TABLE "areviews" ("id" integer PRIMARY KEY AUTOINCREMENT NOT NULL, "approved" boolean DEFAULT FALSE, "body" text, "created_at" datetime(6) NOT NULL, "rating" integer, "reservation_id" integer, "title" varchar, "updated_at" datetime(6) NOT NULL, "user_id" integer NOT NULL, "vehicle_id" integer NOT NULL) /*application='J2cRentals'*/[0m
  [1m[35m (0.3ms)[0m  [1m[35mCREATE INDEX "tindex_areviews_on_vehicle_id" ON "areviews" ("vehicle_id") /*application='J2cRentals'*/[0m
  [1m[35m (0.2ms)[0m  [1m[35mCREATE INDEX "tindex_areviews_on_user_id" ON "areviews" ("user_id") /*application='J2cRentals'*/[0m
  [1m[35m (0.2ms)[0m  [1m[35mCREATE INDEX "tindex_areviews_on_reservation_id" ON "areviews" ("reservation_id") /*application='J2cRentals'*/[0m
  [1m[35m (0.3ms)[0m  [1m[35mCREATE INDEX "tindex_areviews_on_rating" ON "areviews" ("rating") /*application='J2cRentals'*/[0m
  [1m[35m (0.3ms)[0m  [1m[35mCREATE INDEX "tindex_areviews_on_approved" ON "areviews" ("approved") /*application='J2cRentals'*/[0m
  [1m[35mSQL (0.2ms)[0m  [1m[32mINSERT INTO "areviews" ("id","approved","body","created_at","rating","reservation_id","title","updated_at","user_id","vehicle_id")
                     SELECT "id","approved","body","created_at","rating","reservation_id","title","updated_at","user_id","vehicle_id" FROM "reviews" /*application='J2cRentals'*/[0m
  [1m[35m (1.7ms)[0m  [1m[35mDROP TABLE "reviews" /*application='J2cRentals'*/[0m
  [1m[35m (0.3ms)[0m  [1m[35mCREATE TABLE "reviews" ("id" integer PRIMARY KEY AUTOINCREMENT NOT NULL, "approved" boolean DEFAULT FALSE, "body" text, "created_at" datetime(6) NOT NULL, "rating" integer, "reservation_id" integer, "title" varchar, "updated_at" datetime(6) NOT NULL, "user_id" integer NOT NULL, "vehicle_id" integer NOT NULL, CONSTRAINT "fk_rails_628a43e51f"
FOREIGN KEY ("reservation_id")
  REFERENCES "reservations" ("id")
, CONSTRAINT "fk_rails_74a66bd6c5"
FOREIGN KEY ("user_id")
  REFERENCES "users" ("id")
) /*application='J2cRentals'*/[0m
  [1m[35m (0.1ms)[0m  [1m[35mCREATE INDEX "index_reviews_on_approved" ON "reviews" ("approved") /*application='J2cRentals'*/[0m
  [1m[35m (0.3ms)[0m  [1m[35mCREATE INDEX "index_reviews_on_rating" ON "reviews" ("rating") /*application='J2cRentals'*/[0m
  [1m[35m (0.1ms)[0m  [1m[35mCREATE INDEX "index_reviews_on_reservation_id" ON "reviews" ("reservation_id") /*application='J2cRentals'*/[0m
  [1m[35m (0.6ms)[0m  [1m[35mCREATE INDEX "index_reviews_on_user_id" ON "reviews" ("user_id") /*application='J2cRentals'*/[0m
  [1m[35m (0.3ms)[0m  [1m[35mCREATE INDEX "index_reviews_on_vehicle_id" ON "reviews" ("vehicle_id") /*application='J2cRentals'*/[0m
  [1m[35mSQL (0.1ms)[0m  [1m[32mINSERT INTO "reviews" ("id","approved","body","created_at","rating","reservation_id","title","updated_at","user_id","vehicle_id")
                     SELECT "id","approved","body","created_at","rating","reservation_id","title","updated_at","user_id","vehicle_id" FROM "areviews" /*application='J2cRentals'*/[0m
  [1m[35m (0.4ms)[0m  [1m[35mDROP TABLE "areviews" /*application='J2cRentals'*/[0m
  [1m[36mTRANSACTION (0.8ms)[0m  [1m[35mCOMMIT TRANSACTION /*application='J2cRentals'*/[0m
  [1m[35m (0.2ms)[0m  [1m[35mPRAGMA defer_foreign_keys = 0 /*application='J2cRentals'*/[0m
  [1m[35m (0.1ms)[0m  [1m[35mPRAGMA foreign_keys = 1 /*application='J2cRentals'*/[0m
  [1m[35m (0.0ms)[0m  [1m[35mPRAGMA foreign_keys /*application='J2cRentals'*/[0m
  [1m[35m (0.1ms)[0m  [1m[35mPRAGMA defer_foreign_keys /*application='J2cRentals'*/[0m
  [1m[35m (0.1ms)[0m  [1m[35mPRAGMA defer_foreign_keys = ON /*application='J2cRentals'*/[0m
  [1m[35m (0.1ms)[0m  [1m[35mPRAGMA foreign_keys = OFF /*application='J2cRentals'*/[0m
  [1m[36mTRANSACTION (0.1ms)[0m  [1m[35mBEGIN immediate TRANSACTION /*application='J2cRentals'*/[0m
  [1m[35m (0.3ms)[0m  [1m[35mCREATE TEMPORARY TABLE "areviews" ("id" integer PRIMARY KEY AUTOINCREMENT NOT NULL, "approved" boolean DEFAULT FALSE, "body" text, "created_at" datetime(6) NOT NULL, "rating" integer, "reservation_id" integer, "title" varchar, "updated_at" datetime(6) NOT NULL, "user_id" integer NOT NULL, "vehicle_id" integer NOT NULL) /*application='J2cRentals'*/[0m
  [1m[35m (0.2ms)[0m  [1m[35mCREATE INDEX "tindex_areviews_on_vehicle_id" ON "areviews" ("vehicle_id") /*application='J2cRentals'*/[0m
  [1m[35m (0.6ms)[0m  [1m[35mCREATE INDEX "tindex_areviews_on_user_id" ON "areviews" ("user_id") /*application='J2cRentals'*/[0m
  [1m[35m (0.3ms)[0m  [1m[35mCREATE INDEX "tindex_areviews_on_reservation_id" ON "areviews" ("reservation_id") /*application='J2cRentals'*/[0m
  [1m[35m (0.2ms)[0m  [1m[35mCREATE INDEX "tindex_areviews_on_rating" ON "areviews" ("rating") /*application='J2cRentals'*/[0m
  [1m[35m (0.1ms)[0m  [1m[35mCREATE INDEX "tindex_areviews_on_approved" ON "areviews" ("approved") /*application='J2cRentals'*/[0m
  [1m[35mSQL (0.1ms)[0m  [1m[32mINSERT INTO "areviews" ("id","approved","body","created_at","rating","reservation_id","title","updated_at","user_id","vehicle_id")
                     SELECT "id","approved","body","created_at","rating","reservation_id","title","updated_at","user_id","vehicle_id" FROM "reviews" /*application='J2cRentals'*/[0m
  [1m[35m (0.2ms)[0m  [1m[35mDROP TABLE "reviews" /*application='J2cRentals'*/[0m
  [1m[35m (0.7ms)[0m  [1m[35mCREATE TABLE "reviews" ("id" integer PRIMARY KEY AUTOINCREMENT NOT NULL, "approved" boolean DEFAULT FALSE, "body" text, "created_at" datetime(6) NOT NULL, "rating" integer, "reservation_id" integer, "title" varchar, "updated_at" datetime(6) NOT NULL, "user_id" integer NOT NULL, "vehicle_id" integer NOT NULL, CONSTRAINT "fk_rails_74a66bd6c5"
FOREIGN KEY ("user_id")
  REFERENCES "users" ("id")
, CONSTRAINT "fk_rails_628a43e51f"
FOREIGN KEY ("reservation_id")
  REFERENCES "reservations" ("id")
, CONSTRAINT "fk_rails_62e13c78fd"
FOREIGN KEY ("vehicle_id")
  REFERENCES "vehicles" ("id")
) /*application='J2cRentals'*/[0m
  [1m[35m (0.2ms)[0m  [1m[35mCREATE INDEX "index_reviews_on_approved" ON "reviews" ("approved") /*application='J2cRentals'*/[0m
  [1m[35m (0.3ms)[0m  [1m[35mCREATE INDEX "index_reviews_on_rating" ON "reviews" ("rating") /*application='J2cRentals'*/[0m
  [1m[35m (0.2ms)[0m  [1m[35mCREATE INDEX "index_reviews_on_reservation_id" ON "reviews" ("reservation_id") /*application='J2cRentals'*/[0m
  [1m[35m (0.2ms)[0m  [1m[35mCREATE INDEX "index_reviews_on_user_id" ON "reviews" ("user_id") /*application='J2cRentals'*/[0m
  [1m[35m (0.2ms)[0m  [1m[35mCREATE INDEX "index_reviews_on_vehicle_id" ON "reviews" ("vehicle_id") /*application='J2cRentals'*/[0m
  [1m[35mSQL (0.2ms)[0m  [1m[32mINSERT INTO "reviews" ("id","approved","body","created_at","rating","reservation_id","title","updated_at","user_id","vehicle_id")
                     SELECT "id","approved","body","created_at","rating","reservation_id","title","updated_at","user_id","vehicle_id" FROM "areviews" /*application='J2cRentals'*/[0m
  [1m[35m (0.3ms)[0m  [1m[35mDROP TABLE "areviews" /*application='J2cRentals'*/[0m
  [1m[36mTRANSACTION (0.7ms)[0m  [1m[35mCOMMIT TRANSACTION /*application='J2cRentals'*/[0m
  [1m[35m (0.1ms)[0m  [1m[35mPRAGMA defer_foreign_keys = 0 /*application='J2cRentals'*/[0m
  [1m[35m (0.1ms)[0m  [1m[35mPRAGMA foreign_keys = 1 /*application='J2cRentals'*/[0m
  [1m[35m (0.1ms)[0m  [1m[35mPRAGMA foreign_keys /*application='J2cRentals'*/[0m
  [1m[35m (0.1ms)[0m  [1m[35mPRAGMA defer_foreign_keys /*application='J2cRentals'*/[0m
  [1m[35m (0.1ms)[0m  [1m[35mPRAGMA defer_foreign_keys = ON /*application='J2cRentals'*/[0m
  [1m[35m (0.1ms)[0m  [1m[35mPRAGMA foreign_keys = OFF /*application='J2cRentals'*/[0m
  [1m[36mTRANSACTION (0.1ms)[0m  [1m[35mBEGIN immediate TRANSACTION /*application='J2cRentals'*/[0m
  [1m[35m (0.3ms)[0m  [1m[35mCREATE TEMPORARY TABLE "asupport_tickets" ("id" integer PRIMARY KEY AUTOINCREMENT NOT NULL, "assigned_to" varchar, "category" varchar, "created_at" datetime(6) NOT NULL, "message" text, "priority" varchar DEFAULT 'Medium', "reservation_id" integer, "resolved_at" datetime(6), "status" varchar DEFAULT 'Open', "subject" varchar, "updated_at" datetime(6) NOT NULL, "user_id" integer NOT NULL) /*application='J2cRentals'*/[0m
  [1m[35m (0.4ms)[0m  [1m[35mCREATE INDEX "tindex_asupport_tickets_on_user_id" ON "asupport_tickets" ("user_id") /*application='J2cRentals'*/[0m
  [1m[35m (0.1ms)[0m  [1m[35mCREATE INDEX "tindex_asupport_tickets_on_status" ON "asupport_tickets" ("status") /*application='J2cRentals'*/[0m
  [1m[35m (0.2ms)[0m  [1m[35mCREATE INDEX "tindex_asupport_tickets_on_reservation_id" ON "asupport_tickets" ("reservation_id") /*application='J2cRentals'*/[0m
  [1m[35m (0.1ms)[0m  [1m[35mCREATE INDEX "tindex_asupport_tickets_on_priority" ON "asupport_tickets" ("priority") /*application='J2cRentals'*/[0m
  [1m[35mSQL (0.1ms)[0m  [1m[32mINSERT INTO "asupport_tickets" ("id","assigned_to","category","created_at","message","priority","reservation_id","resolved_at","status","subject","updated_at","user_id")
                     SELECT "id","assigned_to","category","created_at","message","priority","reservation_id","resolved_at","status","subject","updated_at","user_id" FROM "support_tickets" /*application='J2cRentals'*/[0m
  [1m[35m (0.3ms)[0m  [1m[35mDROP TABLE "support_tickets" /*application='J2cRentals'*/[0m
  [1m[35m (0.4ms)[0m  [1m[35mCREATE TABLE "support_tickets" ("id" integer PRIMARY KEY AUTOINCREMENT NOT NULL, "assigned_to" varchar, "category" varchar, "created_at" datetime(6) NOT NULL, "message" text, "priority" varchar DEFAULT 'Medium', "reservation_id" integer, "resolved_at" datetime(6), "status" varchar DEFAULT 'Open', "subject" varchar, "updated_at" datetime(6) NOT NULL, "user_id" integer NOT NULL, CONSTRAINT "fk_rails_2865a40ba3"
FOREIGN KEY ("reservation_id")
  REFERENCES "reservations" ("id")
) /*application='J2cRentals'*/[0m
  [1m[35m (0.2ms)[0m  [1m[35mCREATE INDEX "index_support_tickets_on_priority" ON "support_tickets" ("priority") /*application='J2cRentals'*/[0m
  [1m[35m (0.5ms)[0m  [1m[35mCREATE INDEX "index_support_tickets_on_reservation_id" ON "support_tickets" ("reservation_id") /*application='J2cRentals'*/[0m
  [1m[35m (0.2ms)[0m  [1m[35mCREATE INDEX "index_support_tickets_on_status" ON "support_tickets" ("status") /*application='J2cRentals'*/[0m
  [1m[35m (0.2ms)[0m  [1m[35mCREATE INDEX "index_support_tickets_on_user_id" ON "support_tickets" ("user_id") /*application='J2cRentals'*/[0m
  [1m[35mSQL (0.1ms)[0m  [1m[32mINSERT INTO "support_tickets" ("id","assigned_to","category","created_at","message","priority","reservation_id","resolved_at","status","subject","updated_at","user_id")
                     SELECT "id","assigned_to","category","created_at","message","priority","reservation_id","resolved_at","status","subject","updated_at","user_id" FROM "asupport_tickets" /*application='J2cRentals'*/[0m
  [1m[35m (0.2ms)[0m  [1m[35mDROP TABLE "asupport_tickets" /*application='J2cRentals'*/[0m
  [1m[36mTRANSACTION (0.8ms)[0m  [1m[35mCOMMIT TRANSACTION /*application='J2cRentals'*/[0m
  [1m[35m (0.0ms)[0m  [1m[35mPRAGMA defer_foreign_keys = 0 /*application='J2cRentals'*/[0m
  [1m[35m (0.1ms)[0m  [1m[35mPRAGMA foreign_keys = 1 /*application='J2cRentals'*/[0m
  [1m[35m (0.1ms)[0m  [1m[35mPRAGMA foreign_keys /*application='J2cRentals'*/[0m
  [1m[35m (0.1ms)[0m  [1m[35mPRAGMA defer_foreign_keys /*application='J2cRentals'*/[0m
  [1m[35m (0.1ms)[0m  [1m[35mPRAGMA defer_foreign_keys = ON /*application='J2cRentals'*/[0m
  [1m[35m (0.1ms)[0m  [1m[35mPRAGMA foreign_keys = OFF /*application='J2cRentals'*/[0m
  [1m[36mTRANSACTION (0.1ms)[0m  [1m[35mBEGIN immediate TRANSACTION /*application='J2cRentals'*/[0m
  [1m[35m (0.2ms)[0m  [1m[35mCREATE TEMPORARY TABLE "asupport_tickets" ("id" integer PRIMARY KEY AUTOINCREMENT NOT NULL, "assigned_to" varchar, "category" varchar, "created_at" datetime(6) NOT NULL, "message" text, "priority" varchar DEFAULT 'Medium', "reservation_id" integer, "resolved_at" datetime(6), "status" varchar DEFAULT 'Open', "subject" varchar, "updated_at" datetime(6) NOT NULL, "user_id" integer NOT NULL) /*application='J2cRentals'*/[0m
  [1m[35m (0.2ms)[0m  [1m[35mCREATE INDEX "tindex_asupport_tickets_on_user_id" ON "asupport_tickets" ("user_id") /*application='J2cRentals'*/[0m
  [1m[35m (0.1ms)[0m  [1m[35mCREATE INDEX "tindex_asupport_tickets_on_status" ON "asupport_tickets" ("status") /*application='J2cRentals'*/[0m
  [1m[35m (2.1ms)[0m  [1m[35mCREATE INDEX "tindex_asupport_tickets_on_reservation_id" ON "asupport_tickets" ("reservation_id") /*application='J2cRentals'*/[0m
  [1m[35m (0.2ms)[0m  [1m[35mCREATE INDEX "tindex_asupport_tickets_on_priority" ON "asupport_tickets" ("priority") /*application='J2cRentals'*/[0m
  [1m[35mSQL (0.1ms)[0m  [1m[32mINSERT INTO "asupport_tickets" ("id","assigned_to","category","created_at","message","priority","reservation_id","resolved_at","status","subject","updated_at","user_id")
                     SELECT "id","assigned_to","category","created_at","message","priority","reservation_id","resolved_at","status","subject","updated_at","user_id" FROM "support_tickets" /*application='J2cRentals'*/[0m
  [1m[35m (0.3ms)[0m  [1m[35mDROP TABLE "support_tickets" /*application='J2cRentals'*/[0m
  [1m[35m (0.3ms)[0m  [1m[35mCREATE TABLE "support_tickets" ("id" integer PRIMARY KEY AUTOINCREMENT NOT NULL, "assigned_to" varchar, "category" varchar, "created_at" datetime(6) NOT NULL, "message" text, "priority" varchar DEFAULT 'Medium', "reservation_id" integer, "resolved_at" datetime(6), "status" varchar DEFAULT 'Open', "subject" varchar, "updated_at" datetime(6) NOT NULL, "user_id" integer NOT NULL, CONSTRAINT "fk_rails_2865a40ba3"
FOREIGN KEY ("reservation_id")
  REFERENCES "reservations" ("id")
, CONSTRAINT "fk_rails_d445c1f8e8"
FOREIGN KEY ("user_id")
  REFERENCES "users" ("id")
) /*application='J2cRentals'*/[0m
  [1m[35m (0.1ms)[0m  [1m[35mCREATE INDEX "index_support_tickets_on_priority" ON "support_tickets" ("priority") /*application='J2cRentals'*/[0m
  [1m[35m (0.2ms)[0m  [1m[35mCREATE INDEX "index_support_tickets_on_reservation_id" ON "support_tickets" ("reservation_id") /*application='J2cRentals'*/[0m
  [1m[35m (0.3ms)[0m  [1m[35mCREATE INDEX "index_support_tickets_on_status" ON "support_tickets" ("status") /*application='J2cRentals'*/[0m
  [1m[35m (0.2ms)[0m  [1m[35mCREATE INDEX "index_support_tickets_on_user_id" ON "support_tickets" ("user_id") /*application='J2cRentals'*/[0m
  [1m[35mSQL (0.0ms)[0m  [1m[32mINSERT INTO "support_tickets" ("id","assigned_to","category","created_at","message","priority","reservation_id","resolved_at","status","subject","updated_at","user_id")
                     SELECT "id","assigned_to","category","created_at","message","priority","reservation_id","resolved_at","status","subject","updated_at","user_id" FROM "asupport_tickets" /*application='J2cRentals'*/[0m
  [1m[35m (0.1ms)[0m  [1m[35mDROP TABLE "asupport_tickets" /*application='J2cRentals'*/[0m
  [1m[36mTRANSACTION (0.1ms)[0m  [1m[35mCOMMIT TRANSACTION /*application='J2cRentals'*/[0m
  [1m[35m (0.0ms)[0m  [1m[35mPRAGMA defer_foreign_keys = 0 /*application='J2cRentals'*/[0m
  [1m[35m (0.0ms)[0m  [1m[35mPRAGMA foreign_keys = 1 /*application='J2cRentals'*/[0m
  [1m[35m (0.2ms)[0m  [1m[35mCREATE TABLE "schema_migrations" ("version" varchar NOT NULL PRIMARY KEY) /*application='J2cRentals'*/[0m
  [1m[36mActiveRecord::SchemaMigration Load (0.1ms)[0m  [1m[34mSELECT "schema_migrations"."version" FROM "schema_migrations" ORDER BY "schema_migrations"."version" ASC /*application='J2cRentals'*/[0m
  [1m[35m (0.1ms)[0m  [1m[32mINSERT INTO "schema_migrations" (version) VALUES (20260525092920) /*application='J2cRentals'*/[0m
  [1m[35m (0.3ms)[0m  [1m[32mINSERT INTO "schema_migrations" (version) VALUES
(20260525092449),
(20260525092437),
(20260525092435),
(20260525092434),
(20260525092433),
(20260525092432),
(20260525092422),
(20260525092421),
(20260525092420),
(20260525092419),
(20260525091659),
(20260525091649),
(20260525091648),
(20260525085448),
(20260525085447); /*application='J2cRentals'*/[0m
  [1m[35m (1.1ms)[0m  [1m[35mCREATE TABLE "ar_internal_metadata" ("key" varchar NOT NULL PRIMARY KEY, "value" varchar, "created_at" datetime(6) NOT NULL, "updated_at" datetime(6) NOT NULL) /*application='J2cRentals'*/[0m
  [1m[36mActiveRecord::InternalMetadata Load (0.1ms)[0m  [1m[34mSELECT * FROM "ar_internal_metadata" WHERE "ar_internal_metadata"."key" = 'environment' ORDER BY "ar_internal_metadata"."key" ASC LIMIT 1 /*application='J2cRentals'*/[0m
  [1m[36mActiveRecord::InternalMetadata Create (0.5ms)[0m  [1m[32mINSERT INTO "ar_internal_metadata" ("key", "value", "created_at", "updated_at") VALUES ('environment', 'development', '2026-05-25 09:39:35.974386', '2026-05-25 09:39:35.974392') RETURNING "key" /*application='J2cRentals'*/[0m
  [1m[36mActiveRecord::InternalMetadata Load (0.1ms)[0m  [1m[34mSELECT * FROM "ar_internal_metadata" WHERE "ar_internal_metadata"."key" = 'environment' ORDER BY "ar_internal_metadata"."key" ASC LIMIT 1 /*application='J2cRentals'*/[0m
  [1m[36mActiveRecord::InternalMetadata Update (0.1ms)[0m  [1m[33mUPDATE "ar_internal_metadata" SET "value" = 'test', "updated_at" = '2026-05-25 09:39:35.985811' WHERE "ar_internal_metadata"."key" = 'environment' /*application='J2cRentals'*/[0m
  [1m[36mActiveRecord::InternalMetadata Load (0.1ms)[0m  [1m[34mSELECT * FROM "ar_internal_metadata" WHERE "ar_internal_metadata"."key" = 'schema_sha1' ORDER BY "ar_internal_metadata"."key" ASC LIMIT 1 /*application='J2cRentals'*/[0m
  [1m[36mActiveRecord::InternalMetadata Create (0.2ms)[0m  [1m[32mINSERT INTO "ar_internal_metadata" ("key", "value", "created_at", "updated_at") VALUES ('schema_sha1', '49f1283f49768c9fd9de83811dac6f76b4c5cc7a', '2026-05-25 09:39:35.988045', '2026-05-25 09:39:35.988047') RETURNING "key" /*application='J2cRentals'*/[0m
Started GET "/admin-portal" for 127.0.0.1 at 2026-05-25 15:09:40 +0530
Processing by Admin::DashboardController#index as HTML
Redirected to http://127.0.0.1:3000/admin-portal/session/new
↳ app/controllers/admin/base_controller.rb:12:in 'Admin::BaseController#require_admin!'
Filter chain halted as :require_admin! rendered or redirected
Completed 302 Found in 325ms (ActiveRecord: 0.0ms (0 queries, 0 cached) | GC: 0.0ms)


Started GET "/admin-portal/session/new" for 127.0.0.1 at 2026-05-25 15:09:40 +0530
Processing by Admin::SessionsController#new as HTML
  Rendering layout layouts/admin_auth.html.erb
  Rendering admin/sessions/new.html.erb within layouts/admin_auth
  Rendered admin/sessions/new.html.erb within layouts/admin_auth (Duration: 166.4ms | GC: 0.0ms)
  Rendered layout layouts/admin_auth.html.erb (Duration: 230.1ms | GC: 0.0ms)
Completed 200 OK in 378ms (Views: 312.4ms | ActiveRecord: 0.0ms (0 queries, 0 cached) | GC: 0.0ms)


Started GET "/favicon.ico" for 127.0.0.1 at 2026-05-25 15:09:41 +0530
  
ActionController::RoutingError (No route matches [GET] "/favicon.ico"):
  
Started GET "/" for 127.0.0.1 at 2026-05-25 15:09:45 +0530
Processing by HomeController#index as HTML
  Rendering layout layouts/application.html.erb
  Rendering home/index.html.erb within layouts/application
  [1m[36mVehicle Load (0.9ms)[0m  [1m[34mSELECT "vehicles".* FROM "vehicles" WHERE "vehicles"."featured" = TRUE LIMIT 4 /*action='index',application='J2cRentals',controller='home'*/[0m
  ↳ app/views/home/index.html.erb:51
  Rendered collection of vehicles/_vehicle.html.erb [4 times] (Duration: 92.7ms | GC: 0.0ms)
  Rendered home/index.html.erb within layouts/application (Duration: 186.9ms | GC: 0.0ms)
  Rendered layout layouts/application.html.erb (Duration: 192.2ms | GC: 0.0ms)
Completed 200 OK in 334ms (Views: 202.3ms | ActiveRecord: 16.6ms (1 query, 0 cached) | GC: 0.0ms)


Started GET "/admin-portal" for 127.0.0.1 at 2026-05-25 15:09:52 +0530
Processing by Admin::DashboardController#index as HTML
Redirected to http://127.0.0.1:3000/admin-portal/session/new
↳ app/controllers/admin/base_controller.rb:12:in 'Admin::BaseController#require_admin!'
Filter chain halted as :require_admin! rendered or redirected
Completed 302 Found in 18ms (ActiveRecord: 0.0ms (0 queries, 0 cached) | GC: 0.0ms)


Started GET "/admin-portal/session/new" for 127.0.0.1 at 2026-05-25 15:09:53 +0530
Processing by Admin::SessionsController#new as HTML
  Rendering layout layouts/admin_auth.html.erb
  Rendering admin/sessions/new.html.erb within layouts/admin_auth
  Rendered admin/sessions/new.html.erb within layouts/admin_auth (Duration: 2.7ms | GC: 0.0ms)
  Rendered layout layouts/admin_auth.html.erb (Duration: 6.6ms | GC: 0.0ms)
Completed 200 OK in 18ms (Views: 10.1ms | ActiveRecord: 0.0ms (0 queries, 0 cached) | GC: 0.0ms)


Started GET "/admin-portal" for 127.0.0.1 at 2026-05-25 15:10:15 +0530
Processing by Admin::DashboardController#index as HTML
Redirected to http://127.0.0.1:3000/admin-portal/session/new
↳ app/controllers/admin/base_controller.rb:12:in 'Admin::BaseController#require_admin!'
Filter chain halted as :require_admin! rendered or redirected
Completed 302 Found in 11ms (ActiveRecord: 0.0ms (0 queries, 0 cached) | GC: 0.0ms)


Started GET "/admin-portal/session/new" for 127.0.0.1 at 2026-05-25 15:10:15 +0530
Processing by Admin::SessionsController#new as HTML
  Rendering layout layouts/admin_auth.html.erb
  Rendering admin/sessions/new.html.erb within layouts/admin_auth
  Rendered admin/sessions/new.html.erb within layouts/admin_auth (Duration: 2.6ms | GC: 0.0ms)
  Rendered layout layouts/admin_auth.html.erb (Duration: 6.9ms | GC: 0.0ms)
Completed 200 OK in 17ms (Views: 9.8ms | ActiveRecord: 0.0ms (0 queries, 0 cached) | GC: 0.0ms)


Started POST "/admin-portal/session" for 127.0.0.1 at 2026-05-25 15:10:19 +0530
Processing by Admin::SessionsController#create as HTML
  Parameters: {"authenticity_token" => "[FILTERED]", "email" => "[FILTERED]", "password" => "[FILTERED]", "commit" => "Enter admin portal"}
  [1m[36mUser Load (0.2ms)[0m  [1m[34mSELECT "users".* FROM "users" WHERE "users"."email" = 'admin@j2c.test' LIMIT 1 /*action='create',application='J2cRentals',controller='sessions'*/[0m
  ↳ app/controllers/admin/sessions_controller.rb:9:in 'Admin::SessionsController#create'
  [1m[36mTRANSACTION (0.3ms)[0m  [1m[35mBEGIN immediate TRANSACTION /*action='create',application='J2cRentals',controller='sessions'*/[0m
  ↳ app/controllers/admin/sessions_controller.rb:13:in 'Admin::SessionsController#create'
  [1m[36mUser Update (0.3ms)[0m  [1m[33mUPDATE "users" SET "last_login_at" = '2026-05-25 09:40:20.061809', "updated_at" = '2026-05-25 09:40:20.072456' WHERE "users"."id" = 1 /*action='create',application='J2cRentals',controller='sessions'*/[0m
  ↳ app/controllers/admin/sessions_controller.rb:13:in 'Admin::SessionsController#create'
  [1m[36mTRANSACTION (12.3ms)[0m  [1m[35mCOMMIT TRANSACTION /*action='create',application='J2cRentals',controller='sessions'*/[0m
  ↳ app/controllers/admin/sessions_controller.rb:13:in 'Admin::SessionsController#create'
  [1m[36mTRANSACTION (0.2ms)[0m  [1m[35mBEGIN immediate TRANSACTION /*action='create',application='J2cRentals',controller='sessions'*/[0m
  ↳ app/controllers/admin/sessions_controller.rb:14:in 'Admin::SessionsController#create'
  [1m[36mAdminAction Create (7.5ms)[0m  [1m[32mINSERT INTO "admin_actions" ("user_id", "action", "resource_type", "resource_id", "ip_address", "metadata", "created_at", "updated_at") VALUES (1, 'admin.login', NULL, NULL, '127.0.0.1', '"{\"path\":\"/admin-portal/session\"}"', '2026-05-25 09:40:20.137609', '2026-05-25 09:40:20.137609') RETURNING "id" /*action='create',application='J2cRentals',controller='sessions'*/[0m
  ↳ app/controllers/admin/sessions_controller.rb:14:in 'Admin::SessionsController#create'
  [1m[36mTRANSACTION (0.8ms)[0m  [1m[35mCOMMIT TRANSACTION /*action='create',application='J2cRentals',controller='sessions'*/[0m
  ↳ app/controllers/admin/sessions_controller.rb:14:in 'Admin::SessionsController#create'
Redirected to http://127.0.0.1:3000/admin-portal
↳ app/controllers/admin/sessions_controller.rb:15:in 'Admin::SessionsController#create'
Completed 302 Found in 540ms (ActiveRecord: 29.9ms (3 queries, 0 cached) | GC: 0.0ms)


Started GET "/admin-portal" for 127.0.0.1 at 2026-05-25 15:10:20 +0530
Processing by Admin::DashboardController#index as HTML
  [1m[36mUser Load (1.9ms)[0m  [1m[34mSELECT "users".* FROM "users" WHERE "users"."id" = 1 LIMIT 1 /*action='index',application='J2cRentals',controller='dashboard'*/[0m
  ↳ app/controllers/application_controller.rb:10:in 'ApplicationController#current_user'
  [1m[36mVehicle Count (0.3ms)[0m  [1m[34mSELECT COUNT(*) FROM "vehicles" /*action='index',application='J2cRentals',controller='dashboard'*/[0m
  ↳ app/controllers/admin/dashboard_controller.rb:4:in 'Admin::DashboardController#index'
  [1m[36mReservation Count (0.2ms)[0m  [1m[34mSELECT COUNT(*) FROM "reservations" WHERE "reservations"."status" = 'pending' /*action='index',application='J2cRentals',controller='dashboard'*/[0m
  ↳ app/controllers/admin/dashboard_controller.rb:5:in 'Admin::DashboardController#index'
  [1m[36mReservation Count (0.2ms)[0m  [1m[34mSELECT COUNT(*) FROM "reservations" WHERE "reservations"."status" = 'active' /*action='index',application='J2cRentals',controller='dashboard'*/[0m
  ↳ app/controllers/admin/dashboard_controller.rb:6:in 'Admin::DashboardController#index'
  [1m[36mReservation Count (0.3ms)[0m  [1m[34mSELECT COUNT(*) FROM "reservations" WHERE "reservations"."status" = 'active' AND (dropoff_date < '2026-05-25') /*action='index',application='J2cRentals',controller='dashboard'*/[0m
  ↳ app/controllers/admin/dashboard_controller.rb:7:in 'Admin::DashboardController#index'
  [1m[36mMaintenanceLog Count (0.5ms)[0m  [1m[34mSELECT COUNT(*) FROM "maintenance_logs" WHERE "maintenance_logs"."status" IN ('Scheduled', 'Overdue') AND (scheduled_on <= '2026-06-01') /*action='index',application='J2cRentals',controller='dashboard'*/[0m
  ↳ app/controllers/admin/dashboard_controller.rb:8:in 'Admin::DashboardController#index'
  [1m[36mReservation Sum (0.3ms)[0m  [1m[34mSELECT SUM("reservations"."deposit_amount") FROM "reservations" WHERE "reservations"."deposit_status" = 'Paid' /*action='index',application='J2cRentals',controller='dashboard'*/[0m
  ↳ app/controllers/admin/dashboard_controller.rb:9:in 'Admin::DashboardController#index'
  [1m[36mPayment Sum (0.4ms)[0m  [1m[34mSELECT SUM("payments"."amount") FROM "payments" WHERE "payments"."status" = 'Paid' AND "payments"."paid_at" BETWEEN '2026-05-01 00:00:00' AND '2026-05-31 23:59:59.999999' /*action='index',application='J2cRentals',controller='dashboard'*/[0m
  ↳ app/controllers/admin/dashboard_controller.rb:10:in 'Admin::DashboardController#index'
  [1m[36mCACHE Vehicle Count (0.0ms)[0m  [1m[34mSELECT COUNT(*) FROM "vehicles"[0m
  ↳ app/controllers/admin/dashboard_controller.rb:11:in 'Admin::DashboardController#index'
  [1m[36mVehicle Load (0.5ms)[0m  [1m[34mSELECT "vehicles".* FROM "vehicles" /*action='index',application='J2cRentals',controller='dashboard'*/[0m
  ↳ app/controllers/admin/dashboard_controller.rb:11:in 'Admin::DashboardController#index'
  [1m[36mReservation Load (0.5ms)[0m  [1m[34mSELECT "reservations".* FROM "reservations" WHERE "reservations"."vehicle_id" = 17 AND "reservations"."status" IN ('approved', 'active', 'completed') /*action='index',application='J2cRentals',controller='dashboard'*/[0m
  ↳ app/models/vehicle.rb:35:in 'Vehicle#utilization_percent'
  [1m[36mReservation Load (0.4ms)[0m  [1m[34mSELECT "reservations".* FROM "reservations" WHERE "reservations"."vehicle_id" = 18 AND "reservations"."status" IN ('approved', 'active', 'completed') /*action='index',application='J2cRentals',controller='dashboard'*/[0m
  ↳ app/models/vehicle.rb:35:in 'Vehicle#utilization_percent'
  [1m[36mReservation Load (0.3ms)[0m  [1m[34mSELECT "reservations".* FROM "reservations" WHERE "reservations"."vehicle_id" = 19 AND "reservations"."status" IN ('approved', 'active', 'completed') /*action='index',application='J2cRentals',controller='dashboard'*/[0m
  ↳ app/models/vehicle.rb:35:in 'Vehicle#utilization_percent'
  [1m[36mReservation Load (0.3ms)[0m  [1m[34mSELECT "reservations".* FROM "reservations" WHERE "reservations"."vehicle_id" = 20 AND "reservations"."status" IN ('approved', 'active', 'completed') /*action='index',application='J2cRentals',controller='dashboard'*/[0m
  ↳ app/models/vehicle.rb:35:in 'Vehicle#utilization_percent'
  [1m[36mReservation Load (0.2ms)[0m  [1m[34mSELECT "reservations".* FROM "reservations" WHERE "reservations"."vehicle_id" = 21 AND "reservations"."status" IN ('approved', 'active', 'completed') /*action='index',application='J2cRentals',controller='dashboard'*/[0m
  ↳ app/models/vehicle.rb:35:in 'Vehicle#utilization_percent'
  [1m[36mReservation Load (0.2ms)[0m  [1m[34mSELECT "reservations".* FROM "reservations" WHERE "reservations"."vehicle_id" = 22 AND "reservations"."status" IN ('approved', 'active', 'completed') /*action='index',application='J2cRentals',controller='dashboard'*/[0m
  ↳ app/models/vehicle.rb:35:in 'Vehicle#utilization_percent'
  [1m[36mReservation Load (0.2ms)[0m  [1m[34mSELECT "reservations".* FROM "reservations" WHERE "reservations"."vehicle_id" = 23 AND "reservations"."status" IN ('approved', 'active', 'completed') /*action='index',application='J2cRentals',controller='dashboard'*/[0m
  ↳ app/models/vehicle.rb:35:in 'Vehicle#utilization_percent'
  [1m[36mReservation Load (0.2ms)[0m  [1m[34mSELECT "reservations".* FROM "reservations" WHERE "reservations"."vehicle_id" = 24 AND "reservations"."status" IN ('approved', 'active', 'completed') /*action='index',application='J2cRentals',controller='dashboard'*/[0m
  ↳ app/models/vehicle.rb:35:in 'Vehicle#utilization_percent'
  [1m[36mCACHE Vehicle Count (0.0ms)[0m  [1m[34mSELECT COUNT(*) FROM "vehicles"[0m
  ↳ app/controllers/admin/dashboard_controller.rb:11:in 'Admin::DashboardController#index'
  [1m[36mLead Count (0.1ms)[0m  [1m[34mSELECT COUNT(*) FROM "leads" WHERE "leads"."status" NOT IN ('Managed', 'Lost') /*action='index',application='J2cRentals',controller='dashboard'*/[0m
  ↳ app/controllers/admin/dashboard_controller.rb:12:in 'Admin::DashboardController#index'
  [1m[36mLead Count (0.2ms)[0m  [1m[34mSELECT COUNT(*) AS "count_all", "leads"."status" AS "leads_status" FROM "leads" GROUP BY "leads"."status" /*action='index',application='J2cRentals',controller='dashboard'*/[0m
  ↳ app/controllers/admin/dashboard_controller.rb:14:in 'Admin::DashboardController#index'
  Rendering layout layouts/admin.html.erb
  Rendering admin/dashboard/index.html.erb within layouts/admin
  [1m[36mReservation Load (0.3ms)[0m  [1m[34mSELECT "reservations".* FROM "reservations" ORDER BY "reservations"."created_at" DESC LIMIT 6 /*action='index',application='J2cRentals',controller='dashboard'*/[0m
  ↳ app/views/admin/dashboard/index.html.erb:27
  [1m[36mVehicle Load (0.7ms)[0m  [1m[34mSELECT "vehicles".* FROM "vehicles" WHERE "vehicles"."id" IN (20, 19) /*action='index',application='J2cRentals',controller='dashboard'*/[0m
  ↳ app/views/admin/dashboard/index.html.erb:27
  [1m[36mAdminAction Load (0.2ms)[0m  [1m[34mSELECT "admin_actions".* FROM "admin_actions" ORDER BY "admin_actions"."created_at" DESC LIMIT 8 /*action='index',application='J2cRentals',controller='dashboard'*/[0m
  ↳ app/views/admin/dashboard/index.html.erb:51
  [1m[36mUser Load (0.1ms)[0m  [1m[34mSELECT "users".* FROM "users" WHERE "users"."id" = 1 /*action='index',application='J2cRentals',controller='dashboard'*/[0m
  ↳ app/views/admin/dashboard/index.html.erb:51
  Rendered admin/dashboard/index.html.erb within layouts/admin (Duration: 27.0ms | GC: 0.0ms)
  Rendered layout layouts/admin.html.erb (Duration: 28.9ms | GC: 0.0ms)
Completed 200 OK in 447ms (Views: 29.8ms | ActiveRecord: 12.2ms (25 queries, 2 cached) | GC: 0.3ms)


Started GET "/admin-portal/payments" for 127.0.0.1 at 2026-05-25 15:10:21 +0530
Processing by Admin::PaymentsController#index as HTML
  [1m[36mUser Load (0.2ms)[0m  [1m[34mSELECT "users".* FROM "users" WHERE "users"."id" = 1 LIMIT 1 /*action='index',application='J2cRentals',controller='payments'*/[0m
  ↳ app/controllers/application_controller.rb:10:in 'ApplicationController#current_user'
  [1m[36mPayment Sum (0.6ms)[0m  [1m[34mSELECT SUM("payments"."amount") FROM "payments" LEFT OUTER JOIN "reservations" ON "reservations"."id" = "payments"."reservation_id" LEFT OUTER JOIN "users" ON "users"."id" = "payments"."user_id" WHERE "payments"."status" = 'Paid' /*action='index',application='J2cRentals',controller='payments'*/[0m
  ↳ app/controllers/admin/payments_controller.rb:5:in 'Admin::PaymentsController#index'
  Rendering layout layouts/admin.html.erb
  Rendering admin/payments/index.html.erb within layouts/admin
  [1m[36mPayment Count (0.1ms)[0m  [1m[34mSELECT COUNT(*) FROM "payments" /*action='index',application='J2cRentals',controller='payments'*/[0m
  ↳ app/views/admin/payments/index.html.erb:8
  [1m[36mPayment Load (0.1ms)[0m  [1m[34mSELECT "payments".* FROM "payments" ORDER BY "payments"."created_at" DESC /*action='index',application='J2cRentals',controller='payments'*/[0m
  ↳ app/views/admin/payments/index.html.erb:13
  [1m[36mReservation Load (0.2ms)[0m  [1m[34mSELECT "reservations".* FROM "reservations" WHERE "reservations"."id" IN (4, 3) /*action='index',application='J2cRentals',controller='payments'*/[0m
  ↳ app/views/admin/payments/index.html.erb:13
  [1m[36mUser Load (0.2ms)[0m  [1m[34mSELECT "users".* FROM "users" WHERE "users"."id" IN (4, 3) /*action='index',application='J2cRentals',controller='payments'*/[0m
  ↳ app/views/admin/payments/index.html.erb:13
  Rendered admin/payments/index.html.erb within layouts/admin (Duration: 11.2ms | GC: 0.0ms)
  Rendered layout layouts/admin.html.erb (Duration: 12.2ms | GC: 0.0ms)
Completed 200 OK in 31ms (Views: 12.3ms | ActiveRecord: 1.7ms (6 queries, 0 cached) | GC: 0.0ms)


Started GET "/admin-portal/maintenance_logs" for 127.0.0.1 at 2026-05-25 15:10:21 +0530
Processing by Admin::MaintenanceLogsController#index as HTML
  [1m[36mUser Load (0.2ms)[0m  [1m[34mSELECT "users".* FROM "users" WHERE "users"."id" = 1 LIMIT 1 /*action='index',application='J2cRentals',controller='maintenance_logs'*/[0m
  ↳ app/controllers/application_controller.rb:10:in 'ApplicationController#current_user'
  Rendering layout layouts/admin.html.erb
  Rendering admin/maintenance_logs/index.html.erb within layouts/admin
  [1m[36mVehicle Load (0.4ms)[0m  [1m[34mSELECT "vehicles".* FROM "vehicles" ORDER BY "vehicles"."name" ASC /*action='index',application='J2cRentals',controller='maintenance_logs'*/[0m
  ↳ app/views/admin/maintenance_logs/index.html.erb:10
  [1m[36mMaintenanceLog Load (0.3ms)[0m  [1m[34mSELECT "maintenance_logs".* FROM "maintenance_logs" ORDER BY "maintenance_logs"."scheduled_on" ASC /*action='index',application='J2cRentals',controller='maintenance_logs'*/[0m
  ↳ app/views/admin/maintenance_logs/index.html.erb:23
  [1m[36mVehicle Load (0.3ms)[0m  [1m[34mSELECT "vehicles".* FROM "vehicles" WHERE "vehicles"."id" IN (21, 19) /*action='index',application='J2cRentals',controller='maintenance_logs'*/[0m
  ↳ app/views/admin/maintenance_logs/index.html.erb:23
  Rendered admin/maintenance_logs/index.html.erb within layouts/admin (Duration: 29.2ms | GC: 0.0ms)
  Rendered layout layouts/admin.html.erb (Duration: 30.8ms | GC: 0.0ms)
Completed 200 OK in 48ms (Views: 31.1ms | ActiveRecord: 1.5ms (4 queries, 0 cached) | GC: 0.0ms)


Started GET "/admin-portal" for 127.0.0.1 at 2026-05-25 15:11:08 +0530
Started GET "/admin" for 127.0.0.1 at 2026-05-25 15:11:08 +0530
Processing by Admin::DashboardController#index as HTML
Redirected to http://127.0.0.1:3000/admin-portal/session/new
↳ app/controllers/admin/base_controller.rb:12:in 'Admin::BaseController#require_admin!'
Filter chain halted as :require_admin! rendered or redirected
Completed 302 Found in 14ms (ActiveRecord: 0.0ms (0 queries, 0 cached) | GC: 0.0ms)


Started GET "/admin-portal/session/new" for 127.0.0.1 at 2026-05-25 15:11:08 +0530
  
ActionController::RoutingError (No route matches [GET] "/admin"):
  
Processing by Admin::SessionsController#new as HTML
  Rendering layout layouts/admin_auth.html.erb
  Rendering admin/sessions/new.html.erb within layouts/admin_auth
  Rendered admin/sessions/new.html.erb within layouts/admin_auth (Duration: 1.9ms | GC: 0.0ms)
  Rendered layout layouts/admin_auth.html.erb (Duration: 8.7ms | GC: 0.0ms)
Completed 200 OK in 44ms (Views: 10.5ms | ActiveRecord: 0.0ms (0 queries, 0 cached) | GC: 0.0ms)


Started GET "/" for 127.0.0.1 at 2026-05-25 15:11:09 +0530
Processing by HomeController#index as HTML
  Rendering layout layouts/application.html.erb
  Rendering home/index.html.erb within layouts/application
  [1m[36mVehicle Load (0.7ms)[0m  [1m[34mSELECT "vehicles".* FROM "vehicles" WHERE "vehicles"."featured" = TRUE LIMIT 4 /*action='index',application='J2cRentals',controller='home'*/[0m
  ↳ app/views/home/index.html.erb:51
  Rendered collection of vehicles/_vehicle.html.erb [4 times] (Duration: 2.5ms | GC: 0.0ms)
  Rendered home/index.html.erb within layouts/application (Duration: 10.3ms | GC: 0.0ms)
  Rendered layout layouts/application.html.erb (Duration: 13.7ms | GC: 0.0ms)
Completed 200 OK in 25ms (Views: 15.5ms | ActiveRecord: 0.6ms (1 query, 0 cached) | GC: 0.0ms)


Started GET "/admin-portal" for 127.0.0.1 at 2026-05-25 15:11:20 +0530
Processing by Admin::DashboardController#index as HTML
  [1m[36mUser Load (0.5ms)[0m  [1m[34mSELECT "users".* FROM "users" WHERE "users"."id" = 1 LIMIT 1 /*action='index',application='J2cRentals',controller='dashboard'*/[0m
  ↳ app/controllers/application_controller.rb:10:in 'ApplicationController#current_user'
  [1m[36mVehicle Count (0.3ms)[0m  [1m[34mSELECT COUNT(*) FROM "vehicles" /*action='index',application='J2cRentals',controller='dashboard'*/[0m
  ↳ app/controllers/admin/dashboard_controller.rb:4:in 'Admin::DashboardController#index'
  [1m[36mReservation Count (0.3ms)[0m  [1m[34mSELECT COUNT(*) FROM "reservations" WHERE "reservations"."status" = 'pending' /*action='index',application='J2cRentals',controller='dashboard'*/[0m
  ↳ app/controllers/admin/dashboard_controller.rb:5:in 'Admin::DashboardController#index'
  [1m[36mReservation Count (0.2ms)[0m  [1m[34mSELECT COUNT(*) FROM "reservations" WHERE "reservations"."status" = 'active' /*action='index',application='J2cRentals',controller='dashboard'*/[0m
  ↳ app/controllers/admin/dashboard_controller.rb:6:in 'Admin::DashboardController#index'
  [1m[36mReservation Count (0.2ms)[0m  [1m[34mSELECT COUNT(*) FROM "reservations" WHERE "reservations"."status" = 'active' AND (dropoff_date < '2026-05-25') /*action='index',application='J2cRentals',controller='dashboard'*/[0m
  ↳ app/controllers/admin/dashboard_controller.rb:7:in 'Admin::DashboardController#index'
  [1m[36mMaintenanceLog Count (0.3ms)[0m  [1m[34mSELECT COUNT(*) FROM "maintenance_logs" WHERE "maintenance_logs"."status" IN ('Scheduled', 'Overdue') AND (scheduled_on <= '2026-06-01') /*action='index',application='J2cRentals',controller='dashboard'*/[0m
  ↳ app/controllers/admin/dashboard_controller.rb:8:in 'Admin::DashboardController#index'
  [1m[36mReservation Sum (0.2ms)[0m  [1m[34mSELECT SUM("reservations"."deposit_amount") FROM "reservations" WHERE "reservations"."deposit_status" = 'Paid' /*action='index',application='J2cRentals',controller='dashboard'*/[0m
  ↳ app/controllers/admin/dashboard_controller.rb:9:in 'Admin::DashboardController#index'
  [1m[36mPayment Sum (0.3ms)[0m  [1m[34mSELECT SUM("payments"."amount") FROM "payments" WHERE "payments"."status" = 'Paid' AND "payments"."paid_at" BETWEEN '2026-05-01 00:00:00' AND '2026-05-31 23:59:59.999999' /*action='index',application='J2cRentals',controller='dashboard'*/[0m
  ↳ app/controllers/admin/dashboard_controller.rb:10:in 'Admin::DashboardController#index'
  [1m[36mCACHE Vehicle Count (0.0ms)[0m  [1m[34mSELECT COUNT(*) FROM "vehicles"[0m
  ↳ app/controllers/admin/dashboard_controller.rb:11:in 'Admin::DashboardController#index'
  [1m[36mVehicle Load (0.5ms)[0m  [1m[34mSELECT "vehicles".* FROM "vehicles" /*action='index',application='J2cRentals',controller='dashboard'*/[0m
  ↳ app/controllers/admin/dashboard_controller.rb:11:in 'Admin::DashboardController#index'
  [1m[36mReservation Load (0.7ms)[0m  [1m[34mSELECT "reservations".* FROM "reservations" WHERE "reservations"."vehicle_id" = 17 AND "reservations"."status" IN ('approved', 'active', 'completed') /*action='index',application='J2cRentals',controller='dashboard'*/[0m
  ↳ app/models/vehicle.rb:35:in 'Vehicle#utilization_percent'
  [1m[36mReservation Load (0.5ms)[0m  [1m[34mSELECT "reservations".* FROM "reservations" WHERE "reservations"."vehicle_id" = 18 AND "reservations"."status" IN ('approved', 'active', 'completed') /*action='index',application='J2cRentals',controller='dashboard'*/[0m
  ↳ app/models/vehicle.rb:35:in 'Vehicle#utilization_percent'
  [1m[36mReservation Load (0.7ms)[0m  [1m[34mSELECT "reservations".* FROM "reservations" WHERE "reservations"."vehicle_id" = 19 AND "reservations"."status" IN ('approved', 'active', 'completed') /*action='index',application='J2cRentals',controller='dashboard'*/[0m
  ↳ app/models/vehicle.rb:35:in 'Vehicle#utilization_percent'
  [1m[36mReservation Load (0.7ms)[0m  [1m[34mSELECT "reservations".* FROM "reservations" WHERE "reservations"."vehicle_id" = 20 AND "reservations"."status" IN ('approved', 'active', 'completed') /*action='index',application='J2cRentals',controller='dashboard'*/[0m
  ↳ app/models/vehicle.rb:35:in 'Vehicle#utilization_percent'
  [1m[36mReservation Load (0.5ms)[0m  [1m[34mSELECT "reservations".* FROM "reservations" WHERE "reservations"."vehicle_id" = 21 AND "reservations"."status" IN ('approved', 'active', 'completed') /*action='index',application='J2cRentals',controller='dashboard'*/[0m
  ↳ app/models/vehicle.rb:35:in 'Vehicle#utilization_percent'
  [1m[36mReservation Load (0.5ms)[0m  [1m[34mSELECT "reservations".* FROM "reservations" WHERE "reservations"."vehicle_id" = 22 AND "reservations"."status" IN ('approved', 'active', 'completed') /*action='index',application='J2cRentals',controller='dashboard'*/[0m
  ↳ app/models/vehicle.rb:35:in 'Vehicle#utilization_percent'
  [1m[36mReservation Load (0.4ms)[0m  [1m[34mSELECT "reservations".* FROM "reservations" WHERE "reservations"."vehicle_id" = 23 AND "reservations"."status" IN ('approved', 'active', 'completed') /*action='index',application='J2cRentals',controller='dashboard'*/[0m
  ↳ app/models/vehicle.rb:35:in 'Vehicle#utilization_percent'
  [1m[36mReservation Load (0.4ms)[0m  [1m[34mSELECT "reservations".* FROM "reservations" WHERE "reservations"."vehicle_id" = 24 AND "reservations"."status" IN ('approved', 'active', 'completed') /*action='index',application='J2cRentals',controller='dashboard'*/[0m
  ↳ app/models/vehicle.rb:35:in 'Vehicle#utilization_percent'
  [1m[36mCACHE Vehicle Count (0.0ms)[0m  [1m[34mSELECT COUNT(*) FROM "vehicles"[0m
  ↳ app/controllers/admin/dashboard_controller.rb:11:in 'Admin::DashboardController#index'
  [1m[36mLead Count (0.2ms)[0m  [1m[34mSELECT COUNT(*) FROM "leads" WHERE "leads"."status" NOT IN ('Managed', 'Lost') /*action='index',application='J2cRentals',controller='dashboard'*/[0m
  ↳ app/controllers/admin/dashboard_controller.rb:12:in 'Admin::DashboardController#index'
  [1m[36mLead Count (0.2ms)[0m  [1m[34mSELECT COUNT(*) AS "count_all", "leads"."status" AS "leads_status" FROM "leads" GROUP BY "leads"."status" /*action='index',application='J2cRentals',controller='dashboard'*/[0m
  ↳ app/controllers/admin/dashboard_controller.rb:14:in 'Admin::DashboardController#index'
  Rendering layout layouts/admin.html.erb
  Rendering admin/dashboard/index.html.erb within layouts/admin
  [1m[36mReservation Load (2.6ms)[0m  [1m[34mSELECT "reservations".* FROM "reservations" ORDER BY "reservations"."created_at" DESC LIMIT 6 /*action='index',application='J2cRentals',controller='dashboard'*/[0m
  ↳ app/views/admin/dashboard/index.html.erb:27
  [1m[36mVehicle Load (0.5ms)[0m  [1m[34mSELECT "vehicles".* FROM "vehicles" WHERE "vehicles"."id" IN (20, 19) /*action='index',application='J2cRentals',controller='dashboard'*/[0m
  ↳ app/views/admin/dashboard/index.html.erb:27
  [1m[36mAdminAction Load (0.3ms)[0m  [1m[34mSELECT "admin_actions".* FROM "admin_actions" ORDER BY "admin_actions"."created_at" DESC LIMIT 8 /*action='index',application='J2cRentals',controller='dashboard'*/[0m
  ↳ app/views/admin/dashboard/index.html.erb:51
  [1m[36mUser Load (0.3ms)[0m  [1m[34mSELECT "users".* FROM "users" WHERE "users"."id" = 1 /*action='index',application='J2cRentals',controller='dashboard'*/[0m
  ↳ app/views/admin/dashboard/index.html.erb:51
  Rendered admin/dashboard/index.html.erb within layouts/admin (Duration: 31.5ms | GC: 0.0ms)
  Rendered layout layouts/admin.html.erb (Duration: 35.9ms | GC: 0.0ms)
Completed 200 OK in 196ms (Views: 68.4ms | ActiveRecord: 11.3ms (25 queries, 2 cached) | GC: 0.0ms)


Started GET "/vehicles" for 127.0.0.1 at 2026-05-25 15:11:26 +0530
Processing by VehiclesController#index as HTML
  Rendering layout layouts/application.html.erb
  Rendering vehicles/index.html.erb within layouts/application
  [1m[36mVehicle Count (0.4ms)[0m  [1m[34mSELECT COUNT(*) FROM "vehicles" WHERE "vehicles"."available" = TRUE /*action='index',application='J2cRentals',controller='vehicles'*/[0m
  ↳ app/views/vehicles/index.html.erb:19
  [1m[36mVehicle Load (2.0ms)[0m  [1m[34mSELECT "vehicles".* FROM "vehicles" WHERE "vehicles"."available" = TRUE ORDER BY "vehicles"."featured" DESC, "vehicles"."daily_rate" ASC /*action='index',application='J2cRentals',controller='vehicles'*/[0m
  ↳ app/views/vehicles/index.html.erb:22
  Rendered collection of vehicles/_vehicle.html.erb [8 times] (Duration: 5.1ms | GC: 0.0ms)
  Rendered vehicles/index.html.erb within layouts/application (Duration: 31.3ms | GC: 0.0ms)
  Rendered layout layouts/application.html.erb (Duration: 34.8ms | GC: 0.0ms)
Completed 200 OK in 81ms (Views: 49.5ms | ActiveRecord: 2.4ms (2 queries, 0 cached) | GC: 0.0ms)


Started GET "/session/new" for 127.0.0.1 at 2026-05-25 15:11:30 +0530
Processing by SessionsController#new as HTML
  Rendering layout layouts/application.html.erb
  Rendering sessions/new.html.erb within layouts/application
  Rendered sessions/new.html.erb within layouts/application (Duration: 4.0ms | GC: 0.0ms)
  Rendered layout layouts/application.html.erb (Duration: 8.4ms | GC: 0.0ms)
Completed 200 OK in 31ms (Views: 17.8ms | ActiveRecord: 0.0ms (0 queries, 0 cached) | GC: 0.0ms)


Started GET "/admin-portal/payments" for 127.0.0.1 at 2026-05-25 15:11:52 +0530
Processing by Admin::PaymentsController#index as HTML
  [1m[36mUser Load (0.4ms)[0m  [1m[34mSELECT "users".* FROM "users" WHERE "users"."id" = 1 LIMIT 1 /*action='index',application='J2cRentals',controller='payments'*/[0m
  ↳ app/controllers/application_controller.rb:10:in 'ApplicationController#current_user'
  [1m[36mPayment Sum (0.3ms)[0m  [1m[34mSELECT SUM("payments"."amount") FROM "payments" LEFT OUTER JOIN "reservations" ON "reservations"."id" = "payments"."reservation_id" LEFT OUTER JOIN "users" ON "users"."id" = "payments"."user_id" WHERE "payments"."status" = 'Paid' /*action='index',application='J2cRentals',controller='payments'*/[0m
  ↳ app/controllers/admin/payments_controller.rb:5:in 'Admin::PaymentsController#index'
  Rendering layout layouts/admin.html.erb
  Rendering admin/payments/index.html.erb within layouts/admin
  [1m[36mPayment Count (0.2ms)[0m  [1m[34mSELECT COUNT(*) FROM "payments" /*action='index',application='J2cRentals',controller='payments'*/[0m
  ↳ app/views/admin/payments/index.html.erb:8
  [1m[36mPayment Load (0.3ms)[0m  [1m[34mSELECT "payments".* FROM "payments" ORDER BY "payments"."created_at" DESC /*action='index',application='J2cRentals',controller='payments'*/[0m
  ↳ app/views/admin/payments/index.html.erb:13
  [1m[36mReservation Load (0.6ms)[0m  [1m[34mSELECT "reservations".* FROM "reservations" WHERE "reservations"."id" IN (4, 3) /*action='index',application='J2cRentals',controller='payments'*/[0m
  ↳ app/views/admin/payments/index.html.erb:13
  [1m[36mUser Load (0.3ms)[0m  [1m[34mSELECT "users".* FROM "users" WHERE "users"."id" IN (4, 3) /*action='index',application='J2cRentals',controller='payments'*/[0m
  ↳ app/views/admin/payments/index.html.erb:13
  Rendered admin/payments/index.html.erb within layouts/admin (Duration: 22.1ms | GC: 0.0ms)
  Rendered layout layouts/admin.html.erb (Duration: 25.9ms | GC: 0.0ms)
Completed 200 OK in 51ms (Views: 27.0ms | ActiveRecord: 2.1ms (6 queries, 0 cached) | GC: 0.0ms)


Started GET "/" for 127.0.0.1 at 2026-05-25 15:11:53 +0530
Processing by HomeController#index as HTML
  Rendering layout layouts/application.html.erb
  Rendering home/index.html.erb within layouts/application
  [1m[36mVehicle Load (0.4ms)[0m  [1m[34mSELECT "vehicles".* FROM "vehicles" WHERE "vehicles"."featured" = TRUE LIMIT 4 /*action='index',application='J2cRentals',controller='home'*/[0m
  ↳ app/views/home/index.html.erb:51
  [1m[36mUser Load (0.3ms)[0m  [1m[34mSELECT "users".* FROM "users" WHERE "users"."id" = 1 LIMIT 1 /*action='index',application='J2cRentals',controller='home'*/[0m
  ↳ app/controllers/application_controller.rb:10:in 'ApplicationController#current_user'
  Rendered collection of vehicles/_vehicle.html.erb [4 times] (Duration: 6.0ms | GC: 0.0ms)
  Rendered home/index.html.erb within layouts/application (Duration: 14.2ms | GC: 0.0ms)
  Rendered layout layouts/application.html.erb (Duration: 17.7ms | GC: 0.0ms)
Completed 200 OK in 28ms (Views: 19.1ms | ActiveRecord: 0.7ms (2 queries, 0 cached) | GC: 0.0ms)


Started GET "/admin-portal" for 127.0.0.1 at 2026-05-25 15:15:48 +0530
Processing by Admin::DashboardController#index as HTML
Redirected to http://127.0.0.1:3000/admin-portal/session/new
↳ app/controllers/admin/base_controller.rb:12:in 'Admin::BaseController#require_admin!'
Filter chain halted as :require_admin! rendered or redirected
Completed 302 Found in 21ms (ActiveRecord: 0.0ms (0 queries, 0 cached) | GC: 0.0ms)


Started GET "/admin-portal/session/new" for 127.0.0.1 at 2026-05-25 15:15:49 +0530
Processing by Admin::SessionsController#new as HTML
  Rendering layout layouts/admin_auth.html.erb
  Rendering admin/sessions/new.html.erb within layouts/admin_auth
  Rendered admin/sessions/new.html.erb within layouts/admin_auth (Duration: 3.1ms | GC: 0.0ms)
  Rendered layout layouts/admin_auth.html.erb (Duration: 5.5ms | GC: 0.0ms)
Completed 200 OK in 17ms (Views: 9.5ms | ActiveRecord: 0.0ms (0 queries, 0 cached) | GC: 0.0ms)


Started POST "/admin-portal/session" for 127.0.0.1 at 2026-05-25 15:16:52 +0530
Processing by Admin::SessionsController#create as HTML
  Parameters: {"authenticity_token" => "[FILTERED]", "email" => "[FILTERED]", "password" => "[FILTERED]", "commit" => "Enter admin portal"}
  [1m[36mUser Load (0.7ms)[0m  [1m[34mSELECT "users".* FROM "users" WHERE "users"."email" = 'admin@j2c.test' LIMIT 1 /*action='create',application='J2cRentals',controller='sessions'*/[0m
  ↳ app/controllers/admin/sessions_controller.rb:9:in 'Admin::SessionsController#create'
  [1m[36mTRANSACTION (0.3ms)[0m  [1m[35mBEGIN immediate TRANSACTION /*action='create',application='J2cRentals',controller='sessions'*/[0m
  ↳ app/controllers/admin/sessions_controller.rb:13:in 'Admin::SessionsController#create'
  [1m[36mUser Update (7.4ms)[0m  [1m[33mUPDATE "users" SET "last_login_at" = '2026-05-25 09:46:53.360935', "updated_at" = '2026-05-25 09:46:53.362895' WHERE "users"."id" = 1 /*action='create',application='J2cRentals',controller='sessions'*/[0m
  ↳ app/controllers/admin/sessions_controller.rb:13:in 'Admin::SessionsController#create'
  [1m[36mTRANSACTION (0.2ms)[0m  [1m[35mCOMMIT TRANSACTION /*action='create',application='J2cRentals',controller='sessions'*/[0m
  ↳ app/controllers/admin/sessions_controller.rb:13:in 'Admin::SessionsController#create'
  [1m[36mTRANSACTION (0.1ms)[0m  [1m[35mBEGIN immediate TRANSACTION /*action='create',application='J2cRentals',controller='sessions'*/[0m
  ↳ app/controllers/admin/sessions_controller.rb:14:in 'Admin::SessionsController#create'
  [1m[36mAdminAction Create (7.1ms)[0m  [1m[32mINSERT INTO "admin_actions" ("user_id", "action", "resource_type", "resource_id", "ip_address", "metadata", "created_at", "updated_at") VALUES (1, 'admin.login', NULL, NULL, '127.0.0.1', '"{\"path\":\"/admin-portal/session\"}"', '2026-05-25 09:46:53.380281', '2026-05-25 09:46:53.380281') RETURNING "id" /*action='create',application='J2cRentals',controller='sessions'*/[0m
  ↳ app/controllers/admin/sessions_controller.rb:14:in 'Admin::SessionsController#create'
  [1m[36mTRANSACTION (0.5ms)[0m  [1m[35mCOMMIT TRANSACTION /*action='create',application='J2cRentals',controller='sessions'*/[0m
  ↳ app/controllers/admin/sessions_controller.rb:14:in 'Admin::SessionsController#create'
Redirected to http://127.0.0.1:3000/admin-portal
↳ app/controllers/admin/sessions_controller.rb:15:in 'Admin::SessionsController#create'
Completed 302 Found in 574ms (ActiveRecord: 16.3ms (3 queries, 0 cached) | GC: 0.0ms)


Started GET "/admin-portal" for 127.0.0.1 at 2026-05-25 15:16:53 +0530
Processing by Admin::DashboardController#index as HTML
  [1m[36mUser Load (0.5ms)[0m  [1m[34mSELECT "users".* FROM "users" WHERE "users"."id" = 1 LIMIT 1 /*action='index',application='J2cRentals',controller='dashboard'*/[0m
  ↳ app/controllers/application_controller.rb:10:in 'ApplicationController#current_user'
  [1m[36mVehicle Count (3.5ms)[0m  [1m[34mSELECT COUNT(*) FROM "vehicles" /*action='index',application='J2cRentals',controller='dashboard'*/[0m
  ↳ app/controllers/admin/dashboard_controller.rb:4:in 'Admin::DashboardController#index'
  [1m[36mReservation Count (0.3ms)[0m  [1m[34mSELECT COUNT(*) FROM "reservations" WHERE "reservations"."status" = 'pending' /*action='index',application='J2cRentals',controller='dashboard'*/[0m
  ↳ app/controllers/admin/dashboard_controller.rb:5:in 'Admin::DashboardController#index'
  [1m[36mReservation Count (0.4ms)[0m  [1m[34mSELECT COUNT(*) FROM "reservations" WHERE "reservations"."status" = 'active' /*action='index',application='J2cRentals',controller='dashboard'*/[0m
  ↳ app/controllers/admin/dashboard_controller.rb:6:in 'Admin::DashboardController#index'
  [1m[36mReservation Count (0.4ms)[0m  [1m[34mSELECT COUNT(*) FROM "reservations" WHERE "reservations"."status" = 'active' AND (dropoff_date < '2026-05-25') /*action='index',application='J2cRentals',controller='dashboard'*/[0m
  ↳ app/controllers/admin/dashboard_controller.rb:7:in 'Admin::DashboardController#index'
  [1m[36mMaintenanceLog Count (0.4ms)[0m  [1m[34mSELECT COUNT(*) FROM "maintenance_logs" WHERE "maintenance_logs"."status" IN ('Scheduled', 'Overdue') AND (scheduled_on <= '2026-06-01') /*action='index',application='J2cRentals',controller='dashboard'*/[0m
  ↳ app/controllers/admin/dashboard_controller.rb:8:in 'Admin::DashboardController#index'
  [1m[36mReservation Sum (0.3ms)[0m  [1m[34mSELECT SUM("reservations"."deposit_amount") FROM "reservations" WHERE "reservations"."deposit_status" = 'Paid' /*action='index',application='J2cRentals',controller='dashboard'*/[0m
  ↳ app/controllers/admin/dashboard_controller.rb:9:in 'Admin::DashboardController#index'
  [1m[36mPayment Sum (0.2ms)[0m  [1m[34mSELECT SUM("payments"."amount") FROM "payments" WHERE "payments"."status" = 'Paid' AND "payments"."paid_at" BETWEEN '2026-05-01 00:00:00' AND '2026-05-31 23:59:59.999999' /*action='index',application='J2cRentals',controller='dashboard'*/[0m
  ↳ app/controllers/admin/dashboard_controller.rb:10:in 'Admin::DashboardController#index'
  [1m[36mCACHE Vehicle Count (0.0ms)[0m  [1m[34mSELECT COUNT(*) FROM "vehicles"[0m
  ↳ app/controllers/admin/dashboard_controller.rb:11:in 'Admin::DashboardController#index'
  [1m[36mVehicle Load (0.4ms)[0m  [1m[34mSELECT "vehicles".* FROM "vehicles" /*action='index',application='J2cRentals',controller='dashboard'*/[0m
  ↳ app/controllers/admin/dashboard_controller.rb:11:in 'Admin::DashboardController#index'
  [1m[36mReservation Load (0.4ms)[0m  [1m[34mSELECT "reservations".* FROM "reservations" WHERE "reservations"."vehicle_id" = 17 AND "reservations"."status" IN ('approved', 'active', 'completed') /*action='index',application='J2cRentals',controller='dashboard'*/[0m
  ↳ app/models/vehicle.rb:35:in 'Vehicle#utilization_percent'
  [1m[36mReservation Load (0.4ms)[0m  [1m[34mSELECT "reservations".* FROM "reservations" WHERE "reservations"."vehicle_id" = 18 AND "reservations"."status" IN ('approved', 'active', 'completed') /*action='index',application='J2cRentals',controller='dashboard'*/[0m
  ↳ app/models/vehicle.rb:35:in 'Vehicle#utilization_percent'
  [1m[36mReservation Load (0.4ms)[0m  [1m[34mSELECT "reservations".* FROM "reservations" WHERE "reservations"."vehicle_id" = 19 AND "reservations"."status" IN ('approved', 'active', 'completed') /*action='index',application='J2cRentals',controller='dashboard'*/[0m
  ↳ app/models/vehicle.rb:35:in 'Vehicle#utilization_percent'
  [1m[36mReservation Load (0.4ms)[0m  [1m[34mSELECT "reservations".* FROM "reservations" WHERE "reservations"."vehicle_id" = 20 AND "reservations"."status" IN ('approved', 'active', 'completed') /*action='index',application='J2cRentals',controller='dashboard'*/[0m
  ↳ app/models/vehicle.rb:35:in 'Vehicle#utilization_percent'
  [1m[36mReservation Load (0.2ms)[0m  [1m[34mSELECT "reservations".* FROM "reservations" WHERE "reservations"."vehicle_id" = 21 AND "reservations"."status" IN ('approved', 'active', 'completed') /*action='index',application='J2cRentals',controller='dashboard'*/[0m
  ↳ app/models/vehicle.rb:35:in 'Vehicle#utilization_percent'
  [1m[36mReservation Load (0.4ms)[0m  [1m[34mSELECT "reservations".* FROM "reservations" WHERE "reservations"."vehicle_id" = 22 AND "reservations"."status" IN ('approved', 'active', 'completed') /*action='index',application='J2cRentals',controller='dashboard'*/[0m
  ↳ app/models/vehicle.rb:35:in 'Vehicle#utilization_percent'
  [1m[36mReservation Load (0.4ms)[0m  [1m[34mSELECT "reservations".* FROM "reservations" WHERE "reservations"."vehicle_id" = 23 AND "reservations"."status" IN ('approved', 'active', 'completed') /*action='index',application='J2cRentals',controller='dashboard'*/[0m
  ↳ app/models/vehicle.rb:35:in 'Vehicle#utilization_percent'
  [1m[36mReservation Load (0.8ms)[0m  [1m[34mSELECT "reservations".* FROM "reservations" WHERE "reservations"."vehicle_id" = 24 AND "reservations"."status" IN ('approved', 'active', 'completed') /*action='index',application='J2cRentals',controller='dashboard'*/[0m
  ↳ app/models/vehicle.rb:35:in 'Vehicle#utilization_percent'
  [1m[36mCACHE Vehicle Count (0.0ms)[0m  [1m[34mSELECT COUNT(*) FROM "vehicles"[0m
  ↳ app/controllers/admin/dashboard_controller.rb:11:in 'Admin::DashboardController#index'
  [1m[36mLead Count (0.2ms)[0m  [1m[34mSELECT COUNT(*) FROM "leads" WHERE "leads"."status" NOT IN ('Managed', 'Lost') /*action='index',application='J2cRentals',controller='dashboard'*/[0m
  ↳ app/controllers/admin/dashboard_controller.rb:12:in 'Admin::DashboardController#index'
  [1m[36mLead Count (0.2ms)[0m  [1m[34mSELECT COUNT(*) AS "count_all", "leads"."status" AS "leads_status" FROM "leads" GROUP BY "leads"."status" /*action='index',application='J2cRentals',controller='dashboard'*/[0m
  ↳ app/controllers/admin/dashboard_controller.rb:14:in 'Admin::DashboardController#index'
  Rendering layout layouts/admin.html.erb
  Rendering admin/dashboard/index.html.erb within layouts/admin
  [1m[36mReservation Load (0.5ms)[0m  [1m[34mSELECT "reservations".* FROM "reservations" ORDER BY "reservations"."created_at" DESC LIMIT 6 /*action='index',application='J2cRentals',controller='dashboard'*/[0m
  ↳ app/views/admin/dashboard/index.html.erb:27
  [1m[36mVehicle Load (0.3ms)[0m  [1m[34mSELECT "vehicles".* FROM "vehicles" WHERE "vehicles"."id" IN (20, 19) /*action='index',application='J2cRentals',controller='dashboard'*/[0m
  ↳ app/views/admin/dashboard/index.html.erb:27
  [1m[36mAdminAction Load (0.3ms)[0m  [1m[34mSELECT "admin_actions".* FROM "admin_actions" ORDER BY "admin_actions"."created_at" DESC LIMIT 8 /*action='index',application='J2cRentals',controller='dashboard'*/[0m
  ↳ app/views/admin/dashboard/index.html.erb:51
  [1m[36mUser Load (0.2ms)[0m  [1m[34mSELECT "users".* FROM "users" WHERE "users"."id" = 1 /*action='index',application='J2cRentals',controller='dashboard'*/[0m
  ↳ app/views/admin/dashboard/index.html.erb:51
  Rendered admin/dashboard/index.html.erb within layouts/admin (Duration: 20.6ms | GC: 0.0ms)
  Rendered layout layouts/admin.html.erb (Duration: 23.8ms | GC: 0.0ms)
Completed 200 OK in 155ms (Views: 24.9ms | ActiveRecord: 11.2ms (25 queries, 2 cached) | GC: 0.0ms)


Started GET "/admin-portal" for 127.0.0.1 at 2026-05-25 15:16:55 +0530
Processing by Admin::DashboardController#index as HTML
  [1m[36mUser Load (0.4ms)[0m  [1m[34mSELECT "users".* FROM "users" WHERE "users"."id" = 1 LIMIT 1 /*action='index',application='J2cRentals',controller='dashboard'*/[0m
  ↳ app/controllers/application_controller.rb:10:in 'ApplicationController#current_user'
  [1m[36mVehicle Count (0.4ms)[0m  [1m[34mSELECT COUNT(*) FROM "vehicles" /*action='index',application='J2cRentals',controller='dashboard'*/[0m
  ↳ app/controllers/admin/dashboard_controller.rb:4:in 'Admin::DashboardController#index'
  [1m[36mReservation Count (0.3ms)[0m  [1m[34mSELECT COUNT(*) FROM "reservations" WHERE "reservations"."status" = 'pending' /*action='index',application='J2cRentals',controller='dashboard'*/[0m
  ↳ app/controllers/admin/dashboard_controller.rb:5:in 'Admin::DashboardController#index'
  [1m[36mReservation Count (0.2ms)[0m  [1m[34mSELECT COUNT(*) FROM "reservations" WHERE "reservations"."status" = 'active' /*action='index',application='J2cRentals',controller='dashboard'*/[0m
  ↳ app/controllers/admin/dashboard_controller.rb:6:in 'Admin::DashboardController#index'
  [1m[36mReservation Count (0.3ms)[0m  [1m[34mSELECT COUNT(*) FROM "reservations" WHERE "reservations"."status" = 'active' AND (dropoff_date < '2026-05-25') /*action='index',application='J2cRentals',controller='dashboard'*/[0m
  ↳ app/controllers/admin/dashboard_controller.rb:7:in 'Admin::DashboardController#index'
  [1m[36mMaintenanceLog Count (0.3ms)[0m  [1m[34mSELECT COUNT(*) FROM "maintenance_logs" WHERE "maintenance_logs"."status" IN ('Scheduled', 'Overdue') AND (scheduled_on <= '2026-06-01') /*action='index',application='J2cRentals',controller='dashboard'*/[0m
  ↳ app/controllers/admin/dashboard_controller.rb:8:in 'Admin::DashboardController#index'
  [1m[36mReservation Sum (0.4ms)[0m  [1m[34mSELECT SUM("reservations"."deposit_amount") FROM "reservations" WHERE "reservations"."deposit_status" = 'Paid' /*action='index',application='J2cRentals',controller='dashboard'*/[0m
  ↳ app/controllers/admin/dashboard_controller.rb:9:in 'Admin::DashboardController#index'
  [1m[36mPayment Sum (0.6ms)[0m  [1m[34mSELECT SUM("payments"."amount") FROM "payments" WHERE "payments"."status" = 'Paid' AND "payments"."paid_at" BETWEEN '2026-05-01 00:00:00' AND '2026-05-31 23:59:59.999999' /*action='index',application='J2cRentals',controller='dashboard'*/[0m
  ↳ app/controllers/admin/dashboard_controller.rb:10:in 'Admin::DashboardController#index'
  [1m[36mCACHE Vehicle Count (0.0ms)[0m  [1m[34mSELECT COUNT(*) FROM "vehicles"[0m
  ↳ app/controllers/admin/dashboard_controller.rb:11:in 'Admin::DashboardController#index'
  [1m[36mVehicle Load (0.5ms)[0m  [1m[34mSELECT "vehicles".* FROM "vehicles" /*action='index',application='J2cRentals',controller='dashboard'*/[0m
  ↳ app/controllers/admin/dashboard_controller.rb:11:in 'Admin::DashboardController#index'
  [1m[36mReservation Load (0.6ms)[0m  [1m[34mSELECT "reservations".* FROM "reservations" WHERE "reservations"."vehicle_id" = 17 AND "reservations"."status" IN ('approved', 'active', 'completed') /*action='index',application='J2cRentals',controller='dashboard'*/[0m
  ↳ app/models/vehicle.rb:35:in 'Vehicle#utilization_percent'
  [1m[36mReservation Load (0.5ms)[0m  [1m[34mSELECT "reservations".* FROM "reservations" WHERE "reservations"."vehicle_id" = 18 AND "reservations"."status" IN ('approved', 'active', 'completed') /*action='index',application='J2cRentals',controller='dashboard'*/[0m
  ↳ app/models/vehicle.rb:35:in 'Vehicle#utilization_percent'
  [1m[36mReservation Load (0.5ms)[0m  [1m[34mSELECT "reservations".* FROM "reservations" WHERE "reservations"."vehicle_id" = 19 AND "reservations"."status" IN ('approved', 'active', 'completed') /*action='index',application='J2cRentals',controller='dashboard'*/[0m
  ↳ app/models/vehicle.rb:35:in 'Vehicle#utilization_percent'
  [1m[36mReservation Load (0.5ms)[0m  [1m[34mSELECT "reservations".* FROM "reservations" WHERE "reservations"."vehicle_id" = 20 AND "reservations"."status" IN ('approved', 'active', 'completed') /*action='index',application='J2cRentals',controller='dashboard'*/[0m
  ↳ app/models/vehicle.rb:35:in 'Vehicle#utilization_percent'
  [1m[36mReservation Load (0.4ms)[0m  [1m[34mSELECT "reservations".* FROM "reservations" WHERE "reservations"."vehicle_id" = 21 AND "reservations"."status" IN ('approved', 'active', 'completed') /*action='index',application='J2cRentals',controller='dashboard'*/[0m
  ↳ app/models/vehicle.rb:35:in 'Vehicle#utilization_percent'
  [1m[36mReservation Load (0.5ms)[0m  [1m[34mSELECT "reservations".* FROM "reservations" WHERE "reservations"."vehicle_id" = 22 AND "reservations"."status" IN ('approved', 'active', 'completed') /*action='index',application='J2cRentals',controller='dashboard'*/[0m
  ↳ app/models/vehicle.rb:35:in 'Vehicle#utilization_percent'
  [1m[36mReservation Load (0.4ms)[0m  [1m[34mSELECT "reservations".* FROM "reservations" WHERE "reservations"."vehicle_id" = 23 AND "reservations"."status" IN ('approved', 'active', 'completed') /*action='index',application='J2cRentals',controller='dashboard'*/[0m
  ↳ app/models/vehicle.rb:35:in 'Vehicle#utilization_percent'
  [1m[36mReservation Load (0.6ms)[0m  [1m[34mSELECT "reservations".* FROM "reservations" WHERE "reservations"."vehicle_id" = 24 AND "reservations"."status" IN ('approved', 'active', 'completed') /*action='index',application='J2cRentals',controller='dashboard'*/[0m
  ↳ app/models/vehicle.rb:35:in 'Vehicle#utilization_percent'
  [1m[36mCACHE Vehicle Count (0.0ms)[0m  [1m[34mSELECT COUNT(*) FROM "vehicles"[0m
  ↳ app/controllers/admin/dashboard_controller.rb:11:in 'Admin::DashboardController#index'
  [1m[36mLead Count (0.3ms)[0m  [1m[34mSELECT COUNT(*) FROM "leads" WHERE "leads"."status" NOT IN ('Managed', 'Lost') /*action='index',application='J2cRentals',controller='dashboard'*/[0m
  ↳ app/controllers/admin/dashboard_controller.rb:12:in 'Admin::DashboardController#index'
  [1m[36mLead Count (0.2ms)[0m  [1m[34mSELECT COUNT(*) AS "count_all", "leads"."status" AS "leads_status" FROM "leads" GROUP BY "leads"."status" /*action='index',application='J2cRentals',controller='dashboard'*/[0m
  ↳ app/controllers/admin/dashboard_controller.rb:14:in 'Admin::DashboardController#index'
  Rendering layout layouts/admin.html.erb
  Rendering admin/dashboard/index.html.erb within layouts/admin
  [1m[36mReservation Load (0.5ms)[0m  [1m[34mSELECT "reservations".* FROM "reservations" ORDER BY "reservations"."created_at" DESC LIMIT 6 /*action='index',application='J2cRentals',controller='dashboard'*/[0m
  ↳ app/views/admin/dashboard/index.html.erb:27
  [1m[36mVehicle Load (0.4ms)[0m  [1m[34mSELECT "vehicles".* FROM "vehicles" WHERE "vehicles"."id" IN (20, 19) /*action='index',application='J2cRentals',controller='dashboard'*/[0m
  ↳ app/views/admin/dashboard/index.html.erb:27
  [1m[36mAdminAction Load (29.4ms)[0m  [1m[34mSELECT "admin_actions".* FROM "admin_actions" ORDER BY "admin_actions"."created_at" DESC LIMIT 8 /*action='index',application='J2cRentals',controller='dashboard'*/[0m
  ↳ app/views/admin/dashboard/index.html.erb:51
  [1m[36mUser Load (0.3ms)[0m  [1m[34mSELECT "users".* FROM "users" WHERE "users"."id" = 1 /*action='index',application='J2cRentals',controller='dashboard'*/[0m
  ↳ app/views/admin/dashboard/index.html.erb:51
  Rendered admin/dashboard/index.html.erb within layouts/admin (Duration: 53.1ms | GC: 0.2ms)
  Rendered layout layouts/admin.html.erb (Duration: 56.2ms | GC: 0.2ms)
Completed 200 OK in 208ms (Views: 27.9ms | ActiveRecord: 38.4ms (25 queries, 2 cached) | GC: 0.2ms)


Started GET "/admin-portal" for 127.0.0.1 at 2026-05-25 15:18:41 +0530
Processing by Admin::DashboardController#index as HTML
  [1m[36mUser Load (0.5ms)[0m  [1m[34mSELECT "users".* FROM "users" WHERE "users"."id" = 1 LIMIT 1 /*action='index',application='J2cRentals',controller='dashboard'*/[0m
  ↳ app/controllers/application_controller.rb:10:in 'ApplicationController#current_user'
  [1m[36mVehicle Count (0.4ms)[0m  [1m[34mSELECT COUNT(*) FROM "vehicles" /*action='index',application='J2cRentals',controller='dashboard'*/[0m
  ↳ app/controllers/admin/dashboard_controller.rb:4:in 'Admin::DashboardController#index'
  [1m[36mReservation Count (0.5ms)[0m  [1m[34mSELECT COUNT(*) FROM "reservations" WHERE "reservations"."status" = 'pending' /*action='index',application='J2cRentals',controller='dashboard'*/[0m
  ↳ app/controllers/admin/dashboard_controller.rb:5:in 'Admin::DashboardController#index'
  [1m[36mReservation Count (0.3ms)[0m  [1m[34mSELECT COUNT(*) FROM "reservations" WHERE "reservations"."status" = 'active' /*action='index',application='J2cRentals',controller='dashboard'*/[0m
  ↳ app/controllers/admin/dashboard_controller.rb:6:in 'Admin::DashboardController#index'
  [1m[36mReservation Count (0.3ms)[0m  [1m[34mSELECT COUNT(*) FROM "reservations" WHERE "reservations"."status" = 'active' AND (dropoff_date < '2026-05-25') /*action='index',application='J2cRentals',controller='dashboard'*/[0m
  ↳ app/controllers/admin/dashboard_controller.rb:7:in 'Admin::DashboardController#index'
  [1m[36mMaintenanceLog Count (0.3ms)[0m  [1m[34mSELECT COUNT(*) FROM "maintenance_logs" WHERE "maintenance_logs"."status" IN ('Scheduled', 'Overdue') AND (scheduled_on <= '2026-06-01') /*action='index',application='J2cRentals',controller='dashboard'*/[0m
  ↳ app/controllers/admin/dashboard_controller.rb:8:in 'Admin::DashboardController#index'
  [1m[36mReservation Sum (0.3ms)[0m  [1m[34mSELECT SUM("reservations"."deposit_amount") FROM "reservations" WHERE "reservations"."deposit_status" = 'Paid' /*action='index',application='J2cRentals',controller='dashboard'*/[0m
  ↳ app/controllers/admin/dashboard_controller.rb:9:in 'Admin::DashboardController#index'
  [1m[36mPayment Sum (0.3ms)[0m  [1m[34mSELECT SUM("payments"."amount") FROM "payments" WHERE "payments"."status" = 'Paid' AND "payments"."paid_at" BETWEEN '2026-05-01 00:00:00' AND '2026-05-31 23:59:59.999999' /*action='index',application='J2cRentals',controller='dashboard'*/[0m
  ↳ app/controllers/admin/dashboard_controller.rb:10:in 'Admin::DashboardController#index'
  [1m[36mCACHE Vehicle Count (0.0ms)[0m  [1m[34mSELECT COUNT(*) FROM "vehicles"[0m
  ↳ app/controllers/admin/dashboard_controller.rb:11:in 'Admin::DashboardController#index'
  [1m[36mVehicle Load (1.0ms)[0m  [1m[34mSELECT "vehicles".* FROM "vehicles" /*action='index',application='J2cRentals',controller='dashboard'*/[0m
  ↳ app/controllers/admin/dashboard_controller.rb:11:in 'Admin::DashboardController#index'
  [1m[36mReservation Load (0.6ms)[0m  [1m[34mSELECT "reservations".* FROM "reservations" WHERE "reservations"."vehicle_id" = 17 AND "reservations"."status" IN ('approved', 'active', 'completed') /*action='index',application='J2cRentals',controller='dashboard'*/[0m
  ↳ app/models/vehicle.rb:35:in 'Vehicle#utilization_percent'
  [1m[36mReservation Load (0.4ms)[0m  [1m[34mSELECT "reservations".* FROM "reservations" WHERE "reservations"."vehicle_id" = 18 AND "reservations"."status" IN ('approved', 'active', 'completed') /*action='index',application='J2cRentals',controller='dashboard'*/[0m
  ↳ app/models/vehicle.rb:35:in 'Vehicle#utilization_percent'
  [1m[36mReservation Load (0.4ms)[0m  [1m[34mSELECT "reservations".* FROM "reservations" WHERE "reservations"."vehicle_id" = 19 AND "reservations"."status" IN ('approved', 'active', 'completed') /*action='index',application='J2cRentals',controller='dashboard'*/[0m
  ↳ app/models/vehicle.rb:35:in 'Vehicle#utilization_percent'
  [1m[36mReservation Load (0.6ms)[0m  [1m[34mSELECT "reservations".* FROM "reservations" WHERE "reservations"."vehicle_id" = 20 AND "reservations"."status" IN ('approved', 'active', 'completed') /*action='index',application='J2cRentals',controller='dashboard'*/[0m
  ↳ app/models/vehicle.rb:35:in 'Vehicle#utilization_percent'
  [1m[36mReservation Load (0.4ms)[0m  [1m[34mSELECT "reservations".* FROM "reservations" WHERE "reservations"."vehicle_id" = 21 AND "reservations"."status" IN ('approved', 'active', 'completed') /*action='index',application='J2cRentals',controller='dashboard'*/[0m
  ↳ app/models/vehicle.rb:35:in 'Vehicle#utilization_percent'
  [1m[36mReservation Load (0.2ms)[0m  [1m[34mSELECT "reservations".* FROM "reservations" WHERE "reservations"."vehicle_id" = 22 AND "reservations"."status" IN ('approved', 'active', 'completed') /*action='index',application='J2cRentals',controller='dashboard'*/[0m
  ↳ app/models/vehicle.rb:35:in 'Vehicle#utilization_percent'
  [1m[36mReservation Load (0.4ms)[0m  [1m[34mSELECT "reservations".* FROM "reservations" WHERE "reservations"."vehicle_id" = 23 AND "reservations"."status" IN ('approved', 'active', 'completed') /*action='index',application='J2cRentals',controller='dashboard'*/[0m
  ↳ app/models/vehicle.rb:35:in 'Vehicle#utilization_percent'
  [1m[36mReservation Load (0.4ms)[0m  [1m[34mSELECT "reservations".* FROM "reservations" WHERE "reservations"."vehicle_id" = 24 AND "reservations"."status" IN ('approved', 'active', 'completed') /*action='index',application='J2cRentals',controller='dashboard'*/[0m
  ↳ app/models/vehicle.rb:35:in 'Vehicle#utilization_percent'
  [1m[36mCACHE Vehicle Count (0.0ms)[0m  [1m[34mSELECT COUNT(*) FROM "vehicles"[0m
  ↳ app/controllers/admin/dashboard_controller.rb:11:in 'Admin::DashboardController#index'
  [1m[36mLead Count (0.2ms)[0m  [1m[34mSELECT COUNT(*) FROM "leads" WHERE "leads"."status" NOT IN ('Managed', 'Lost') /*action='index',application='J2cRentals',controller='dashboard'*/[0m
  ↳ app/controllers/admin/dashboard_controller.rb:12:in 'Admin::DashboardController#index'
  [1m[36mLead Count (0.2ms)[0m  [1m[34mSELECT COUNT(*) AS "count_all", "leads"."status" AS "leads_status" FROM "leads" GROUP BY "leads"."status" /*action='index',application='J2cRentals',controller='dashboard'*/[0m
  ↳ app/controllers/admin/dashboard_controller.rb:14:in 'Admin::DashboardController#index'
  Rendering layout layouts/admin.html.erb
  Rendering admin/dashboard/index.html.erb within layouts/admin
  [1m[36mReservation Load (0.4ms)[0m  [1m[34mSELECT "reservations".* FROM "reservations" ORDER BY "reservations"."created_at" DESC LIMIT 6 /*action='index',application='J2cRentals',controller='dashboard'*/[0m
  ↳ app/views/admin/dashboard/index.html.erb:27
  [1m[36mVehicle Load (0.4ms)[0m  [1m[34mSELECT "vehicles".* FROM "vehicles" WHERE "vehicles"."id" IN (20, 19) /*action='index',application='J2cRentals',controller='dashboard'*/[0m
  ↳ app/views/admin/dashboard/index.html.erb:27
  [1m[36mAdminAction Load (0.3ms)[0m  [1m[34mSELECT "admin_actions".* FROM "admin_actions" ORDER BY "admin_actions"."created_at" DESC LIMIT 8 /*action='index',application='J2cRentals',controller='dashboard'*/[0m
  ↳ app/views/admin/dashboard/index.html.erb:51
  [1m[36mUser Load (0.2ms)[0m  [1m[34mSELECT "users".* FROM "users" WHERE "users"."id" = 1 /*action='index',application='J2cRentals',controller='dashboard'*/[0m
  ↳ app/views/admin/dashboard/index.html.erb:51
  Rendered admin/dashboard/index.html.erb within layouts/admin (Duration: 25.0ms | GC: 0.0ms)
  Rendered layout layouts/admin.html.erb (Duration: 29.3ms | GC: 0.0ms)
Completed 200 OK in 194ms (Views: 30.5ms | ActiveRecord: 9.0ms (25 queries, 2 cached) | GC: 0.2ms)


Started GET "/admin-portal" for 127.0.0.1 at 2026-05-25 15:18:41 +0530
Processing by Admin::DashboardController#index as HTML
  [1m[36mUser Load (0.4ms)[0m  [1m[34mSELECT "users".* FROM "users" WHERE "users"."id" = 1 LIMIT 1 /*action='index',application='J2cRentals',controller='dashboard'*/[0m
  ↳ app/controllers/application_controller.rb:10:in 'ApplicationController#current_user'
  [1m[36mVehicle Count (0.3ms)[0m  [1m[34mSELECT COUNT(*) FROM "vehicles" /*action='index',application='J2cRentals',controller='dashboard'*/[0m
  ↳ app/controllers/admin/dashboard_controller.rb:4:in 'Admin::DashboardController#index'
  [1m[36mReservation Count (0.3ms)[0m  [1m[34mSELECT COUNT(*) FROM "reservations" WHERE "reservations"."status" = 'pending' /*action='index',application='J2cRentals',controller='dashboard'*/[0m
  ↳ app/controllers/admin/dashboard_controller.rb:5:in 'Admin::DashboardController#index'
  [1m[36mReservation Count (0.5ms)[0m  [1m[34mSELECT COUNT(*) FROM "reservations" WHERE "reservations"."status" = 'active' /*action='index',application='J2cRentals',controller='dashboard'*/[0m
  ↳ app/controllers/admin/dashboard_controller.rb:6:in 'Admin::DashboardController#index'
  [1m[36mReservation Count (0.2ms)[0m  [1m[34mSELECT COUNT(*) FROM "reservations" WHERE "reservations"."status" = 'active' AND (dropoff_date < '2026-05-25') /*action='index',application='J2cRentals',controller='dashboard'*/[0m
  ↳ app/controllers/admin/dashboard_controller.rb:7:in 'Admin::DashboardController#index'
  [1m[36mMaintenanceLog Count (0.2ms)[0m  [1m[34mSELECT COUNT(*) FROM "maintenance_logs" WHERE "maintenance_logs"."status" IN ('Scheduled', 'Overdue') AND (scheduled_on <= '2026-06-01') /*action='index',application='J2cRentals',controller='dashboard'*/[0m
  ↳ app/controllers/admin/dashboard_controller.rb:8:in 'Admin::DashboardController#index'
  [1m[36mReservation Sum (0.1ms)[0m  [1m[34mSELECT SUM("reservations"."deposit_amount") FROM "reservations" WHERE "reservations"."deposit_status" = 'Paid' /*action='index',application='J2cRentals',controller='dashboard'*/[0m
  ↳ app/controllers/admin/dashboard_controller.rb:9:in 'Admin::DashboardController#index'
  [1m[36mPayment Sum (0.2ms)[0m  [1m[34mSELECT SUM("payments"."amount") FROM "payments" WHERE "payments"."status" = 'Paid' AND "payments"."paid_at" BETWEEN '2026-05-01 00:00:00' AND '2026-05-31 23:59:59.999999' /*action='index',application='J2cRentals',controller='dashboard'*/[0m
  ↳ app/controllers/admin/dashboard_controller.rb:10:in 'Admin::DashboardController#index'
  [1m[36mCACHE Vehicle Count (0.0ms)[0m  [1m[34mSELECT COUNT(*) FROM "vehicles"[0m
  ↳ app/controllers/admin/dashboard_controller.rb:11:in 'Admin::DashboardController#index'
  [1m[36mVehicle Load (0.3ms)[0m  [1m[34mSELECT "vehicles".* FROM "vehicles" /*action='index',application='J2cRentals',controller='dashboard'*/[0m
  ↳ app/controllers/admin/dashboard_controller.rb:11:in 'Admin::DashboardController#index'
  [1m[36mReservation Load (0.4ms)[0m  [1m[34mSELECT "reservations".* FROM "reservations" WHERE "reservations"."vehicle_id" = 17 AND "reservations"."status" IN ('approved', 'active', 'completed') /*action='index',application='J2cRentals',controller='dashboard'*/[0m
  ↳ app/models/vehicle.rb:35:in 'Vehicle#utilization_percent'
  [1m[36mReservation Load (0.4ms)[0m  [1m[34mSELECT "reservations".* FROM "reservations" WHERE "reservations"."vehicle_id" = 18 AND "reservations"."status" IN ('approved', 'active', 'completed') /*action='index',application='J2cRentals',controller='dashboard'*/[0m
  ↳ app/models/vehicle.rb:35:in 'Vehicle#utilization_percent'
  [1m[36mReservation Load (1.5ms)[0m  [1m[34mSELECT "reservations".* FROM "reservations" WHERE "reservations"."vehicle_id" = 19 AND "reservations"."status" IN ('approved', 'active', 'completed') /*action='index',application='J2cRentals',controller='dashboard'*/[0m
  ↳ app/models/vehicle.rb:35:in 'Vehicle#utilization_percent'
  [1m[36mReservation Load (0.4ms)[0m  [1m[34mSELECT "reservations".* FROM "reservations" WHERE "reservations"."vehicle_id" = 20 AND "reservations"."status" IN ('approved', 'active', 'completed') /*action='index',application='J2cRentals',controller='dashboard'*/[0m
  ↳ app/models/vehicle.rb:35:in 'Vehicle#utilization_percent'
  [1m[36mReservation Load (0.3ms)[0m  [1m[34mSELECT "reservations".* FROM "reservations" WHERE "reservations"."vehicle_id" = 21 AND "reservations"."status" IN ('approved', 'active', 'completed') /*action='index',application='J2cRentals',controller='dashboard'*/[0m
  ↳ app/models/vehicle.rb:35:in 'Vehicle#utilization_percent'
  [1m[36mReservation Load (0.4ms)[0m  [1m[34mSELECT "reservations".* FROM "reservations" WHERE "reservations"."vehicle_id" = 22 AND "reservations"."status" IN ('approved', 'active', 'completed') /*action='index',application='J2cRentals',controller='dashboard'*/[0m
  ↳ app/models/vehicle.rb:35:in 'Vehicle#utilization_percent'
  [1m[36mReservation Load (0.3ms)[0m  [1m[34mSELECT "reservations".* FROM "reservations" WHERE "reservations"."vehicle_id" = 23 AND "reservations"."status" IN ('approved', 'active', 'completed') /*action='index',application='J2cRentals',controller='dashboard'*/[0m
  ↳ app/models/vehicle.rb:35:in 'Vehicle#utilization_percent'
  [1m[36mReservation Load (0.3ms)[0m  [1m[34mSELECT "reservations".* FROM "reservations" WHERE "reservations"."vehicle_id" = 24 AND "reservations"."status" IN ('approved', 'active', 'completed') /*action='index',application='J2cRentals',controller='dashboard'*/[0m
  ↳ app/models/vehicle.rb:35:in 'Vehicle#utilization_percent'
  [1m[36mCACHE Vehicle Count (0.0ms)[0m  [1m[34mSELECT COUNT(*) FROM "vehicles"[0m
  ↳ app/controllers/admin/dashboard_controller.rb:11:in 'Admin::DashboardController#index'
  [1m[36mLead Count (0.2ms)[0m  [1m[34mSELECT COUNT(*) FROM "leads" WHERE "leads"."status" NOT IN ('Managed', 'Lost') /*action='index',application='J2cRentals',controller='dashboard'*/[0m
  ↳ app/controllers/admin/dashboard_controller.rb:12:in 'Admin::DashboardController#index'
  [1m[36mLead Count (0.2ms)[0m  [1m[34mSELECT COUNT(*) AS "count_all", "leads"."status" AS "leads_status" FROM "leads" GROUP BY "leads"."status" /*action='index',application='J2cRentals',controller='dashboard'*/[0m
  ↳ app/controllers/admin/dashboard_controller.rb:14:in 'Admin::DashboardController#index'
  Rendering layout layouts/admin.html.erb
  Rendering admin/dashboard/index.html.erb within layouts/admin
  [1m[36mReservation Load (0.4ms)[0m  [1m[34mSELECT "reservations".* FROM "reservations" ORDER BY "reservations"."created_at" DESC LIMIT 6 /*action='index',application='J2cRentals',controller='dashboard'*/[0m
  ↳ app/views/admin/dashboard/index.html.erb:27
  [1m[36mVehicle Load (0.4ms)[0m  [1m[34mSELECT "vehicles".* FROM "vehicles" WHERE "vehicles"."id" IN (20, 19) /*action='index',application='J2cRentals',controller='dashboard'*/[0m
  ↳ app/views/admin/dashboard/index.html.erb:27
  [1m[36mAdminAction Load (0.3ms)[0m  [1m[34mSELECT "admin_actions".* FROM "admin_actions" ORDER BY "admin_actions"."created_at" DESC LIMIT 8 /*action='index',application='J2cRentals',controller='dashboard'*/[0m
  ↳ app/views/admin/dashboard/index.html.erb:51
  [1m[36mUser Load (0.2ms)[0m  [1m[34mSELECT "users".* FROM "users" WHERE "users"."id" = 1 /*action='index',application='J2cRentals',controller='dashboard'*/[0m
  ↳ app/views/admin/dashboard/index.html.erb:51
  Rendered admin/dashboard/index.html.erb within layouts/admin (Duration: 18.3ms | GC: 0.0ms)
  Rendered layout layouts/admin.html.erb (Duration: 21.2ms | GC: 0.0ms)
Completed 200 OK in 109ms (Views: 21.8ms | ActiveRecord: 7.8ms (25 queries, 2 cached) | GC: 0.0ms)


Started GET "/admin-portal/vehicles" for 127.0.0.1 at 2026-05-25 15:18:45 +0530
Processing by Admin::VehiclesController#index as HTML
  [1m[36mUser Load (0.5ms)[0m  [1m[34mSELECT "users".* FROM "users" WHERE "users"."id" = 1 LIMIT 1 /*action='index',application='J2cRentals',controller='vehicles'*/[0m
  ↳ app/controllers/application_controller.rb:10:in 'ApplicationController#current_user'
  Rendering layout layouts/admin.html.erb
  Rendering admin/vehicles/index.html.erb within layouts/admin
  [1m[36mVehicle Load (0.5ms)[0m  [1m[34mSELECT "vehicles".* FROM "vehicles" ORDER BY "vehicles"."created_at" DESC /*action='index',application='J2cRentals',controller='vehicles'*/[0m
  ↳ app/views/admin/vehicles/index.html.erb:13
  Rendered admin/vehicles/index.html.erb within layouts/admin (Duration: 9.3ms | GC: 0.0ms)
  Rendered layout layouts/admin.html.erb (Duration: 12.0ms | GC: 0.0ms)
Completed 200 OK in 35ms (Views: 13.4ms | ActiveRecord: 1.0ms (2 queries, 0 cached) | GC: 0.0ms)


Started GET "/admin-portal/vehicles/new" for 127.0.0.1 at 2026-05-25 15:18:48 +0530
Processing by Admin::VehiclesController#new as HTML
  [1m[36mUser Load (1.8ms)[0m  [1m[34mSELECT "users".* FROM "users" WHERE "users"."id" = 1 LIMIT 1 /*action='new',application='J2cRentals',controller='vehicles'*/[0m
  ↳ app/controllers/application_controller.rb:10:in 'ApplicationController#current_user'
  Rendering layout layouts/admin.html.erb
  Rendering admin/vehicles/new.html.erb within layouts/admin
  Rendered admin/vehicles/_form.html.erb (Duration: 160.2ms | GC: 0.0ms)
  Rendered admin/vehicles/new.html.erb within layouts/admin (Duration: 170.2ms | GC: 0.0ms)
  Rendered layout layouts/admin.html.erb (Duration: 175.8ms | GC: 0.0ms)
Completed 200 OK in 206ms (Views: 178.8ms | ActiveRecord: 1.7ms (1 query, 0 cached) | GC: 0.0ms)


Started GET "/admin-portal/reservations" for 127.0.0.1 at 2026-05-25 15:18:52 +0530
Processing by Admin::ReservationsController#index as HTML
  [1m[36mUser Load (0.5ms)[0m  [1m[34mSELECT "users".* FROM "users" WHERE "users"."id" = 1 LIMIT 1 /*action='index',application='J2cRentals',controller='reservations'*/[0m
  ↳ app/controllers/application_controller.rb:10:in 'ApplicationController#current_user'
  Rendering layout layouts/admin.html.erb
  Rendering admin/reservations/index.html.erb within layouts/admin
  [1m[36mReservation Load (1.1ms)[0m  [1m[34mSELECT "reservations".* FROM "reservations" ORDER BY "reservations"."created_at" DESC /*action='index',application='J2cRentals',controller='reservations'*/[0m
  ↳ app/views/admin/reservations/index.html.erb:18
  [1m[36mVehicle Load (0.4ms)[0m  [1m[34mSELECT "vehicles".* FROM "vehicles" WHERE "vehicles"."id" IN (20, 19) /*action='index',application='J2cRentals',controller='reservations'*/[0m
  ↳ app/views/admin/reservations/index.html.erb:18
  Rendered admin/reservations/index.html.erb within layouts/admin (Duration: 75.8ms | GC: 0.0ms)
  Rendered layout layouts/admin.html.erb (Duration: 81.6ms | GC: 0.0ms)
Completed 200 OK in 132ms (Views: 89.7ms | ActiveRecord: 1.9ms (3 queries, 0 cached) | GC: 0.0ms)


Started GET "/admin-portal/reservations?status=pending" for 127.0.0.1 at 2026-05-25 15:18:55 +0530
Processing by Admin::ReservationsController#index as HTML
  Parameters: {"status" => "pending"}
  [1m[36mUser Load (0.5ms)[0m  [1m[34mSELECT "users".* FROM "users" WHERE "users"."id" = 1 LIMIT 1 /*action='index',application='J2cRentals',controller='reservations'*/[0m
  ↳ app/controllers/application_controller.rb:10:in 'ApplicationController#current_user'
  Rendering layout layouts/admin.html.erb
  Rendering admin/reservations/index.html.erb within layouts/admin
  [1m[36mReservation Load (0.6ms)[0m  [1m[34mSELECT "reservations".* FROM "reservations" WHERE "reservations"."status" = 'pending' ORDER BY "reservations"."created_at" DESC /*action='index',application='J2cRentals',controller='reservations'*/[0m
  ↳ app/views/admin/reservations/index.html.erb:18
  [1m[36mVehicle Load (0.5ms)[0m  [1m[34mSELECT "vehicles".* FROM "vehicles" WHERE "vehicles"."id" = 19 /*action='index',application='J2cRentals',controller='reservations'*/[0m
  ↳ app/views/admin/reservations/index.html.erb:18
  Rendered admin/reservations/index.html.erb within layouts/admin (Duration: 24.6ms | GC: 0.0ms)
  Rendered layout layouts/admin.html.erb (Duration: 28.1ms | GC: 0.0ms)
Completed 200 OK in 55ms (Views: 29.5ms | ActiveRecord: 1.5ms (3 queries, 0 cached) | GC: 0.0ms)


Started GET "/admin-portal/customers" for 127.0.0.1 at 2026-05-25 15:18:57 +0530
Processing by Admin::CustomersController#index as HTML
  [1m[36mUser Load (7.1ms)[0m  [1m[34mSELECT "users".* FROM "users" WHERE "users"."id" = 1 LIMIT 1 /*action='index',application='J2cRentals',controller='customers'*/[0m
  ↳ app/controllers/application_controller.rb:10:in 'ApplicationController#current_user'
  Rendering layout layouts/admin.html.erb
  Rendering admin/customers/index.html.erb within layouts/admin
  [1m[36mUser Load (0.5ms)[0m  [1m[34mSELECT "users".* FROM "users" WHERE "users"."role" = 'customer' ORDER BY "users"."created_at" DESC /*action='index',application='J2cRentals',controller='customers'*/[0m
  ↳ app/views/admin/customers/index.html.erb:9
  [1m[36mReservation Count (0.4ms)[0m  [1m[34mSELECT COUNT(*) FROM "reservations" WHERE "reservations"."user_id" = 4 /*action='index',application='J2cRentals',controller='customers'*/[0m
  ↳ app/views/admin/customers/index.html.erb:14
  [1m[36mReservation Count (0.9ms)[0m  [1m[34mSELECT COUNT(*) FROM "reservations" WHERE "reservations"."user_id" = 3 /*action='index',application='J2cRentals',controller='customers'*/[0m
  ↳ app/views/admin/customers/index.html.erb:14
  Rendered admin/customers/index.html.erb within layouts/admin (Duration: 37.8ms | GC: 0.0ms)
  Rendered layout layouts/admin.html.erb (Duration: 45.0ms | GC: 0.0ms)
Completed 200 OK in 107ms (Views: 57.2ms | ActiveRecord: 8.9ms (4 queries, 0 cached) | GC: 0.0ms)


  [1m[36mActiveRecord::InternalMetadata Load (0.4ms)[0m  [1m[34mSELECT * FROM "ar_internal_metadata" WHERE "ar_internal_metadata"."key" = 'environment' ORDER BY "ar_internal_metadata"."key" ASC LIMIT 1 /*application='J2cRentals'*/[0m
  [1m[36mActiveRecord::SchemaMigration Load (0.1ms)[0m  [1m[34mSELECT "schema_migrations"."version" FROM "schema_migrations" ORDER BY "schema_migrations"."version" ASC /*application='J2cRentals'*/[0m
Migrating to CreateAdminInvitations (20260525095407)
  [1m[36mTRANSACTION (0.1ms)[0m  [1m[35mBEGIN immediate TRANSACTION /*application='J2cRentals'*/[0m
  [1m[35m (3.1ms)[0m  [1m[35mCREATE TABLE "admin_invitations" ("id" integer PRIMARY KEY AUTOINCREMENT NOT NULL, "email" varchar, "role" varchar, "token" varchar, "invited_by_id" integer NOT NULL, "accepted_at" datetime(6), "expires_at" datetime(6), "created_at" datetime(6) NOT NULL, "updated_at" datetime(6) NOT NULL, CONSTRAINT "fk_rails_49ad58b754"
FOREIGN KEY ("invited_by_id")
  REFERENCES "users" ("id")
) /*application='J2cRentals'*/[0m
  [1m[35m (0.3ms)[0m  [1m[35mCREATE INDEX "index_admin_invitations_on_invited_by_id" ON "admin_invitations" ("invited_by_id") /*application='J2cRentals'*/[0m
  [1m[35m (0.2ms)[0m  [1m[35mCREATE INDEX "index_admin_invitations_on_email" ON "admin_invitations" ("email") /*application='J2cRentals'*/[0m
  [1m[35m (0.1ms)[0m  [1m[35mCREATE UNIQUE INDEX "index_admin_invitations_on_token" ON "admin_invitations" ("token") /*application='J2cRentals'*/[0m
  [1m[35m (0.1ms)[0m  [1m[35mCREATE INDEX "index_admin_invitations_on_role" ON "admin_invitations" ("role") /*application='J2cRentals'*/[0m
  [1m[36mActiveRecord::SchemaMigration Create (0.1ms)[0m  [1m[32mINSERT INTO "schema_migrations" ("version") VALUES ('20260525095407') RETURNING "version" /*application='J2cRentals'*/[0m
  [1m[36mTRANSACTION (150.2ms)[0m  [1m[35mCOMMIT TRANSACTION /*application='J2cRentals'*/[0m
Migrating to CreatePermissions (20260525095408)
  [1m[36mTRANSACTION (0.1ms)[0m  [1m[35mBEGIN immediate TRANSACTION /*application='J2cRentals'*/[0m
  [1m[35m (2.3ms)[0m  [1m[35mCREATE TABLE "permissions" ("id" integer PRIMARY KEY AUTOINCREMENT NOT NULL, "key" varchar, "description" text, "category" varchar, "created_at" datetime(6) NOT NULL, "updated_at" datetime(6) NOT NULL) /*application='J2cRentals'*/[0m
  [1m[35m (0.2ms)[0m  [1m[35mCREATE UNIQUE INDEX "index_permissions_on_key" ON "permissions" ("key") /*application='J2cRentals'*/[0m
  [1m[35m (0.1ms)[0m  [1m[35mCREATE INDEX "index_permissions_on_category" ON "permissions" ("category") /*application='J2cRentals'*/[0m
  [1m[36mActiveRecord::SchemaMigration Create (0.1ms)[0m  [1m[32mINSERT INTO "schema_migrations" ("version") VALUES ('20260525095408') RETURNING "version" /*application='J2cRentals'*/[0m
  [1m[36mTRANSACTION (0.2ms)[0m  [1m[35mCOMMIT TRANSACTION /*application='J2cRentals'*/[0m
Migrating to CreateUserPermissions (20260525095409)
  [1m[36mTRANSACTION (0.0ms)[0m  [1m[35mBEGIN immediate TRANSACTION /*application='J2cRentals'*/[0m
  [1m[35m (1.3ms)[0m  [1m[35mCREATE TABLE "user_permissions" ("id" integer PRIMARY KEY AUTOINCREMENT NOT NULL, "user_id" integer NOT NULL, "permission_id" integer NOT NULL, "created_at" datetime(6) NOT NULL, "updated_at" datetime(6) NOT NULL, CONSTRAINT "fk_rails_b29e483ce4"
FOREIGN KEY ("user_id")
  REFERENCES "users" ("id")
, CONSTRAINT "fk_rails_e2cb0687d2"
FOREIGN KEY ("permission_id")
  REFERENCES "permissions" ("id")
) /*application='J2cRentals'*/[0m
  [1m[35m (0.1ms)[0m  [1m[35mCREATE INDEX "index_user_permissions_on_user_id" ON "user_permissions" ("user_id") /*application='J2cRentals'*/[0m
  [1m[35m (0.1ms)[0m  [1m[35mCREATE INDEX "index_user_permissions_on_permission_id" ON "user_permissions" ("permission_id") /*application='J2cRentals'*/[0m
  [1m[35m (0.1ms)[0m  [1m[35mCREATE UNIQUE INDEX "index_user_permissions_on_user_id_and_permission_id" ON "user_permissions" ("user_id", "permission_id") /*application='J2cRentals'*/[0m
  [1m[36mActiveRecord::SchemaMigration Create (0.1ms)[0m  [1m[32mINSERT INTO "schema_migrations" ("version") VALUES ('20260525095409') RETURNING "version" /*application='J2cRentals'*/[0m
  [1m[36mTRANSACTION (0.1ms)[0m  [1m[35mCOMMIT TRANSACTION /*application='J2cRentals'*/[0m
  [1m[36mActiveRecord::SchemaMigration Load (0.0ms)[0m  [1m[34mSELECT "schema_migrations"."version" FROM "schema_migrations" ORDER BY "schema_migrations"."version" ASC /*application='J2cRentals'*/[0m
  [1m[36mActiveRecord::SchemaMigration Load (0.1ms)[0m  [1m[34mSELECT "schema_migrations"."version" FROM "schema_migrations" ORDER BY "schema_migrations"."version" ASC /*application='J2cRentals'*/[0m
  [1m[36mAdminAction Load (4.8ms)[0m  [1m[34mSELECT "admin_actions".* FROM "admin_actions" /*application='J2cRentals'*/[0m
  [1m[36mTRANSACTION (0.1ms)[0m  [1m[35mBEGIN immediate TRANSACTION /*application='J2cRentals'*/[0m
  [1m[36mAdminAction Destroy (1.6ms)[0m  [1m[31mDELETE FROM "admin_actions" WHERE "admin_actions"."id" = 1 /*application='J2cRentals'*/[0m
  [1m[36mTRANSACTION (2.3ms)[0m  [1m[35mCOMMIT TRANSACTION /*application='J2cRentals'*/[0m
  [1m[36mTRANSACTION (0.1ms)[0m  [1m[35mBEGIN immediate TRANSACTION /*application='J2cRentals'*/[0m
  [1m[36mAdminAction Destroy (2.2ms)[0m  [1m[31mDELETE FROM "admin_actions" WHERE "admin_actions"."id" = 2 /*application='J2cRentals'*/[0m
  [1m[36mTRANSACTION (0.1ms)[0m  [1m[35mCOMMIT TRANSACTION /*application='J2cRentals'*/[0m
  [1m[36mTRANSACTION (0.0ms)[0m  [1m[35mBEGIN immediate TRANSACTION /*application='J2cRentals'*/[0m
  [1m[36mAdminAction Destroy (1.0ms)[0m  [1m[31mDELETE FROM "admin_actions" WHERE "admin_actions"."id" = 3 /*application='J2cRentals'*/[0m
  [1m[36mTRANSACTION (0.1ms)[0m  [1m[35mCOMMIT TRANSACTION /*application='J2cRentals'*/[0m
  [1m[36mUserPermission Load (0.1ms)[0m  [1m[34mSELECT "user_permissions".* FROM "user_permissions" /*application='J2cRentals'*/[0m
  [1m[36mPermission Load (0.1ms)[0m  [1m[34mSELECT "permissions".* FROM "permissions" /*application='J2cRentals'*/[0m
  [1m[36mAdminInvitation Load (0.1ms)[0m  [1m[34mSELECT "admin_invitations".* FROM "admin_invitations" /*application='J2cRentals'*/[0m
  [1m[36mNotification Load (0.1ms)[0m  [1m[34mSELECT "notifications".* FROM "notifications" /*application='J2cRentals'*/[0m
  [1m[36mSupportTicket Load (0.1ms)[0m  [1m[34mSELECT "support_tickets".* FROM "support_tickets" /*application='J2cRentals'*/[0m
  [1m[36mTRANSACTION (0.0ms)[0m  [1m[35mBEGIN immediate TRANSACTION /*application='J2cRentals'*/[0m
  [1m[36mSupportTicket Destroy (1.5ms)[0m  [1m[31mDELETE FROM "support_tickets" WHERE "support_tickets"."id" = 1 /*application='J2cRentals'*/[0m
  [1m[36mTRANSACTION (0.1ms)[0m  [1m[35mCOMMIT TRANSACTION /*application='J2cRentals'*/[0m
  [1m[36mReview Load (0.1ms)[0m  [1m[34mSELECT "reviews".* FROM "reviews" /*application='J2cRentals'*/[0m
  [1m[36mFavorite Load (0.2ms)[0m  [1m[34mSELECT "favorites".* FROM "favorites" /*application='J2cRentals'*/[0m
  [1m[36mPayment Load (0.1ms)[0m  [1m[34mSELECT "payments".* FROM "payments" /*application='J2cRentals'*/[0m
  [1m[36mTRANSACTION (0.0ms)[0m  [1m[35mBEGIN immediate TRANSACTION /*application='J2cRentals'*/[0m
  [1m[36mPayment Destroy (1.1ms)[0m  [1m[31mDELETE FROM "payments" WHERE "payments"."id" = 1 /*application='J2cRentals'*/[0m
  [1m[36mTRANSACTION (0.1ms)[0m  [1m[35mCOMMIT TRANSACTION /*application='J2cRentals'*/[0m
  [1m[36mTRANSACTION (0.0ms)[0m  [1m[35mBEGIN immediate TRANSACTION /*application='J2cRentals'*/[0m
  [1m[36mPayment Destroy (1.0ms)[0m  [1m[31mDELETE FROM "payments" WHERE "payments"."id" = 2 /*application='J2cRentals'*/[0m
  [1m[36mTRANSACTION (0.1ms)[0m  [1m[35mCOMMIT TRANSACTION /*application='J2cRentals'*/[0m
  [1m[36mMaintenanceLog Load (0.3ms)[0m  [1m[34mSELECT "maintenance_logs".* FROM "maintenance_logs" /*application='J2cRentals'*/[0m
  [1m[36mTRANSACTION (0.1ms)[0m  [1m[35mBEGIN immediate TRANSACTION /*application='J2cRentals'*/[0m
  [1m[36mMaintenanceLog Destroy (1.2ms)[0m  [1m[31mDELETE FROM "maintenance_logs" WHERE "maintenance_logs"."id" = 1 /*application='J2cRentals'*/[0m
  [1m[36mTRANSACTION (0.1ms)[0m  [1m[35mCOMMIT TRANSACTION /*application='J2cRentals'*/[0m
  [1m[36mTRANSACTION (0.0ms)[0m  [1m[35mBEGIN immediate TRANSACTION /*application='J2cRentals'*/[0m
  [1m[36mMaintenanceLog Destroy (3.1ms)[0m  [1m[31mDELETE FROM "maintenance_logs" WHERE "maintenance_logs"."id" = 2 /*application='J2cRentals'*/[0m
  [1m[36mTRANSACTION (0.1ms)[0m  [1m[35mCOMMIT TRANSACTION /*application='J2cRentals'*/[0m
  [1m[36mContentBlock Load (0.1ms)[0m  [1m[34mSELECT "content_blocks".* FROM "content_blocks" /*application='J2cRentals'*/[0m
  [1m[36mTRANSACTION (0.1ms)[0m  [1m[35mBEGIN immediate TRANSACTION /*application='J2cRentals'*/[0m
  [1m[36mContentBlock Destroy (4.4ms)[0m  [1m[31mDELETE FROM "content_blocks" WHERE "content_blocks"."id" = 1 /*application='J2cRentals'*/[0m
  [1m[36mTRANSACTION (0.2ms)[0m  [1m[35mCOMMIT TRANSACTION /*application='J2cRentals'*/[0m
  [1m[36mCoupon Load (0.1ms)[0m  [1m[34mSELECT "coupons".* FROM "coupons" /*application='J2cRentals'*/[0m
  [1m[36mTRANSACTION (0.2ms)[0m  [1m[35mBEGIN immediate TRANSACTION /*application='J2cRentals'*/[0m
  [1m[36mReservation Update All (0.2ms)[0m  [1m[33mUPDATE "reservations" SET "coupon_id" = NULL WHERE "reservations"."coupon_id" = 1 /*application='J2cRentals'*/[0m
  [1m[36mCoupon Destroy (0.1ms)[0m  [1m[31mDELETE FROM "coupons" WHERE "coupons"."id" = 1 /*application='J2cRentals'*/[0m
  [1m[36mTRANSACTION (0.3ms)[0m  [1m[35mCOMMIT TRANSACTION /*application='J2cRentals'*/[0m
  [1m[36mLead Load (0.1ms)[0m  [1m[34mSELECT "leads".* FROM "leads" /*application='J2cRentals'*/[0m
  [1m[36mTRANSACTION (0.0ms)[0m  [1m[35mBEGIN immediate TRANSACTION /*application='J2cRentals'*/[0m
  [1m[36mLead Destroy (1.1ms)[0m  [1m[31mDELETE FROM "leads" WHERE "leads"."id" = 5 /*application='J2cRentals'*/[0m
  [1m[36mTRANSACTION (0.1ms)[0m  [1m[35mCOMMIT TRANSACTION /*application='J2cRentals'*/[0m
  [1m[36mTRANSACTION (0.0ms)[0m  [1m[35mBEGIN immediate TRANSACTION /*application='J2cRentals'*/[0m
  [1m[36mLead Destroy (1.0ms)[0m  [1m[31mDELETE FROM "leads" WHERE "leads"."id" = 6 /*application='J2cRentals'*/[0m
  [1m[36mTRANSACTION (0.1ms)[0m  [1m[35mCOMMIT TRANSACTION /*application='J2cRentals'*/[0m
  [1m[36mTRANSACTION (0.0ms)[0m  [1m[35mBEGIN immediate TRANSACTION /*application='J2cRentals'*/[0m
  [1m[36mLead Destroy (1.2ms)[0m  [1m[31mDELETE FROM "leads" WHERE "leads"."id" = 7 /*application='J2cRentals'*/[0m
  [1m[36mTRANSACTION (0.1ms)[0m  [1m[35mCOMMIT TRANSACTION /*application='J2cRentals'*/[0m
  [1m[36mTRANSACTION (0.0ms)[0m  [1m[35mBEGIN immediate TRANSACTION /*application='J2cRentals'*/[0m
  [1m[36mLead Destroy (1.2ms)[0m  [1m[31mDELETE FROM "leads" WHERE "leads"."id" = 8 /*application='J2cRentals'*/[0m
  [1m[36mTRANSACTION (0.1ms)[0m  [1m[35mCOMMIT TRANSACTION /*application='J2cRentals'*/[0m
  [1m[36mVehicle Load (0.1ms)[0m  [1m[34mSELECT "vehicles".* FROM "vehicles" /*application='J2cRentals'*/[0m
  [1m[36mTRANSACTION (0.0ms)[0m  [1m[35mBEGIN immediate TRANSACTION /*application='J2cRentals'*/[0m
  [1m[36mReservation Load (2.8ms)[0m  [1m[34mSELECT "reservations".* FROM "reservations" WHERE "reservations"."vehicle_id" = 17 /*application='J2cRentals'*/[0m
  [1m[36mMaintenanceLog Load (0.1ms)[0m  [1m[34mSELECT "maintenance_logs".* FROM "maintenance_logs" WHERE "maintenance_logs"."vehicle_id" = 17 /*application='J2cRentals'*/[0m
  [1m[36mReview Load (0.1ms)[0m  [1m[34mSELECT "reviews".* FROM "reviews" WHERE "reviews"."vehicle_id" = 17 /*application='J2cRentals'*/[0m
  [1m[36mFavorite Load (0.0ms)[0m  [1m[34mSELECT "favorites".* FROM "favorites" WHERE "favorites"."vehicle_id" = 17 /*application='J2cRentals'*/[0m
  [1m[36mVehicle Destroy (0.1ms)[0m  [1m[31mDELETE FROM "vehicles" WHERE "vehicles"."id" = 17 /*application='J2cRentals'*/[0m
  [1m[36mTRANSACTION (0.2ms)[0m  [1m[35mCOMMIT TRANSACTION /*application='J2cRentals'*/[0m
  [1m[36mTRANSACTION (0.0ms)[0m  [1m[35mBEGIN immediate TRANSACTION /*application='J2cRentals'*/[0m
  [1m[36mReservation Load (1.3ms)[0m  [1m[34mSELECT "reservations".* FROM "reservations" WHERE "reservations"."vehicle_id" = 18 /*application='J2cRentals'*/[0m
  [1m[36mMaintenanceLog Load (0.1ms)[0m  [1m[34mSELECT "maintenance_logs".* FROM "maintenance_logs" WHERE "maintenance_logs"."vehicle_id" = 18 /*application='J2cRentals'*/[0m
  [1m[36mReview Load (0.1ms)[0m  [1m[34mSELECT "reviews".* FROM "reviews" WHERE "reviews"."vehicle_id" = 18 /*application='J2cRentals'*/[0m
  [1m[36mFavorite Load (0.1ms)[0m  [1m[34mSELECT "favorites".* FROM "favorites" WHERE "favorites"."vehicle_id" = 18 /*application='J2cRentals'*/[0m
  [1m[36mVehicle Destroy (0.1ms)[0m  [1m[31mDELETE FROM "vehicles" WHERE "vehicles"."id" = 18 /*application='J2cRentals'*/[0m
  [1m[36mTRANSACTION (0.1ms)[0m  [1m[35mCOMMIT TRANSACTION /*application='J2cRentals'*/[0m
  [1m[36mTRANSACTION (0.0ms)[0m  [1m[35mBEGIN immediate TRANSACTION /*application='J2cRentals'*/[0m
  [1m[36mReservation Load (1.3ms)[0m  [1m[34mSELECT "reservations".* FROM "reservations" WHERE "reservations"."vehicle_id" = 19 /*application='J2cRentals'*/[0m
  [1m[36mRentalDocument Load (0.1ms)[0m  [1m[34mSELECT "rental_documents".* FROM "rental_documents" WHERE "rental_documents"."reservation_id" = 3 /*application='J2cRentals'*/[0m
  [1m[36mRentalDocument Destroy (0.1ms)[0m  [1m[31mDELETE FROM "rental_documents" WHERE "rental_documents"."id" = 5 /*application='J2cRentals'*/[0m
  [1m[36mRentalDocument Destroy (0.0ms)[0m  [1m[31mDELETE FROM "rental_documents" WHERE "rental_documents"."id" = 6 /*application='J2cRentals'*/[0m
  [1m[36mPayment Load (0.1ms)[0m  [1m[34mSELECT "payments".* FROM "payments" WHERE "payments"."reservation_id" = 3 /*application='J2cRentals'*/[0m
  [1m[36mReview Load (0.1ms)[0m  [1m[34mSELECT "reviews".* FROM "reviews" WHERE "reviews"."reservation_id" = 3 LIMIT 1 /*application='J2cRentals'*/[0m
  [1m[36mReservation Destroy (0.2ms)[0m  [1m[31mDELETE FROM "reservations" WHERE "reservations"."id" = 3 /*application='J2cRentals'*/[0m
  [1m[36mMaintenanceLog Load (0.1ms)[0m  [1m[34mSELECT "maintenance_logs".* FROM "maintenance_logs" WHERE "maintenance_logs"."vehicle_id" = 19 /*application='J2cRentals'*/[0m
  [1m[36mReview Load (0.1ms)[0m  [1m[34mSELECT "reviews".* FROM "reviews" WHERE "reviews"."vehicle_id" = 19 /*application='J2cRentals'*/[0m
  [1m[36mFavorite Load (0.0ms)[0m  [1m[34mSELECT "favorites".* FROM "favorites" WHERE "favorites"."vehicle_id" = 19 /*application='J2cRentals'*/[0m
  [1m[36mVehicle Destroy (0.1ms)[0m  [1m[31mDELETE FROM "vehicles" WHERE "vehicles"."id" = 19 /*application='J2cRentals'*/[0m
  [1m[36mTRANSACTION (0.1ms)[0m  [1m[35mCOMMIT TRANSACTION /*application='J2cRentals'*/[0m
  [1m[36mTRANSACTION (0.0ms)[0m  [1m[35mBEGIN immediate TRANSACTION /*application='J2cRentals'*/[0m
  [1m[36mReservation Load (1.3ms)[0m  [1m[34mSELECT "reservations".* FROM "reservations" WHERE "reservations"."vehicle_id" = 20 /*application='J2cRentals'*/[0m
  [1m[36mRentalDocument Load (0.0ms)[0m  [1m[34mSELECT "rental_documents".* FROM "rental_documents" WHERE "rental_documents"."reservation_id" = 4 /*application='J2cRentals'*/[0m
  [1m[36mRentalDocument Destroy (0.1ms)[0m  [1m[31mDELETE FROM "rental_documents" WHERE "rental_documents"."id" = 7 /*application='J2cRentals'*/[0m
  [1m[36mRentalDocument Destroy (0.0ms)[0m  [1m[31mDELETE FROM "rental_documents" WHERE "rental_documents"."id" = 8 /*application='J2cRentals'*/[0m
  [1m[36mPayment Load (0.1ms)[0m  [1m[34mSELECT "payments".* FROM "payments" WHERE "payments"."reservation_id" = 4 /*application='J2cRentals'*/[0m
  [1m[36mReview Load (0.1ms)[0m  [1m[34mSELECT "reviews".* FROM "reviews" WHERE "reviews"."reservation_id" = 4 LIMIT 1 /*application='J2cRentals'*/[0m
  [1m[36mReservation Destroy (0.1ms)[0m  [1m[31mDELETE FROM "reservations" WHERE "reservations"."id" = 4 /*application='J2cRentals'*/[0m
  [1m[36mMaintenanceLog Load (0.1ms)[0m  [1m[34mSELECT "maintenance_logs".* FROM "maintenance_logs" WHERE "maintenance_logs"."vehicle_id" = 20 /*application='J2cRentals'*/[0m
  [1m[36mReview Load (0.1ms)[0m  [1m[34mSELECT "reviews".* FROM "reviews" WHERE "reviews"."vehicle_id" = 20 /*application='J2cRentals'*/[0m
  [1m[36mFavorite Load (0.0ms)[0m  [1m[34mSELECT "favorites".* FROM "favorites" WHERE "favorites"."vehicle_id" = 20 /*application='J2cRentals'*/[0m
  [1m[36mVehicle Destroy (0.1ms)[0m  [1m[31mDELETE FROM "vehicles" WHERE "vehicles"."id" = 20 /*application='J2cRentals'*/[0m
  [1m[36mTRANSACTION (0.2ms)[0m  [1m[35mCOMMIT TRANSACTION /*application='J2cRentals'*/[0m
  [1m[36mTRANSACTION (0.0ms)[0m  [1m[35mBEGIN immediate TRANSACTION /*application='J2cRentals'*/[0m
  [1m[36mReservation Load (1.6ms)[0m  [1m[34mSELECT "reservations".* FROM "reservations" WHERE "reservations"."vehicle_id" = 21 /*application='J2cRentals'*/[0m
  [1m[36mMaintenanceLog Load (0.1ms)[0m  [1m[34mSELECT "maintenance_logs".* FROM "maintenance_logs" WHERE "maintenance_logs"."vehicle_id" = 21 /*application='J2cRentals'*/[0m
  [1m[36mReview Load (0.1ms)[0m  [1m[34mSELECT "reviews".* FROM "reviews" WHERE "reviews"."vehicle_id" = 21 /*application='J2cRentals'*/[0m
  [1m[36mFavorite Load (0.0ms)[0m  [1m[34mSELECT "favorites".* FROM "favorites" WHERE "favorites"."vehicle_id" = 21 /*application='J2cRentals'*/[0m
  [1m[36mVehicle Destroy (0.1ms)[0m  [1m[31mDELETE FROM "vehicles" WHERE "vehicles"."id" = 21 /*application='J2cRentals'*/[0m
  [1m[36mTRANSACTION (0.1ms)[0m  [1m[35mCOMMIT TRANSACTION /*application='J2cRentals'*/[0m
  [1m[36mTRANSACTION (0.0ms)[0m  [1m[35mBEGIN immediate TRANSACTION /*application='J2cRentals'*/[0m
  [1m[36mReservation Load (1.4ms)[0m  [1m[34mSELECT "reservations".* FROM "reservations" WHERE "reservations"."vehicle_id" = 22 /*application='J2cRentals'*/[0m
  [1m[36mMaintenanceLog Load (0.1ms)[0m  [1m[34mSELECT "maintenance_logs".* FROM "maintenance_logs" WHERE "maintenance_logs"."vehicle_id" = 22 /*application='J2cRentals'*/[0m
  [1m[36mReview Load (0.1ms)[0m  [1m[34mSELECT "reviews".* FROM "reviews" WHERE "reviews"."vehicle_id" = 22 /*application='J2cRentals'*/[0m
  [1m[36mFavorite Load (0.1ms)[0m  [1m[34mSELECT "favorites".* FROM "favorites" WHERE "favorites"."vehicle_id" = 22 /*application='J2cRentals'*/[0m
  [1m[36mVehicle Destroy (0.1ms)[0m  [1m[31mDELETE FROM "vehicles" WHERE "vehicles"."id" = 22 /*application='J2cRentals'*/[0m
  [1m[36mTRANSACTION (0.1ms)[0m  [1m[35mCOMMIT TRANSACTION /*application='J2cRentals'*/[0m
  [1m[36mTRANSACTION (0.0ms)[0m  [1m[35mBEGIN immediate TRANSACTION /*application='J2cRentals'*/[0m
  [1m[36mReservation Load (1.4ms)[0m  [1m[34mSELECT "reservations".* FROM "reservations" WHERE "reservations"."vehicle_id" = 23 /*application='J2cRentals'*/[0m
  [1m[36mMaintenanceLog Load (0.1ms)[0m  [1m[34mSELECT "maintenance_logs".* FROM "maintenance_logs" WHERE "maintenance_logs"."vehicle_id" = 23 /*application='J2cRentals'*/[0m
  [1m[36mReview Load (0.1ms)[0m  [1m[34mSELECT "reviews".* FROM "reviews" WHERE "reviews"."vehicle_id" = 23 /*application='J2cRentals'*/[0m
  [1m[36mFavorite Load (0.1ms)[0m  [1m[34mSELECT "favorites".* FROM "favorites" WHERE "favorites"."vehicle_id" = 23 /*application='J2cRentals'*/[0m
  [1m[36mVehicle Destroy (0.0ms)[0m  [1m[31mDELETE FROM "vehicles" WHERE "vehicles"."id" = 23 /*application='J2cRentals'*/[0m
  [1m[36mTRANSACTION (0.2ms)[0m  [1m[35mCOMMIT TRANSACTION /*application='J2cRentals'*/[0m
  [1m[36mTRANSACTION (0.0ms)[0m  [1m[35mBEGIN immediate TRANSACTION /*application='J2cRentals'*/[0m
  [1m[36mReservation Load (1.8ms)[0m  [1m[34mSELECT "reservations".* FROM "reservations" WHERE "reservations"."vehicle_id" = 24 /*application='J2cRentals'*/[0m
  [1m[36mMaintenanceLog Load (0.1ms)[0m  [1m[34mSELECT "maintenance_logs".* FROM "maintenance_logs" WHERE "maintenance_logs"."vehicle_id" = 24 /*application='J2cRentals'*/[0m
  [1m[36mReview Load (0.1ms)[0m  [1m[34mSELECT "reviews".* FROM "reviews" WHERE "reviews"."vehicle_id" = 24 /*application='J2cRentals'*/[0m
  [1m[36mFavorite Load (0.0ms)[0m  [1m[34mSELECT "favorites".* FROM "favorites" WHERE "favorites"."vehicle_id" = 24 /*application='J2cRentals'*/[0m
  [1m[36mVehicle Destroy (0.1ms)[0m  [1m[31mDELETE FROM "vehicles" WHERE "vehicles"."id" = 24 /*application='J2cRentals'*/[0m
  [1m[36mTRANSACTION (0.2ms)[0m  [1m[35mCOMMIT TRANSACTION /*application='J2cRentals'*/[0m
  [1m[36mUser Load (0.1ms)[0m  [1m[34mSELECT "users".* FROM "users" /*application='J2cRentals'*/[0m
  [1m[36mTRANSACTION (0.0ms)[0m  [1m[35mBEGIN immediate TRANSACTION /*application='J2cRentals'*/[0m
  [1m[36mReservation Update All (1.7ms)[0m  [1m[33mUPDATE "reservations" SET "user_id" = NULL WHERE "reservations"."user_id" = 1 /*application='J2cRentals'*/[0m
  [1m[36mPayment Update All (0.1ms)[0m  [1m[33mUPDATE "payments" SET "user_id" = NULL WHERE "payments"."user_id" = 1 /*application='J2cRentals'*/[0m
  [1m[36mFavorite Load (0.2ms)[0m  [1m[34mSELECT "favorites".* FROM "favorites" WHERE "favorites"."user_id" = 1 /*application='J2cRentals'*/[0m
  [1m[36mSupportTicket Load (0.1ms)[0m  [1m[34mSELECT "support_tickets".* FROM "support_tickets" WHERE "support_tickets"."user_id" = 1 /*application='J2cRentals'*/[0m
  [1m[36mNotification Load (0.1ms)[0m  [1m[34mSELECT "notifications".* FROM "notifications" WHERE "notifications"."user_id" = 1 /*application='J2cRentals'*/[0m
  [1m[36mAdminAction Load (0.0ms)[0m  [1m[34mSELECT "admin_actions".* FROM "admin_actions" WHERE "admin_actions"."user_id" = 1 /*application='J2cRentals'*/[0m
  [1m[36mUserPermission Load (0.0ms)[0m  [1m[34mSELECT "user_permissions".* FROM "user_permissions" WHERE "user_permissions"."user_id" = 1 /*application='J2cRentals'*/[0m
  [1m[36mAdminInvitation Update All (0.1ms)[0m  [1m[33mUPDATE "admin_invitations" SET "invited_by_id" = NULL WHERE "admin_invitations"."invited_by_id" = 1 /*application='J2cRentals'*/[0m
  [1m[36mUser Destroy (0.1ms)[0m  [1m[31mDELETE FROM "users" WHERE "users"."id" = 1 /*application='J2cRentals'*/[0m
  [1m[36mTRANSACTION (0.1ms)[0m  [1m[35mCOMMIT TRANSACTION /*application='J2cRentals'*/[0m
  [1m[36mTRANSACTION (0.0ms)[0m  [1m[35mBEGIN immediate TRANSACTION /*application='J2cRentals'*/[0m
  [1m[36mReservation Update All (1.2ms)[0m  [1m[33mUPDATE "reservations" SET "user_id" = NULL WHERE "reservations"."user_id" = 2 /*application='J2cRentals'*/[0m
  [1m[36mPayment Update All (0.0ms)[0m  [1m[33mUPDATE "payments" SET "user_id" = NULL WHERE "payments"."user_id" = 2 /*application='J2cRentals'*/[0m
  [1m[36mFavorite Load (0.1ms)[0m  [1m[34mSELECT "favorites".* FROM "favorites" WHERE "favorites"."user_id" = 2 /*application='J2cRentals'*/[0m
  [1m[36mSupportTicket Load (0.1ms)[0m  [1m[34mSELECT "support_tickets".* FROM "support_tickets" WHERE "support_tickets"."user_id" = 2 /*application='J2cRentals'*/[0m
  [1m[36mNotification Load (0.0ms)[0m  [1m[34mSELECT "notifications".* FROM "notifications" WHERE "notifications"."user_id" = 2 /*application='J2cRentals'*/[0m
  [1m[36mAdminAction Load (0.1ms)[0m  [1m[34mSELECT "admin_actions".* FROM "admin_actions" WHERE "admin_actions"."user_id" = 2 /*application='J2cRentals'*/[0m
  [1m[36mUserPermission Load (0.0ms)[0m  [1m[34mSELECT "user_permissions".* FROM "user_permissions" WHERE "user_permissions"."user_id" = 2 /*application='J2cRentals'*/[0m
  [1m[36mAdminInvitation Update All (0.1ms)[0m  [1m[33mUPDATE "admin_invitations" SET "invited_by_id" = NULL WHERE "admin_invitations"."invited_by_id" = 2 /*application='J2cRentals'*/[0m
  [1m[36mUser Destroy (0.1ms)[0m  [1m[31mDELETE FROM "users" WHERE "users"."id" = 2 /*application='J2cRentals'*/[0m
  [1m[36mTRANSACTION (0.2ms)[0m  [1m[35mCOMMIT TRANSACTION /*application='J2cRentals'*/[0m
  [1m[36mTRANSACTION (0.0ms)[0m  [1m[35mBEGIN immediate TRANSACTION /*application='J2cRentals'*/[0m
  [1m[36mReservation Update All (1.2ms)[0m  [1m[33mUPDATE "reservations" SET "user_id" = NULL WHERE "reservations"."user_id" = 3 /*application='J2cRentals'*/[0m
  [1m[36mPayment Update All (0.0ms)[0m  [1m[33mUPDATE "payments" SET "user_id" = NULL WHERE "payments"."user_id" = 3 /*application='J2cRentals'*/[0m
  [1m[36mFavorite Load (0.1ms)[0m  [1m[34mSELECT "favorites".* FROM "favorites" WHERE "favorites"."user_id" = 3 /*application='J2cRentals'*/[0m
  [1m[36mSupportTicket Load (0.1ms)[0m  [1m[34mSELECT "support_tickets".* FROM "support_tickets" WHERE "support_tickets"."user_id" = 3 /*application='J2cRentals'*/[0m
  [1m[36mNotification Load (0.1ms)[0m  [1m[34mSELECT "notifications".* FROM "notifications" WHERE "notifications"."user_id" = 3 /*application='J2cRentals'*/[0m
  [1m[36mAdminAction Load (0.1ms)[0m  [1m[34mSELECT "admin_actions".* FROM "admin_actions" WHERE "admin_actions"."user_id" = 3 /*application='J2cRentals'*/[0m
  [1m[36mUserPermission Load (0.0ms)[0m  [1m[34mSELECT "user_permissions".* FROM "user_permissions" WHERE "user_permissions"."user_id" = 3 /*application='J2cRentals'*/[0m
  [1m[36mAdminInvitation Update All (0.1ms)[0m  [1m[33mUPDATE "admin_invitations" SET "invited_by_id" = NULL WHERE "admin_invitations"."invited_by_id" = 3 /*application='J2cRentals'*/[0m
  [1m[36mUser Destroy (0.1ms)[0m  [1m[31mDELETE FROM "users" WHERE "users"."id" = 3 /*application='J2cRentals'*/[0m
  [1m[36mTRANSACTION (0.1ms)[0m  [1m[35mCOMMIT TRANSACTION /*application='J2cRentals'*/[0m
  [1m[36mTRANSACTION (0.0ms)[0m  [1m[35mBEGIN immediate TRANSACTION /*application='J2cRentals'*/[0m
  [1m[36mReservation Update All (1.2ms)[0m  [1m[33mUPDATE "reservations" SET "user_id" = NULL WHERE "reservations"."user_id" = 4 /*application='J2cRentals'*/[0m
  [1m[36mPayment Update All (0.0ms)[0m  [1m[33mUPDATE "payments" SET "user_id" = NULL WHERE "payments"."user_id" = 4 /*application='J2cRentals'*/[0m
  [1m[36mFavorite Load (0.1ms)[0m  [1m[34mSELECT "favorites".* FROM "favorites" WHERE "favorites"."user_id" = 4 /*application='J2cRentals'*/[0m
  [1m[36mSupportTicket Load (0.1ms)[0m  [1m[34mSELECT "support_tickets".* FROM "support_tickets" WHERE "support_tickets"."user_id" = 4 /*application='J2cRentals'*/[0m
  [1m[36mNotification Load (0.1ms)[0m  [1m[34mSELECT "notifications".* FROM "notifications" WHERE "notifications"."user_id" = 4 /*application='J2cRentals'*/[0m
  [1m[36mAdminAction Load (0.1ms)[0m  [1m[34mSELECT "admin_actions".* FROM "admin_actions" WHERE "admin_actions"."user_id" = 4 /*application='J2cRentals'*/[0m
  [1m[36mUserPermission Load (0.0ms)[0m  [1m[34mSELECT "user_permissions".* FROM "user_permissions" WHERE "user_permissions"."user_id" = 4 /*application='J2cRentals'*/[0m
  [1m[36mAdminInvitation Update All (0.1ms)[0m  [1m[33mUPDATE "admin_invitations" SET "invited_by_id" = NULL WHERE "admin_invitations"."invited_by_id" = 4 /*application='J2cRentals'*/[0m
  [1m[36mUser Destroy (0.1ms)[0m  [1m[31mDELETE FROM "users" WHERE "users"."id" = 4 /*application='J2cRentals'*/[0m
  [1m[36mTRANSACTION (0.1ms)[0m  [1m[35mCOMMIT TRANSACTION /*application='J2cRentals'*/[0m
  [1m[36mTRANSACTION (0.1ms)[0m  [1m[35mBEGIN immediate TRANSACTION /*application='J2cRentals'*/[0m
  [1m[36mUser Exists? (2.6ms)[0m  [1m[34mSELECT 1 AS one FROM "users" WHERE "users"."email" = 'admin@j2c.test' LIMIT 1 /*application='J2cRentals'*/[0m
  [1m[36mUser Create (0.2ms)[0m  [1m[32mINSERT INTO "users" ("name", "email", "phone", "role", "password_digest", "active", "last_login_at", "created_at", "updated_at") VALUES ('Operations Admin', 'admin@j2c.test', '+91 99999 00001', 'admin', '$2a$12$PQ.nnlRgYJ58eAxHmfI0t.QZpkTL2IAyWagk3EelOKlukfPqDbvpu', TRUE, NULL, '2026-05-25 09:55:51.430459', '2026-05-25 09:55:51.430459') RETURNING "id" /*application='J2cRentals'*/[0m
  [1m[36mTRANSACTION (0.1ms)[0m  [1m[35mCOMMIT TRANSACTION /*application='J2cRentals'*/[0m
  [1m[36mTRANSACTION (0.1ms)[0m  [1m[35mBEGIN immediate TRANSACTION /*application='J2cRentals'*/[0m
  [1m[36mUser Exists? (1.7ms)[0m  [1m[34mSELECT 1 AS one FROM "users" WHERE "users"."email" = 'owner@j2c.test' LIMIT 1 /*application='J2cRentals'*/[0m
  [1m[36mUser Create (0.2ms)[0m  [1m[32mINSERT INTO "users" ("name", "email", "phone", "role", "password_digest", "active", "last_login_at", "created_at", "updated_at") VALUES ('Platform Owner', 'owner@j2c.test', '+91 99999 00002', 'super_admin', '$2a$12$knGZdjQx0I/bg/GUYNiu5O4HtbJULti84VSFqZBkAeDlRMRES6euy', TRUE, NULL, '2026-05-25 09:55:51.620438', '2026-05-25 09:55:51.620438') RETURNING "id" /*application='J2cRentals'*/[0m
  [1m[36mTRANSACTION (0.1ms)[0m  [1m[35mCOMMIT TRANSACTION /*application='J2cRentals'*/[0m
  [1m[36mTRANSACTION (0.1ms)[0m  [1m[35mBEGIN immediate TRANSACTION /*application='J2cRentals'*/[0m
  [1m[36mUser Exists? (1.6ms)[0m  [1m[34mSELECT 1 AS one FROM "users" WHERE "users"."email" = 'fleet@j2c.test' LIMIT 1 /*application='J2cRentals'*/[0m
  [1m[36mUser Create (0.1ms)[0m  [1m[32mINSERT INTO "users" ("name", "email", "phone", "role", "password_digest", "active", "last_login_at", "created_at", "updated_at") VALUES ('Fleet Manager', 'fleet@j2c.test', '+91 99999 00003', 'fleet_manager', '$2a$12$itBU8QK1oUb9UMozaCgxf.skBHHlW2ga2YmApX0WULcIBjh/cORhK', TRUE, NULL, '2026-05-25 09:55:51.850554', '2026-05-25 09:55:51.850554') RETURNING "id" /*application='J2cRentals'*/[0m
  [1m[36mTRANSACTION (0.1ms)[0m  [1m[35mCOMMIT TRANSACTION /*application='J2cRentals'*/[0m
  [1m[36mTRANSACTION (0.1ms)[0m  [1m[35mBEGIN immediate TRANSACTION /*application='J2cRentals'*/[0m
  [1m[36mUser Exists? (1.6ms)[0m  [1m[34mSELECT 1 AS one FROM "users" WHERE "users"."email" = 'support@j2c.test' LIMIT 1 /*application='J2cRentals'*/[0m
  [1m[36mUser Create (0.2ms)[0m  [1m[32mINSERT INTO "users" ("name", "email", "phone", "role", "password_digest", "active", "last_login_at", "created_at", "updated_at") VALUES ('Support Agent', 'support@j2c.test', '+91 99999 00004', 'support_agent', '$2a$12$CHA0X/4RFjvXJlaSim9zR.KJRfbkuWcPJ5DeY/xp5mQ5bv1lhHhlO', TRUE, NULL, '2026-05-25 09:55:52.054766', '2026-05-25 09:55:52.054766') RETURNING "id" /*application='J2cRentals'*/[0m
  [1m[36mTRANSACTION (0.2ms)[0m  [1m[35mCOMMIT TRANSACTION /*application='J2cRentals'*/[0m
  [1m[36mTRANSACTION (0.1ms)[0m  [1m[35mBEGIN immediate TRANSACTION /*application='J2cRentals'*/[0m
  [1m[36mUser Exists? (1.7ms)[0m  [1m[34mSELECT 1 AS one FROM "users" WHERE "users"."email" = 'nisha.kapoor@example.com' LIMIT 1 /*application='J2cRentals'*/[0m
  [1m[36mUser Create (0.1ms)[0m  [1m[32mINSERT INTO "users" ("name", "email", "phone", "role", "password_digest", "active", "last_login_at", "created_at", "updated_at") VALUES ('Nisha Kapoor', 'nisha.kapoor@example.com', '+91 98765 11111', 'customer', '$2a$12$XMAmJGC3U.4GJ3HWfwaG2OQCcrOx84EXADZcrccRhhOPyjU.Yo3WS', TRUE, NULL, '2026-05-25 09:55:52.281289', '2026-05-25 09:55:52.281289') RETURNING "id" /*application='J2cRentals'*/[0m
  [1m[36mTRANSACTION (0.2ms)[0m  [1m[35mCOMMIT TRANSACTION /*application='J2cRentals'*/[0m
  [1m[36mTRANSACTION (0.1ms)[0m  [1m[35mBEGIN immediate TRANSACTION /*application='J2cRentals'*/[0m
  [1m[36mUser Exists? (1.7ms)[0m  [1m[34mSELECT 1 AS one FROM "users" WHERE "users"."email" = 'rahul.bansal@example.com' LIMIT 1 /*application='J2cRentals'*/[0m
  [1m[36mUser Create (0.1ms)[0m  [1m[32mINSERT INTO "users" ("name", "email", "phone", "role", "password_digest", "active", "last_login_at", "created_at", "updated_at") VALUES ('Rahul Bansal', 'rahul.bansal@example.com', '+91 98765 22222', 'customer', '$2a$12$rLn4eVtketiL0tBE2VnR9O.5g7UmC/wn3gn6tsKnHLVdH6wiWrrwS', TRUE, NULL, '2026-05-25 09:55:52.479798', '2026-05-25 09:55:52.479798') RETURNING "id" /*application='J2cRentals'*/[0m
  [1m[36mTRANSACTION (0.2ms)[0m  [1m[35mCOMMIT TRANSACTION /*application='J2cRentals'*/[0m
  [1m[36mTRANSACTION (0.0ms)[0m  [1m[35mBEGIN immediate TRANSACTION /*application='J2cRentals'*/[0m
  [1m[36mVehicle Create (1.2ms)[0m  [1m[32mINSERT INTO "vehicles" ("name", "make", "model", "year", "category", "seats", "doors", "transmission", "fuel", "drivetrain", "location", "daily_rate", "rating", "image_url", "hero_color", "mileage", "luggage", "featured", "available", "description", "created_at", "updated_at") VALUES ('Urban Swift', 'Maruti Suzuki', 'Swift', 2025, 'Economy', 5, 4, 'Manual', 'Petrol', 'FWD', 'Delhi Airport', 2199.0, 4.6, 'https://images.unsplash.com/photo-1542362567-b07e54358753?auto=format&fit=crop&w=1200&q=80', '#0f766e', '20 km/l', 2, TRUE, TRUE, 'A nimble city hatchback for airport pickups, local meetings, and quick weekend movement.', '2026-05-25 09:55:52.482877', '2026-05-25 09:55:52.482877') RETURNING "id" /*application='J2cRentals'*/[0m
  [1m[36mTRANSACTION (0.1ms)[0m  [1m[35mCOMMIT TRANSACTION /*application='J2cRentals'*/[0m
  [1m[36mTRANSACTION (0.0ms)[0m  [1m[35mBEGIN immediate TRANSACTION /*application='J2cRentals'*/[0m
  [1m[36mVehicle Create (1.2ms)[0m  [1m[32mINSERT INTO "vehicles" ("name", "make", "model", "year", "category", "seats", "doors", "transmission", "fuel", "drivetrain", "location", "daily_rate", "rating", "image_url", "hero_color", "mileage", "luggage", "featured", "available", "description", "created_at", "updated_at") VALUES ('Cityline i20', 'Hyundai', 'i20', 2025, 'Compact', 5, 4, 'Automatic', 'Petrol', 'FWD', 'Gurugram Cyber City', 2899.0, 4.7, 'https://images.unsplash.com/photo-1533473359331-0135ef1b58bf?auto=format&fit=crop&w=1200&q=80', '#be123c', '18 km/l', 2, FALSE, TRUE, 'Comfortable, compact, and easy to park near business districts and hotels.', '2026-05-25 09:55:52.486749', '2026-05-25 09:55:52.486749') RETURNING "id" /*application='J2cRentals'*/[0m
  [1m[36mTRANSACTION (0.1ms)[0m  [1m[35mCOMMIT TRANSACTION /*application='J2cRentals'*/[0m
  [1m[36mTRANSACTION (0.0ms)[0m  [1m[35mBEGIN immediate TRANSACTION /*application='J2cRentals'*/[0m
  [1m[36mVehicle Create (1.5ms)[0m  [1m[32mINSERT INTO "vehicles" ("name", "make", "model", "year", "category", "seats", "doors", "transmission", "fuel", "drivetrain", "location", "daily_rate", "rating", "image_url", "hero_color", "mileage", "luggage", "featured", "available", "description", "created_at", "updated_at") VALUES ('Creta Trail', 'Hyundai', 'Creta', 2026, 'SUV', 5, 4, 'Automatic', 'Diesel', 'FWD', 'Mumbai Airport', 4499.0, 4.8, 'https://images.unsplash.com/photo-1519641471654-76ce0107ad1b?auto=format&fit=crop&w=1200&q=80', '#1d4ed8', '17 km/l', 4, TRUE, TRUE, 'A high-clearance SUV with generous luggage space for airport runs and coastal drives.', '2026-05-25 09:55:52.491448', '2026-05-25 09:55:52.491448') RETURNING "id" /*application='J2cRentals'*/[0m
  [1m[36mTRANSACTION (0.1ms)[0m  [1m[35mCOMMIT TRANSACTION /*application='J2cRentals'*/[0m
  [1m[36mTRANSACTION (0.0ms)[0m  [1m[35mBEGIN immediate TRANSACTION /*application='J2cRentals'*/[0m
  [1m[36mVehicle Create (1.2ms)[0m  [1m[32mINSERT INTO "vehicles" ("name", "make", "model", "year", "category", "seats", "doors", "transmission", "fuel", "drivetrain", "location", "daily_rate", "rating", "image_url", "hero_color", "mileage", "luggage", "featured", "available", "description", "created_at", "updated_at") VALUES ('Innova Executive', 'Toyota', 'Innova Hycross', 2026, 'Van', 7, 4, 'Automatic', 'Hybrid', 'FWD', 'Bengaluru Indiranagar', 5799.0, 4.9, 'https://images.unsplash.com/photo-1503376780353-7e6692767b70?auto=format&fit=crop&w=1200&q=80', '#7c3aed', '21 km/l', 5, TRUE, TRUE, 'A premium people-mover for families, teams, and long in-city itineraries.', '2026-05-25 09:55:52.495597', '2026-05-25 09:55:52.495597') RETURNING "id" /*application='J2cRentals'*/[0m
  [1m[36mTRANSACTION (0.1ms)[0m  [1m[35mCOMMIT TRANSACTION /*application='J2cRentals'*/[0m
  [1m[36mTRANSACTION (0.1ms)[0m  [1m[35mBEGIN immediate TRANSACTION /*application='J2cRentals'*/[0m
  [1m[36mVehicle Create (3.2ms)[0m  [1m[32mINSERT INTO "vehicles" ("name", "make", "model", "year", "category", "seats", "doors", "transmission", "fuel", "drivetrain", "location", "daily_rate", "rating", "image_url", "hero_color", "mileage", "luggage", "featured", "available", "description", "created_at", "updated_at") VALUES ('Coastal Thar', 'Mahindra', 'Thar', 2025, 'SUV', 4, 3, 'Automatic', 'Diesel', '4WD', 'Goa Panaji', 5199.0, 4.8, 'https://images.unsplash.com/photo-1609521263047-f8f205293f24?auto=format&fit=crop&w=1200&q=80', '#b45309', '15 km/l', 2, TRUE, TRUE, 'Open-road character with 4WD confidence for scenic drives and resort transfers.', '2026-05-25 09:55:52.499325', '2026-05-25 09:55:52.499325') RETURNING "id" /*application='J2cRentals'*/[0m
  [1m[36mTRANSACTION (0.2ms)[0m  [1m[35mCOMMIT TRANSACTION /*application='J2cRentals'*/[0m
  [1m[36mTRANSACTION (0.1ms)[0m  [1m[35mBEGIN immediate TRANSACTION /*application='J2cRentals'*/[0m
  [1m[36mVehicle Create (1.9ms)[0m  [1m[32mINSERT INTO "vehicles" ("name", "make", "model", "year", "category", "seats", "doors", "transmission", "fuel", "drivetrain", "location", "daily_rate", "rating", "image_url", "hero_color", "mileage", "luggage", "featured", "available", "description", "created_at", "updated_at") VALUES ('Model 3 Volt', 'Tesla', 'Model 3', 2026, 'Electric', 5, 4, 'Automatic', 'Electric', 'RWD', 'Delhi Airport', 6999.0, 4.9, 'https://images.unsplash.com/photo-1560958089-b8a1929cea89?auto=format&fit=crop&w=1200&q=80', '#0891b2', '520 km range', 3, FALSE, TRUE, 'A quiet electric sedan for premium arrivals, low running cost, and smooth highway cruising.', '2026-05-25 09:55:52.506211', '2026-05-25 09:55:52.506211') RETURNING "id" /*application='J2cRentals'*/[0m
  [1m[36mTRANSACTION (0.1ms)[0m  [1m[35mCOMMIT TRANSACTION /*application='J2cRentals'*/[0m
  [1m[36mTRANSACTION (0.1ms)[0m  [1m[35mBEGIN immediate TRANSACTION /*application='J2cRentals'*/[0m
  [1m[36mVehicle Create (2.9ms)[0m  [1m[32mINSERT INTO "vehicles" ("name", "make", "model", "year", "category", "seats", "doors", "transmission", "fuel", "drivetrain", "location", "daily_rate", "rating", "image_url", "hero_color", "mileage", "luggage", "featured", "available", "description", "created_at", "updated_at") VALUES ('Camry Signature', 'Toyota', 'Camry', 2026, 'Luxury', 5, 4, 'Automatic', 'Hybrid', 'FWD', 'Mumbai Airport', 6299.0, 4.8, 'https://images.unsplash.com/photo-1552519507-da3b142c6e3d?auto=format&fit=crop&w=1200&q=80', '#334155', '23 km/l', 3, FALSE, TRUE, 'A refined sedan for business travel, hotel transfers, and comfortable long drives.', '2026-05-25 09:55:52.511661', '2026-05-25 09:55:52.511661') RETURNING "id" /*application='J2cRentals'*/[0m
  [1m[36mTRANSACTION (0.1ms)[0m  [1m[35mCOMMIT TRANSACTION /*application='J2cRentals'*/[0m
  [1m[36mTRANSACTION (0.1ms)[0m  [1m[35mBEGIN immediate TRANSACTION /*application='J2cRentals'*/[0m
  [1m[36mVehicle Create (2.2ms)[0m  [1m[32mINSERT INTO "vehicles" ("name", "make", "model", "year", "category", "seats", "doors", "transmission", "fuel", "drivetrain", "location", "daily_rate", "rating", "image_url", "hero_color", "mileage", "luggage", "featured", "available", "description", "created_at", "updated_at") VALUES ('Kwid Easy', 'Renault', 'Kwid', 2024, 'Economy', 5, 4, 'Manual', 'Petrol', 'FWD', 'Goa Panaji', 1799.0, 4.4, 'https://images.unsplash.com/photo-1580273916550-e323be2ae537?auto=format&fit=crop&w=1200&q=80', '#16a34a', '22 km/l', 2, FALSE, TRUE, 'A budget-friendly city car for short hops, errands, and flexible sightseeing days.', '2026-05-25 09:55:52.519653', '2026-05-25 09:55:52.519653') RETURNING "id" /*application='J2cRentals'*/[0m
  [1m[36mTRANSACTION (0.1ms)[0m  [1m[35mCOMMIT TRANSACTION /*application='J2cRentals'*/[0m
  [1m[36mTRANSACTION (0.0ms)[0m  [1m[35mBEGIN immediate TRANSACTION /*application='J2cRentals'*/[0m
  [1m[36mPermission Exists? (1.3ms)[0m  [1m[34mSELECT 1 AS one FROM "permissions" WHERE "permissions"."key" = 'fleet.manage' LIMIT 1 /*application='J2cRentals'*/[0m
  [1m[36mPermission Create (0.2ms)[0m  [1m[32mINSERT INTO "permissions" ("key", "description", "category", "created_at", "updated_at") VALUES ('fleet.manage', 'Add, edit, and remove vehicles', 'Fleet', '2026-05-25 09:55:52.531197', '2026-05-25 09:55:52.531197') RETURNING "id" /*application='J2cRentals'*/[0m
  [1m[36mTRANSACTION (0.1ms)[0m  [1m[35mCOMMIT TRANSACTION /*application='J2cRentals'*/[0m
  [1m[36mTRANSACTION (0.0ms)[0m  [1m[35mBEGIN immediate TRANSACTION /*application='J2cRentals'*/[0m
  [1m[36mPermission Exists? (1.9ms)[0m  [1m[34mSELECT 1 AS one FROM "permissions" WHERE "permissions"."key" = 'bookings.manage' LIMIT 1 /*application='J2cRentals'*/[0m
  [1m[36mPermission Create (0.1ms)[0m  [1m[32mINSERT INTO "permissions" ("key", "description", "category", "created_at", "updated_at") VALUES ('bookings.manage', 'Approve, reject, and operate bookings', 'Bookings', '2026-05-25 09:55:52.539418', '2026-05-25 09:55:52.539418') RETURNING "id" /*application='J2cRentals'*/[0m
  [1m[36mTRANSACTION (0.1ms)[0m  [1m[35mCOMMIT TRANSACTION /*application='J2cRentals'*/[0m
  [1m[36mTRANSACTION (0.0ms)[0m  [1m[35mBEGIN immediate TRANSACTION /*application='J2cRentals'*/[0m
  [1m[36mPermission Exists? (1.3ms)[0m  [1m[34mSELECT 1 AS one FROM "permissions" WHERE "permissions"."key" = 'payments.view' LIMIT 1 /*application='J2cRentals'*/[0m
  [1m[36mPermission Create (0.1ms)[0m  [1m[32mINSERT INTO "permissions" ("key", "description", "category", "created_at", "updated_at") VALUES ('payments.view', 'View payment and deposit analytics', 'Finance', '2026-05-25 09:55:52.545243', '2026-05-25 09:55:52.545243') RETURNING "id" /*application='J2cRentals'*/[0m
  [1m[36mTRANSACTION (0.1ms)[0m  [1m[35mCOMMIT TRANSACTION /*application='J2cRentals'*/[0m
  [1m[36mTRANSACTION (0.0ms)[0m  [1m[35mBEGIN immediate TRANSACTION /*application='J2cRentals'*/[0m
  [1m[36mPermission Exists? (1.5ms)[0m  [1m[34mSELECT 1 AS one FROM "permissions" WHERE "permissions"."key" = 'maintenance.manage' LIMIT 1 /*application='J2cRentals'*/[0m
  [1m[36mPermission Create (0.1ms)[0m  [1m[32mINSERT INTO "permissions" ("key", "description", "category", "created_at", "updated_at") VALUES ('maintenance.manage', 'Schedule and update vehicle maintenance', 'Fleet', '2026-05-25 09:55:52.551603', '2026-05-25 09:55:52.551603') RETURNING "id" /*application='J2cRentals'*/[0m
  [1m[36mTRANSACTION (0.1ms)[0m  [1m[35mCOMMIT TRANSACTION /*application='J2cRentals'*/[0m
  [1m[36mTRANSACTION (0.0ms)[0m  [1m[35mBEGIN immediate TRANSACTION /*application='J2cRentals'*/[0m
  [1m[36mPermission Exists? (1.7ms)[0m  [1m[34mSELECT 1 AS one FROM "permissions" WHERE "permissions"."key" = 'support.manage' LIMIT 1 /*application='J2cRentals'*/[0m
  [1m[36mPermission Create (0.1ms)[0m  [1m[32mINSERT INTO "permissions" ("key", "description", "category", "created_at", "updated_at") VALUES ('support.manage', 'Handle support tickets and disputes', 'Support', '2026-05-25 09:55:52.557793', '2026-05-25 09:55:52.557793') RETURNING "id" /*application='J2cRentals'*/[0m
  [1m[36mTRANSACTION (0.1ms)[0m  [1m[35mCOMMIT TRANSACTION /*application='J2cRentals'*/[0m
  [1m[36mTRANSACTION (0.0ms)[0m  [1m[35mBEGIN immediate TRANSACTION /*application='J2cRentals'*/[0m
  [1m[36mPermission Exists? (1.3ms)[0m  [1m[34mSELECT 1 AS one FROM "permissions" WHERE "permissions"."key" = 'pricing.manage' LIMIT 1 /*application='J2cRentals'*/[0m
  [1m[36mPermission Create (0.1ms)[0m  [1m[32mINSERT INTO "permissions" ("key", "description", "category", "created_at", "updated_at") VALUES ('pricing.manage', 'Manage coupons and pricing controls', 'Pricing', '2026-05-25 09:55:52.563113', '2026-05-25 09:55:52.563113') RETURNING "id" /*application='J2cRentals'*/[0m
  [1m[36mTRANSACTION (0.1ms)[0m  [1m[35mCOMMIT TRANSACTION /*application='J2cRentals'*/[0m
  [1m[36mTRANSACTION (0.0ms)[0m  [1m[35mBEGIN immediate TRANSACTION /*application='J2cRentals'*/[0m
  [1m[36mPermission Exists? (1.4ms)[0m  [1m[34mSELECT 1 AS one FROM "permissions" WHERE "permissions"."key" = 'cms.manage' LIMIT 1 /*application='J2cRentals'*/[0m
  [1m[36mPermission Create (0.1ms)[0m  [1m[32mINSERT INTO "permissions" ("key", "description", "category", "created_at", "updated_at") VALUES ('cms.manage', 'Manage homepage and marketing content', 'Content', '2026-05-25 09:55:52.568293', '2026-05-25 09:55:52.568293') RETURNING "id" /*application='J2cRentals'*/[0m
  [1m[36mTRANSACTION (0.1ms)[0m  [1m[35mCOMMIT TRANSACTION /*application='J2cRentals'*/[0m
  [1m[36mTRANSACTION (0.0ms)[0m  [1m[35mBEGIN immediate TRANSACTION /*application='J2cRentals'*/[0m
  [1m[36mPermission Exists? (2.2ms)[0m  [1m[34mSELECT 1 AS one FROM "permissions" WHERE "permissions"."key" = 'team.manage' LIMIT 1 /*application='J2cRentals'*/[0m
  [1m[36mPermission Create (0.1ms)[0m  [1m[32mINSERT INTO "permissions" ("key", "description", "category", "created_at", "updated_at") VALUES ('team.manage', 'Invite admins and assign permissions', 'Security', '2026-05-25 09:55:52.576237', '2026-05-25 09:55:52.576237') RETURNING "id" /*application='J2cRentals'*/[0m
  [1m[36mTRANSACTION (0.1ms)[0m  [1m[35mCOMMIT TRANSACTION /*application='J2cRentals'*/[0m
  [1m[36mPermission Load (0.1ms)[0m  [1m[34mSELECT "permissions".* FROM "permissions" INNER JOIN "user_permissions" ON "permissions"."id" = "user_permissions"."permission_id" WHERE "user_permissions"."user_id" = 5 /*application='J2cRentals'*/[0m
  [1m[36mTRANSACTION (0.1ms)[0m  [1m[35mBEGIN immediate TRANSACTION /*application='J2cRentals'*/[0m
  [1m[36mUserPermission Exists? (1.7ms)[0m  [1m[34mSELECT 1 AS one FROM "user_permissions" WHERE "user_permissions"."permission_id" = 1 AND "user_permissions"."user_id" = 5 LIMIT 1 /*application='J2cRentals'*/[0m
  [1m[36mUserPermission Create (0.1ms)[0m  [1m[32mINSERT INTO "user_permissions" ("user_id", "permission_id", "created_at", "updated_at") VALUES (5, 1, '2026-05-25 09:55:52.599243', '2026-05-25 09:55:52.599243') RETURNING "id" /*application='J2cRentals'*/[0m
  [1m[36mUserPermission Exists? (0.0ms)[0m  [1m[34mSELECT 1 AS one FROM "user_permissions" WHERE "user_permissions"."permission_id" = 2 AND "user_permissions"."user_id" = 5 LIMIT 1 /*application='J2cRentals'*/[0m
  [1m[36mUserPermission Create (0.1ms)[0m  [1m[32mINSERT INTO "user_permissions" ("user_id", "permission_id", "created_at", "updated_at") VALUES (5, 2, '2026-05-25 09:55:52.602989', '2026-05-25 09:55:52.602989') RETURNING "id" /*application='J2cRentals'*/[0m
  [1m[36mUserPermission Exists? (0.0ms)[0m  [1m[34mSELECT 1 AS one FROM "user_permissions" WHERE "user_permissions"."permission_id" = 3 AND "user_permissions"."user_id" = 5 LIMIT 1 /*application='J2cRentals'*/[0m
  [1m[36mUserPermission Create (0.2ms)[0m  [1m[32mINSERT INTO "user_permissions" ("user_id", "permission_id", "created_at", "updated_at") VALUES (5, 3, '2026-05-25 09:55:52.607159', '2026-05-25 09:55:52.607159') RETURNING "id" /*application='J2cRentals'*/[0m
  [1m[36mUserPermission Exists? (0.1ms)[0m  [1m[34mSELECT 1 AS one FROM "user_permissions" WHERE "user_permissions"."permission_id" = 4 AND "user_permissions"."user_id" = 5 LIMIT 1 /*application='J2cRentals'*/[0m
  [1m[36mUserPermission Create (0.1ms)[0m  [1m[32mINSERT INTO "user_permissions" ("user_id", "permission_id", "created_at", "updated_at") VALUES (5, 4, '2026-05-25 09:55:52.611851', '2026-05-25 09:55:52.611851') RETURNING "id" /*application='J2cRentals'*/[0m
  [1m[36mUserPermission Exists? (0.0ms)[0m  [1m[34mSELECT 1 AS one FROM "user_permissions" WHERE "user_permissions"."permission_id" = 5 AND "user_permissions"."user_id" = 5 LIMIT 1 /*application='J2cRentals'*/[0m
  [1m[36mUserPermission Create (0.1ms)[0m  [1m[32mINSERT INTO "user_permissions" ("user_id", "permission_id", "created_at", "updated_at") VALUES (5, 5, '2026-05-25 09:55:52.615459', '2026-05-25 09:55:52.615459') RETURNING "id" /*application='J2cRentals'*/[0m
  [1m[36mUserPermission Exists? (0.0ms)[0m  [1m[34mSELECT 1 AS one FROM "user_permissions" WHERE "user_permissions"."permission_id" = 6 AND "user_permissions"."user_id" = 5 LIMIT 1 /*application='J2cRentals'*/[0m
  [1m[36mUserPermission Create (0.1ms)[0m  [1m[32mINSERT INTO "user_permissions" ("user_id", "permission_id", "created_at", "updated_at") VALUES (5, 6, '2026-05-25 09:55:52.618998', '2026-05-25 09:55:52.618998') RETURNING "id" /*application='J2cRentals'*/[0m
  [1m[36mUserPermission Exists? (0.0ms)[0m  [1m[34mSELECT 1 AS one FROM "user_permissions" WHERE "user_permissions"."permission_id" = 7 AND "user_permissions"."user_id" = 5 LIMIT 1 /*application='J2cRentals'*/[0m
  [1m[36mUserPermission Create (0.3ms)[0m  [1m[32mINSERT INTO "user_permissions" ("user_id", "permission_id", "created_at", "updated_at") VALUES (5, 7, '2026-05-25 09:55:52.622880', '2026-05-25 09:55:52.622880') RETURNING "id" /*application='J2cRentals'*/[0m
  [1m[36mUserPermission Exists? (0.1ms)[0m  [1m[34mSELECT 1 AS one FROM "user_permissions" WHERE "user_permissions"."permission_id" = 8 AND "user_permissions"."user_id" = 5 LIMIT 1 /*application='J2cRentals'*/[0m
  [1m[36mUserPermission Create (0.1ms)[0m  [1m[32mINSERT INTO "user_permissions" ("user_id", "permission_id", "created_at", "updated_at") VALUES (5, 8, '2026-05-25 09:55:52.628081', '2026-05-25 09:55:52.628081') RETURNING "id" /*application='J2cRentals'*/[0m
  [1m[36mTRANSACTION (0.2ms)[0m  [1m[35mCOMMIT TRANSACTION /*application='J2cRentals'*/[0m
  [1m[36mPermission Load (0.1ms)[0m  [1m[34mSELECT "permissions".* FROM "permissions" INNER JOIN "user_permissions" ON "permissions"."id" = "user_permissions"."permission_id" WHERE "user_permissions"."user_id" = 6 /*application='J2cRentals'*/[0m
  [1m[36mTRANSACTION (0.0ms)[0m  [1m[35mBEGIN immediate TRANSACTION /*application='J2cRentals'*/[0m
  [1m[36mUserPermission Exists? (1.7ms)[0m  [1m[34mSELECT 1 AS one FROM "user_permissions" WHERE "user_permissions"."permission_id" = 1 AND "user_permissions"."user_id" = 6 LIMIT 1 /*application='J2cRentals'*/[0m
  [1m[36mUserPermission Create (0.1ms)[0m  [1m[32mINSERT INTO "user_permissions" ("user_id", "permission_id", "created_at", "updated_at") VALUES (6, 1, '2026-05-25 09:55:52.636769', '2026-05-25 09:55:52.636769') RETURNING "id" /*application='J2cRentals'*/[0m
  [1m[36mUserPermission Exists? (0.1ms)[0m  [1m[34mSELECT 1 AS one FROM "user_permissions" WHERE "user_permissions"."permission_id" = 2 AND "user_permissions"."user_id" = 6 LIMIT 1 /*application='J2cRentals'*/[0m
  [1m[36mUserPermission Create (0.1ms)[0m  [1m[32mINSERT INTO "user_permissions" ("user_id", "permission_id", "created_at", "updated_at") VALUES (6, 2, '2026-05-25 09:55:52.642383', '2026-05-25 09:55:52.642383') RETURNING "id" /*application='J2cRentals'*/[0m
  [1m[36mUserPermission Exists? (0.1ms)[0m  [1m[34mSELECT 1 AS one FROM "user_permissions" WHERE "user_permissions"."permission_id" = 3 AND "user_permissions"."user_id" = 6 LIMIT 1 /*application='J2cRentals'*/[0m
  [1m[36mUserPermission Create (0.2ms)[0m  [1m[32mINSERT INTO "user_permissions" ("user_id", "permission_id", "created_at", "updated_at") VALUES (6, 3, '2026-05-25 09:55:52.651434', '2026-05-25 09:55:52.651434') RETURNING "id" /*application='J2cRentals'*/[0m
  [1m[36mUserPermission Exists? (0.1ms)[0m  [1m[34mSELECT 1 AS one FROM "user_permissions" WHERE "user_permissions"."permission_id" = 4 AND "user_permissions"."user_id" = 6 LIMIT 1 /*application='J2cRentals'*/[0m
  [1m[36mUserPermission Create (0.3ms)[0m  [1m[32mINSERT INTO "user_permissions" ("user_id", "permission_id", "created_at", "updated_at") VALUES (6, 4, '2026-05-25 09:55:52.686293', '2026-05-25 09:55:52.686293') RETURNING "id" /*application='J2cRentals'*/[0m
  [1m[36mUserPermission Exists? (0.1ms)[0m  [1m[34mSELECT 1 AS one FROM "user_permissions" WHERE "user_permissions"."permission_id" = 5 AND "user_permissions"."user_id" = 6 LIMIT 1 /*application='J2cRentals'*/[0m
  [1m[36mUserPermission Create (0.2ms)[0m  [1m[32mINSERT INTO "user_permissions" ("user_id", "permission_id", "created_at", "updated_at") VALUES (6, 5, '2026-05-25 09:55:52.695829', '2026-05-25 09:55:52.695829') RETURNING "id" /*application='J2cRentals'*/[0m
  [1m[36mUserPermission Exists? (0.1ms)[0m  [1m[34mSELECT 1 AS one FROM "user_permissions" WHERE "user_permissions"."permission_id" = 6 AND "user_permissions"."user_id" = 6 LIMIT 1 /*application='J2cRentals'*/[0m
  [1m[36mUserPermission Create (0.1ms)[0m  [1m[32mINSERT INTO "user_permissions" ("user_id", "permission_id", "created_at", "updated_at") VALUES (6, 6, '2026-05-25 09:55:52.701480', '2026-05-25 09:55:52.701480') RETURNING "id" /*application='J2cRentals'*/[0m
  [1m[36mUserPermission Exists? (0.1ms)[0m  [1m[34mSELECT 1 AS one FROM "user_permissions" WHERE "user_permissions"."permission_id" = 7 AND "user_permissions"."user_id" = 6 LIMIT 1 /*application='J2cRentals'*/[0m
  [1m[36mUserPermission Create (0.4ms)[0m  [1m[32mINSERT INTO "user_permissions" ("user_id", "permission_id", "created_at", "updated_at") VALUES (6, 7, '2026-05-25 09:55:52.707100', '2026-05-25 09:55:52.707100') RETURNING "id" /*application='J2cRentals'*/[0m
  [1m[36mUserPermission Exists? (0.1ms)[0m  [1m[34mSELECT 1 AS one FROM "user_permissions" WHERE "user_permissions"."permission_id" = 8 AND "user_permissions"."user_id" = 6 LIMIT 1 /*application='J2cRentals'*/[0m
  [1m[36mUserPermission Create (0.1ms)[0m  [1m[32mINSERT INTO "user_permissions" ("user_id", "permission_id", "created_at", "updated_at") VALUES (6, 8, '2026-05-25 09:55:52.713953', '2026-05-25 09:55:52.713953') RETURNING "id" /*application='J2cRentals'*/[0m
  [1m[36mTRANSACTION (0.2ms)[0m  [1m[35mCOMMIT TRANSACTION /*application='J2cRentals'*/[0m
  [1m[36mPermission Load (0.1ms)[0m  [1m[34mSELECT "permissions".* FROM "permissions" WHERE "permissions"."key" IN ('fleet.manage', 'maintenance.manage') /*application='J2cRentals'*/[0m
  [1m[36mPermission Load (0.1ms)[0m  [1m[34mSELECT "permissions".* FROM "permissions" INNER JOIN "user_permissions" ON "permissions"."id" = "user_permissions"."permission_id" WHERE "user_permissions"."user_id" = 7 /*application='J2cRentals'*/[0m
  [1m[36mTRANSACTION (0.1ms)[0m  [1m[35mBEGIN immediate TRANSACTION /*application='J2cRentals'*/[0m
  [1m[36mUserPermission Exists? (2.8ms)[0m  [1m[34mSELECT 1 AS one FROM "user_permissions" WHERE "user_permissions"."permission_id" = 1 AND "user_permissions"."user_id" = 7 LIMIT 1 /*application='J2cRentals'*/[0m
  [1m[36mUserPermission Create (0.1ms)[0m  [1m[32mINSERT INTO "user_permissions" ("user_id", "permission_id", "created_at", "updated_at") VALUES (7, 1, '2026-05-25 09:55:52.725580', '2026-05-25 09:55:52.725580') RETURNING "id" /*application='J2cRentals'*/[0m
  [1m[36mUserPermission Exists? (0.0ms)[0m  [1m[34mSELECT 1 AS one FROM "user_permissions" WHERE "user_permissions"."permission_id" = 4 AND "user_permissions"."user_id" = 7 LIMIT 1 /*application='J2cRentals'*/[0m
  [1m[36mUserPermission Create (0.1ms)[0m  [1m[32mINSERT INTO "user_permissions" ("user_id", "permission_id", "created_at", "updated_at") VALUES (7, 4, '2026-05-25 09:55:52.729545', '2026-05-25 09:55:52.729545') RETURNING "id" /*application='J2cRentals'*/[0m
  [1m[36mTRANSACTION (0.1ms)[0m  [1m[35mCOMMIT TRANSACTION /*application='J2cRentals'*/[0m
  [1m[36mPermission Load (0.1ms)[0m  [1m[34mSELECT "permissions".* FROM "permissions" WHERE "permissions"."key" IN ('support.manage', 'bookings.manage') /*application='J2cRentals'*/[0m
  [1m[36mPermission Load (0.1ms)[0m  [1m[34mSELECT "permissions".* FROM "permissions" INNER JOIN "user_permissions" ON "permissions"."id" = "user_permissions"."permission_id" WHERE "user_permissions"."user_id" = 8 /*application='J2cRentals'*/[0m
  [1m[36mTRANSACTION (0.0ms)[0m  [1m[35mBEGIN immediate TRANSACTION /*application='J2cRentals'*/[0m
  [1m[36mUserPermission Exists? (2.4ms)[0m  [1m[34mSELECT 1 AS one FROM "user_permissions" WHERE "user_permissions"."permission_id" = 2 AND "user_permissions"."user_id" = 8 LIMIT 1 /*application='J2cRentals'*/[0m
  [1m[36mUserPermission Create (0.3ms)[0m  [1m[32mINSERT INTO "user_permissions" ("user_id", "permission_id", "created_at", "updated_at") VALUES (8, 2, '2026-05-25 09:55:52.739756', '2026-05-25 09:55:52.739756') RETURNING "id" /*application='J2cRentals'*/[0m
  [1m[36mUserPermission Exists? (0.1ms)[0m  [1m[34mSELECT 1 AS one FROM "user_permissions" WHERE "user_permissions"."permission_id" = 5 AND "user_permissions"."user_id" = 8 LIMIT 1 /*application='J2cRentals'*/[0m
  [1m[36mUserPermission Create (0.1ms)[0m  [1m[32mINSERT INTO "user_permissions" ("user_id", "permission_id", "created_at", "updated_at") VALUES (8, 5, '2026-05-25 09:55:52.750691', '2026-05-25 09:55:52.750691') RETURNING "id" /*application='J2cRentals'*/[0m
  [1m[36mTRANSACTION (0.1ms)[0m  [1m[35mCOMMIT TRANSACTION /*application='J2cRentals'*/[0m
  [1m[36mTRANSACTION (0.1ms)[0m  [1m[35mBEGIN immediate TRANSACTION /*application='J2cRentals'*/[0m
  [1m[36mAdminInvitation Exists? (1.6ms)[0m  [1m[34mSELECT 1 AS one FROM "admin_invitations" WHERE "admin_invitations"."token" = 'y2QKBbEPWGNIKqy46ztXNpbRrjWovRy4' LIMIT 1 /*application='J2cRentals'*/[0m
  [1m[36mAdminInvitation Create (0.2ms)[0m  [1m[32mINSERT INTO "admin_invitations" ("email", "role", "token", "invited_by_id", "accepted_at", "expires_at", "created_at", "updated_at") VALUES ('future.ops@example.com', 'support_agent', 'y2QKBbEPWGNIKqy46ztXNpbRrjWovRy4', 6, NULL, '2026-06-01 09:55:52.753498', '2026-05-25 09:55:52.760817', '2026-05-25 09:55:52.760817') RETURNING "id" /*application='J2cRentals'*/[0m
  [1m[36mTRANSACTION (0.2ms)[0m  [1m[35mCOMMIT TRANSACTION /*application='J2cRentals'*/[0m
  [1m[36mTRANSACTION (0.0ms)[0m  [1m[35mBEGIN immediate TRANSACTION /*application='J2cRentals'*/[0m
  [1m[36mCoupon Exists? (2.1ms)[0m  [1m[34mSELECT 1 AS one FROM "coupons" WHERE "coupons"."code" = 'WEEKEND15' LIMIT 1 /*application='J2cRentals'*/[0m
  [1m[36mCoupon Create (0.1ms)[0m  [1m[32mINSERT INTO "coupons" ("code", "description", "discount_type", "value", "starts_on", "ends_on", "active", "usage_limit", "used_count", "created_at", "updated_at") VALUES ('WEEKEND15', 'Weekend demand promotion for approved customers.', 'percent', 15.0, '2026-05-23', '2026-07-09', TRUE, 100, 0, '2026-05-25 09:55:52.770896', '2026-05-25 09:55:52.770896') RETURNING "id" /*application='J2cRentals'*/[0m
  [1m[36mTRANSACTION (0.3ms)[0m  [1m[35mCOMMIT TRANSACTION /*application='J2cRentals'*/[0m
  [1m[36mTRANSACTION (0.1ms)[0m  [1m[35mBEGIN immediate TRANSACTION /*application='J2cRentals'*/[0m
  ↳ app/models/reservation.rb:112:in 'Reservation#vehicle_available_for_dates'
  [1m[36mReservation Exists? (0.8ms)[0m  [1m[34mSELECT 1 AS one FROM "reservations" WHERE "reservations"."vehicle_id" = 27 AND "reservations"."status" IN ('pending', 'approved', 'active') AND (pickup_date < '2026-05-30' AND dropoff_date > '2026-05-27') LIMIT 1 /*application='J2cRentals'*/[0m
  ↳ app/models/reservation.rb:112:in 'Reservation#vehicle_available_for_dates'
  [1m[36mReservation Create (0.1ms)[0m  [1m[32mINSERT INTO "reservations" ("vehicle_id", "first_name", "last_name", "email", "phone", "pickup_location", "dropoff_location", "pickup_date", "dropoff_date", "pickup_time", "dropoff_time", "driver_age", "protection_plan", "extras", "status", "confirmation_code", "total_price", "notes", "created_at", "updated_at", "deposit_amount", "deposit_status", "document_status", "admin_notes", "reviewed_at", "reviewed_by", "user_id", "coupon_id", "cancelled_at", "cancellation_reason", "invoice_number", "pricing_snapshot") VALUES (27, 'Nisha', 'Kapoor', 'nisha.kapoor@example.com', '+91 98765 11111', 'Mumbai Airport', 'Mumbai Airport', '2026-05-27', '2026-05-30', '09:30', '18:00', 31, 'Premium', '["Airport fast pickup","Additional driver"]', 'pending', 'J2CWRRTFF', 13384.1, NULL, '2026-05-25 09:55:52.780525', '2026-05-25 09:55:52.780525', 4499.0, 'Paid', 'Pending review', 'Corporate traveler. Verify license before handover.', NULL, NULL, 9, 2, NULL, NULL, 'INV-202605-LPSAS', '{"daily_rate":"4499.0","days":3,"protection":1499,"extras":["Airport fast pickup","Additional driver"],"extra_total":750,"discount":"2361.9"}') RETURNING "id" /*application='J2cRentals'*/[0m
  [1m[36mTRANSACTION (0.2ms)[0m  [1m[35mCOMMIT TRANSACTION /*application='J2cRentals'*/[0m
  [1m[36mTRANSACTION (0.1ms)[0m  [1m[35mBEGIN immediate TRANSACTION /*application='J2cRentals'*/[0m
  ↳ app/models/reservation.rb:112:in 'Reservation#vehicle_available_for_dates'
  [1m[36mReservation Exists? (4.7ms)[0m  [1m[34mSELECT 1 AS one FROM "reservations" WHERE "reservations"."vehicle_id" = 28 AND "reservations"."status" IN ('pending', 'approved', 'active') AND (pickup_date < '2026-06-05' AND dropoff_date > '2026-06-01') LIMIT 1 /*application='J2cRentals'*/[0m
  ↳ app/models/reservation.rb:112:in 'Reservation#vehicle_available_for_dates'
  [1m[36mReservation Create (0.2ms)[0m  [1m[32mINSERT INTO "reservations" ("vehicle_id", "first_name", "last_name", "email", "phone", "pickup_location", "dropoff_location", "pickup_date", "dropoff_date", "pickup_time", "dropoff_time", "driver_age", "protection_plan", "extras", "status", "confirmation_code", "total_price", "notes", "created_at", "updated_at", "deposit_amount", "deposit_status", "document_status", "admin_notes", "reviewed_at", "reviewed_by", "user_id", "coupon_id", "cancelled_at", "cancellation_reason", "invoice_number", "pricing_snapshot") VALUES (28, 'Rahul', 'Bansal', 'rahul.bansal@example.com', '+91 98765 22222', 'Bengaluru Indiranagar', 'Gurugram Cyber City', '2026-06-01', '2026-06-05', '11:00', '16:30', 39, 'Plus', '["Child seat","Unlimited kilometers"]', 'approved', 'J2CXGTDIM', 25344.0, NULL, '2026-05-25 09:55:52.795202', '2026-05-25 09:55:52.795202', 5799.0, 'Paid', 'Accepted', NULL, '2026-05-25 09:55:52.775893', 'Operations Admin', 10, NULL, NULL, NULL, 'INV-202605-HWAWF', '{"daily_rate":"5799.0","days":4,"protection":899,"extras":["Child seat","Unlimited kilometers"],"extra_total":1249,"discount":"0.0"}') RETURNING "id" /*application='J2cRentals'*/[0m
  [1m[36mTRANSACTION (0.1ms)[0m  [1m[35mCOMMIT TRANSACTION /*application='J2cRentals'*/[0m
  [1m[36mTRANSACTION (0.1ms)[0m  [1m[35mBEGIN immediate TRANSACTION /*application='J2cRentals'*/[0m
  [1m[36mRentalDocument Create (4.1ms)[0m  [1m[32mINSERT INTO "rental_documents" ("reservation_id", "document_type", "file_name", "status", "notes", "created_at", "updated_at") VALUES (5, 'Driving license', 'nisha-license.pdf', 'Pending review', 'Front side received.', '2026-05-25 09:55:52.802375', '2026-05-25 09:55:52.802375') RETURNING "id" /*application='J2cRentals'*/[0m
  [1m[36mTRANSACTION (0.1ms)[0m  [1m[35mCOMMIT TRANSACTION /*application='J2cRentals'*/[0m
  [1m[36mTRANSACTION (0.1ms)[0m  [1m[35mBEGIN immediate TRANSACTION /*application='J2cRentals'*/[0m
  [1m[36mRentalDocument Create (2.0ms)[0m  [1m[32mINSERT INTO "rental_documents" ("reservation_id", "document_type", "file_name", "status", "notes", "created_at", "updated_at") VALUES (5, 'Aadhaar / ID proof', 'nisha-id.pdf', 'Accepted', 'Matches booking name.', '2026-05-25 09:55:52.811593', '2026-05-25 09:55:52.811593') RETURNING "id" /*application='J2cRentals'*/[0m
  [1m[36mTRANSACTION (0.1ms)[0m  [1m[35mCOMMIT TRANSACTION /*application='J2cRentals'*/[0m
  [1m[36mTRANSACTION (0.0ms)[0m  [1m[35mBEGIN immediate TRANSACTION /*application='J2cRentals'*/[0m
  [1m[36mRentalDocument Create (1.4ms)[0m  [1m[32mINSERT INTO "rental_documents" ("reservation_id", "document_type", "file_name", "status", "notes", "created_at", "updated_at") VALUES (6, 'Driving license', 'rahul-license.pdf', 'Accepted', 'Valid through next year.', '2026-05-25 09:55:52.816905', '2026-05-25 09:55:52.816905') RETURNING "id" /*application='J2cRentals'*/[0m
  [1m[36mTRANSACTION (0.2ms)[0m  [1m[35mCOMMIT TRANSACTION /*application='J2cRentals'*/[0m
  [1m[36mTRANSACTION (0.0ms)[0m  [1m[35mBEGIN immediate TRANSACTION /*application='J2cRentals'*/[0m
  [1m[36mRentalDocument Create (1.9ms)[0m  [1m[32mINSERT INTO "rental_documents" ("reservation_id", "document_type", "file_name", "status", "notes", "created_at", "updated_at") VALUES (6, 'Payment receipt', 'rahul-deposit.pdf', 'Accepted', 'Deposit captured.', '2026-05-25 09:55:52.821190', '2026-05-25 09:55:52.821190') RETURNING "id" /*application='J2cRentals'*/[0m
  [1m[36mTRANSACTION (0.1ms)[0m  [1m[35mCOMMIT TRANSACTION /*application='J2cRentals'*/[0m
  [1m[36mTRANSACTION (0.0ms)[0m  [1m[35mBEGIN immediate TRANSACTION /*application='J2cRentals'*/[0m
  [1m[36mPayment Create (1.2ms)[0m  [1m[32mINSERT INTO "payments" ("reservation_id", "user_id", "amount", "status", "provider", "transaction_id", "paid_at", "metadata", "created_at", "updated_at") VALUES (5, 9, 4499.0, 'Paid', 'Demo Gateway', 'PAYKZON4DVJ', '2026-05-25 07:55:52.825838', NULL, '2026-05-25 09:55:52.826705', '2026-05-25 09:55:52.826705') RETURNING "id" /*application='J2cRentals'*/[0m
  [1m[36mTRANSACTION (0.1ms)[0m  [1m[35mCOMMIT TRANSACTION /*application='J2cRentals'*/[0m
  [1m[36mTRANSACTION (0.0ms)[0m  [1m[35mBEGIN immediate TRANSACTION /*application='J2cRentals'*/[0m
  [1m[36mPayment Create (1.2ms)[0m  [1m[32mINSERT INTO "payments" ("reservation_id", "user_id", "amount", "status", "provider", "transaction_id", "paid_at", "metadata", "created_at", "updated_at") VALUES (6, 10, 5799.0, 'Paid', 'Demo Gateway', 'PAY5YHVJDTA', '2026-05-24 09:55:52.825971', NULL, '2026-05-25 09:55:52.831067', '2026-05-25 09:55:52.831067') RETURNING "id" /*application='J2cRentals'*/[0m
  [1m[36mTRANSACTION (0.1ms)[0m  [1m[35mCOMMIT TRANSACTION /*application='J2cRentals'*/[0m
  [1m[36mTRANSACTION (0.0ms)[0m  [1m[35mBEGIN immediate TRANSACTION /*application='J2cRentals'*/[0m
  [1m[36mMaintenanceLog Create (1.2ms)[0m  [1m[32mINSERT INTO "maintenance_logs" ("vehicle_id", "status", "service_type", "scheduled_on", "completed_on", "cost", "odometer", "notes", "created_at", "updated_at") VALUES (27, 'Scheduled', 'Tire inspection', '2026-05-28', NULL, 2400.0, 18200, 'Before next long rental.', '2026-05-25 09:55:52.834801', '2026-05-25 09:55:52.834801') RETURNING "id" /*application='J2cRentals'*/[0m
  [1m[36mTRANSACTION (0.1ms)[0m  [1m[35mCOMMIT TRANSACTION /*application='J2cRentals'*/[0m
  [1m[36mTRANSACTION (0.1ms)[0m  [1m[35mBEGIN immediate TRANSACTION /*application='J2cRentals'*/[0m
  [1m[36mMaintenanceLog Create (2.1ms)[0m  [1m[32mINSERT INTO "maintenance_logs" ("vehicle_id", "status", "service_type", "scheduled_on", "completed_on", "cost", "odometer", "notes", "created_at", "updated_at") VALUES (29, 'Overdue', 'Brake check', '2026-05-24', NULL, 5200.0, 22900, 'Block if not completed today.', '2026-05-25 09:55:52.838968', '2026-05-25 09:55:52.838968') RETURNING "id" /*application='J2cRentals'*/[0m
  [1m[36mTRANSACTION (0.1ms)[0m  [1m[35mCOMMIT TRANSACTION /*application='J2cRentals'*/[0m
  [1m[36mTRANSACTION (0.0ms)[0m  [1m[35mBEGIN immediate TRANSACTION /*application='J2cRentals'*/[0m
  [1m[36mSupportTicket Create (1.2ms)[0m  [1m[32mINSERT INTO "support_tickets" ("user_id", "reservation_id", "subject", "status", "priority", "category", "message", "assigned_to", "resolved_at", "created_at", "updated_at") VALUES (9, 5, 'Need invoice GST details', 'Open', 'Medium', 'Billing', 'Customer requested invoice update before pickup.', NULL, NULL, '2026-05-25 09:55:52.844020', '2026-05-25 09:55:52.844020') RETURNING "id" /*application='J2cRentals'*/[0m
  [1m[36mTRANSACTION (0.2ms)[0m  [1m[35mCOMMIT TRANSACTION /*application='J2cRentals'*/[0m
  [1m[36mTRANSACTION (0.0ms)[0m  [1m[35mBEGIN immediate TRANSACTION /*application='J2cRentals'*/[0m
  [1m[36mContentBlock Exists? (1.7ms)[0m  [1m[34mSELECT 1 AS one FROM "content_blocks" WHERE "content_blocks"."key" = 'homepage-summer-drive' LIMIT 1 /*application='J2cRentals'*/[0m
  [1m[36mContentBlock Create (0.1ms)[0m  [1m[32mINSERT INTO "content_blocks" ("key", "title", "body", "image_url", "active", "placement", "created_at", "updated_at") VALUES ('homepage-summer-drive', 'Summer highway-ready rentals', 'Promote airport-ready SUVs, family vans, and electric sedans for premium self-drive bookings.', 'https://images.unsplash.com/photo-1492144534655-ae79c964c9d7?auto=format&fit=crop&w=1600&q=80', TRUE, 'homepage', '2026-05-25 09:55:52.850750', '2026-05-25 09:55:52.850750') RETURNING "id" /*application='J2cRentals'*/[0m
  [1m[36mTRANSACTION (0.1ms)[0m  [1m[35mCOMMIT TRANSACTION /*application='J2cRentals'*/[0m
  [1m[36mTRANSACTION (0.0ms)[0m  [1m[35mBEGIN immediate TRANSACTION /*application='J2cRentals'*/[0m
  [1m[36mAdminAction Create (1.2ms)[0m  [1m[32mINSERT INTO "admin_actions" ("user_id", "action", "resource_type", "resource_id", "ip_address", "metadata", "created_at", "updated_at") VALUES (5, 'seed.initialized', 'System', NULL, '127.0.0.1', '"{\"note\":\"Seed data created\"}"', '2026-05-25 09:55:52.853347', '2026-05-25 09:55:52.853347') RETURNING "id" /*application='J2cRentals'*/[0m
  [1m[36mTRANSACTION (0.1ms)[0m  [1m[35mCOMMIT TRANSACTION /*application='J2cRentals'*/[0m
  [1m[36mTRANSACTION (0.0ms)[0m  [1m[35mBEGIN immediate TRANSACTION /*application='J2cRentals'*/[0m
  [1m[36mLead Create (1.6ms)[0m  [1m[32mINSERT INTO "leads" ("name", "email", "phone", "trip_location", "preferred_vehicle", "source", "status", "priority", "follow_up_on", "budget", "notes", "created_at", "updated_at") VALUES ('Ananya Rao', 'ananya.rao@example.com', '+91 90000 11111', 'Goa Panaji', 'SUV convertible feel', 'Website', 'New', 'High', '2026-05-26', 6000.0, 'Wants a scenic weekend rental and airport pickup.', '2026-05-25 09:55:52.859283', '2026-05-25 09:55:52.859283') RETURNING "id" /*application='J2cRentals'*/[0m
  [1m[36mTRANSACTION (0.1ms)[0m  [1m[35mCOMMIT TRANSACTION /*application='J2cRentals'*/[0m
  [1m[36mTRANSACTION (0.0ms)[0m  [1m[35mBEGIN immediate TRANSACTION /*application='J2cRentals'*/[0m
  [1m[36mLead Create (1.1ms)[0m  [1m[32mINSERT INTO "leads" ("name", "email", "phone", "trip_location", "preferred_vehicle", "source", "status", "priority", "follow_up_on", "budget", "notes", "created_at", "updated_at") VALUES ('Vikram Sethi', 'vikram.sethi@example.com', '+91 90000 22222', 'Delhi Airport', 'Electric sedan', 'WhatsApp', 'Contacted', 'Medium', '2026-05-27', 7500.0, 'Asked about charging support and included kilometers.', '2026-05-25 09:55:52.863331', '2026-05-25 09:55:52.863331') RETURNING "id" /*application='J2cRentals'*/[0m
  [1m[36mTRANSACTION (0.1ms)[0m  [1m[35mCOMMIT TRANSACTION /*application='J2cRentals'*/[0m
  [1m[36mTRANSACTION (0.0ms)[0m  [1m[35mBEGIN immediate TRANSACTION /*application='J2cRentals'*/[0m
  [1m[36mLead Create (1.1ms)[0m  [1m[32mINSERT INTO "leads" ("name", "email", "phone", "trip_location", "preferred_vehicle", "source", "status", "priority", "follow_up_on", "budget", "notes", "created_at", "updated_at") VALUES ('Meera Iyer', 'meera.iyer@example.com', '+91 90000 33333', 'Bengaluru Indiranagar', '7-seater', 'Referral', 'Managed', 'Urgent', '2026-05-25', 6500.0, 'Converted to approved reservation.', '2026-05-25 09:55:52.866727', '2026-05-25 09:55:52.866727') RETURNING "id" /*application='J2cRentals'*/[0m
  [1m[36mTRANSACTION (0.1ms)[0m  [1m[35mCOMMIT TRANSACTION /*application='J2cRentals'*/[0m
  [1m[36mTRANSACTION (0.0ms)[0m  [1m[35mBEGIN immediate TRANSACTION /*application='J2cRentals'*/[0m
  [1m[36mLead Create (1.4ms)[0m  [1m[32mINSERT INTO "leads" ("name", "email", "phone", "trip_location", "preferred_vehicle", "source", "status", "priority", "follow_up_on", "budget", "notes", "created_at", "updated_at") VALUES ('Kabir Khan', NULL, '+91 90000 44444', 'Mumbai Airport', 'Luxury sedan', 'Campaign', 'Lost', 'Low', '2026-05-24', 3000.0, 'Budget mismatch.', '2026-05-25 09:55:52.870539', '2026-05-25 09:55:52.870539') RETURNING "id" /*application='J2cRentals'*/[0m
  [1m[36mTRANSACTION (0.3ms)[0m  [1m[35mCOMMIT TRANSACTION /*application='J2cRentals'*/[0m
  [1m[36mPermission Count (5.7ms)[0m  [1m[34mSELECT COUNT(*) FROM "permissions" /*application='J2cRentals'*/[0m
  [1m[36mUserPermission Count (0.2ms)[0m  [1m[34mSELECT COUNT(*) FROM "user_permissions" /*application='J2cRentals'*/[0m
  [1m[36mAdminInvitation Count (0.2ms)[0m  [1m[34mSELECT COUNT(*) FROM "admin_invitations" /*application='J2cRentals'*/[0m
  [1m[36mUser Count (0.2ms)[0m  [1m[34mSELECT COUNT(*) FROM "users" WHERE "users"."role" = 'fleet_manager' /*application='J2cRentals'*/[0m
  [1m[36mUser Count (0.1ms)[0m  [1m[34mSELECT COUNT(*) FROM "users" WHERE "users"."role" = 'support_agent' /*application='J2cRentals'*/[0m
  [1m[36mActiveRecord::SchemaMigration Load (0.2ms)[0m  [1m[34mSELECT "schema_migrations"."version" FROM "schema_migrations" ORDER BY "schema_migrations"."version" ASC /*application='J2cRentals'*/[0m
  [1m[36mActiveRecord::InternalMetadata Load (0.1ms)[0m  [1m[34mSELECT * FROM "ar_internal_metadata" WHERE "ar_internal_metadata"."key" = 'environment' ORDER BY "ar_internal_metadata"."key" ASC LIMIT 1 /*application='J2cRentals'*/[0m
  [1m[36mActiveRecord::SchemaMigration Load (0.0ms)[0m  [1m[34mSELECT "schema_migrations"."version" FROM "schema_migrations" ORDER BY "schema_migrations"."version" ASC /*application='J2cRentals'*/[0m
  [1m[36mActiveRecord::InternalMetadata Load (0.1ms)[0m  [1m[34mSELECT * FROM "ar_internal_metadata" WHERE "ar_internal_metadata"."key" = 'environment' ORDER BY "ar_internal_metadata"."key" ASC LIMIT 1 /*application='J2cRentals'*/[0m
  [1m[36mActiveRecord::SchemaMigration Load (0.0ms)[0m  [1m[34mSELECT "schema_migrations"."version" FROM "schema_migrations" ORDER BY "schema_migrations"."version" ASC /*application='J2cRentals'*/[0m
  [1m[36mActiveRecord::InternalMetadata Load (0.1ms)[0m  [1m[34mSELECT * FROM "ar_internal_metadata" WHERE "ar_internal_metadata"."key" = 'environment' ORDER BY "ar_internal_metadata"."key" ASC LIMIT 1 /*application='J2cRentals'*/[0m
  [1m[35m (2.1ms)[0m  [1m[35mDROP TABLE IF EXISTS "admin_actions" /*application='J2cRentals'*/[0m
  [1m[35m (3.4ms)[0m  [1m[35mCREATE TABLE "admin_actions" ("id" integer PRIMARY KEY AUTOINCREMENT NOT NULL, "action" varchar, "created_at" datetime(6) NOT NULL, "ip_address" varchar, "metadata" text, "resource_id" integer, "resource_type" varchar, "updated_at" datetime(6) NOT NULL, "user_id" integer NOT NULL) /*application='J2cRentals'*/[0m
  [1m[35m (0.4ms)[0m  [1m[35mCREATE INDEX "index_admin_actions_on_action" ON "admin_actions" ("action") /*application='J2cRentals'*/[0m
  [1m[35m (0.1ms)[0m  [1m[35mCREATE INDEX "index_admin_actions_on_resource_type_and_resource_id" ON "admin_actions" ("resource_type", "resource_id") /*application='J2cRentals'*/[0m
  [1m[35m (0.1ms)[0m  [1m[35mCREATE INDEX "index_admin_actions_on_user_id" ON "admin_actions" ("user_id") /*application='J2cRentals'*/[0m
  [1m[35m (0.0ms)[0m  [1m[35mDROP TABLE IF EXISTS "admin_invitations" /*application='J2cRentals'*/[0m
  [1m[35m (0.2ms)[0m  [1m[35mCREATE TABLE "admin_invitations" ("id" integer PRIMARY KEY AUTOINCREMENT NOT NULL, "accepted_at" datetime(6), "created_at" datetime(6) NOT NULL, "email" varchar, "expires_at" datetime(6), "invited_by_id" integer NOT NULL, "role" varchar, "token" varchar, "updated_at" datetime(6) NOT NULL) /*application='J2cRentals'*/[0m
  [1m[35m (0.2ms)[0m  [1m[35mCREATE INDEX "index_admin_invitations_on_email" ON "admin_invitations" ("email") /*application='J2cRentals'*/[0m
  [1m[35m (0.1ms)[0m  [1m[35mCREATE INDEX "index_admin_invitations_on_invited_by_id" ON "admin_invitations" ("invited_by_id") /*application='J2cRentals'*/[0m
  [1m[35m (0.1ms)[0m  [1m[35mCREATE INDEX "index_admin_invitations_on_role" ON "admin_invitations" ("role") /*application='J2cRentals'*/[0m
  [1m[35m (0.3ms)[0m  [1m[35mCREATE UNIQUE INDEX "index_admin_invitations_on_token" ON "admin_invitations" ("token") /*application='J2cRentals'*/[0m
  [1m[35m (0.0ms)[0m  [1m[35mDROP TABLE IF EXISTS "content_blocks" /*application='J2cRentals'*/[0m
  [1m[35m (0.2ms)[0m  [1m[35mCREATE TABLE "content_blocks" ("id" integer PRIMARY KEY AUTOINCREMENT NOT NULL, "active" boolean DEFAULT TRUE, "body" text, "created_at" datetime(6) NOT NULL, "image_url" varchar, "key" varchar, "placement" varchar, "title" varchar, "updated_at" datetime(6) NOT NULL) /*application='J2cRentals'*/[0m
  [1m[35m (0.1ms)[0m  [1m[35mCREATE INDEX "index_content_blocks_on_active" ON "content_blocks" ("active") /*application='J2cRentals'*/[0m
  [1m[35m (0.1ms)[0m  [1m[35mCREATE UNIQUE INDEX "index_content_blocks_on_key" ON "content_blocks" ("key") /*application='J2cRentals'*/[0m
  [1m[35m (0.1ms)[0m  [1m[35mCREATE INDEX "index_content_blocks_on_placement" ON "content_blocks" ("placement") /*application='J2cRentals'*/[0m
  [1m[35m (0.0ms)[0m  [1m[35mDROP TABLE IF EXISTS "coupons" /*application='J2cRentals'*/[0m
  [1m[35m (0.1ms)[0m  [1m[35mCREATE TABLE "coupons" ("id" integer PRIMARY KEY AUTOINCREMENT NOT NULL, "active" boolean DEFAULT TRUE, "code" varchar, "created_at" datetime(6) NOT NULL, "description" text, "discount_type" varchar, "ends_on" date, "starts_on" date, "updated_at" datetime(6) NOT NULL, "usage_limit" integer DEFAULT 0, "used_count" integer DEFAULT 0, "value" decimal(8,2)) /*application='J2cRentals'*/[0m
  [1m[35m (0.1ms)[0m  [1m[35mCREATE INDEX "index_coupons_on_active" ON "coupons" ("active") /*application='J2cRentals'*/[0m
  [1m[35m (0.1ms)[0m  [1m[35mCREATE UNIQUE INDEX "index_coupons_on_code" ON "coupons" ("code") /*application='J2cRentals'*/[0m
  [1m[35m (0.0ms)[0m  [1m[35mDROP TABLE IF EXISTS "favorites" /*application='J2cRentals'*/[0m
  [1m[35m (0.1ms)[0m  [1m[35mCREATE TABLE "favorites" ("id" integer PRIMARY KEY AUTOINCREMENT NOT NULL, "created_at" datetime(6) NOT NULL, "updated_at" datetime(6) NOT NULL, "user_id" integer NOT NULL, "vehicle_id" integer NOT NULL) /*application='J2cRentals'*/[0m
  [1m[35m (0.1ms)[0m  [1m[35mCREATE UNIQUE INDEX "index_favorites_on_user_id_and_vehicle_id" ON "favorites" ("user_id", "vehicle_id") /*application='J2cRentals'*/[0m
  [1m[35m (0.2ms)[0m  [1m[35mCREATE INDEX "index_favorites_on_user_id" ON "favorites" ("user_id") /*application='J2cRentals'*/[0m
  [1m[35m (0.1ms)[0m  [1m[35mCREATE INDEX "index_favorites_on_vehicle_id" ON "favorites" ("vehicle_id") /*application='J2cRentals'*/[0m
  [1m[35m (0.0ms)[0m  [1m[35mDROP TABLE IF EXISTS "leads" /*application='J2cRentals'*/[0m
  [1m[35m (0.1ms)[0m  [1m[35mCREATE TABLE "leads" ("id" integer PRIMARY KEY AUTOINCREMENT NOT NULL, "budget" decimal(10,2), "created_at" datetime(6) NOT NULL, "email" varchar, "follow_up_on" date, "name" varchar, "notes" text, "phone" varchar, "preferred_vehicle" varchar, "priority" varchar, "source" varchar, "status" varchar, "trip_location" varchar, "updated_at" datetime(6) NOT NULL) /*application='J2cRentals'*/[0m
  [1m[35m (0.2ms)[0m  [1m[35mCREATE INDEX "index_leads_on_follow_up_on" ON "leads" ("follow_up_on") /*application='J2cRentals'*/[0m
  [1m[35m (0.1ms)[0m  [1m[35mCREATE INDEX "index_leads_on_priority" ON "leads" ("priority") /*application='J2cRentals'*/[0m
  [1m[35m (0.1ms)[0m  [1m[35mCREATE INDEX "index_leads_on_status" ON "leads" ("status") /*application='J2cRentals'*/[0m
  [1m[35m (0.0ms)[0m  [1m[35mDROP TABLE IF EXISTS "maintenance_logs" /*application='J2cRentals'*/[0m
  [1m[35m (0.2ms)[0m  [1m[35mCREATE TABLE "maintenance_logs" ("id" integer PRIMARY KEY AUTOINCREMENT NOT NULL, "completed_on" date, "cost" decimal(10,2), "created_at" datetime(6) NOT NULL, "notes" text, "odometer" integer, "scheduled_on" date, "service_type" varchar, "status" varchar, "updated_at" datetime(6) NOT NULL, "vehicle_id" integer NOT NULL) /*application='J2cRentals'*/[0m
  [1m[35m (0.1ms)[0m  [1m[35mCREATE INDEX "index_maintenance_logs_on_scheduled_on" ON "maintenance_logs" ("scheduled_on") /*application='J2cRentals'*/[0m
  [1m[35m (0.2ms)[0m  [1m[35mCREATE INDEX "index_maintenance_logs_on_status" ON "maintenance_logs" ("status") /*application='J2cRentals'*/[0m
  [1m[35m (0.1ms)[0m  [1m[35mCREATE INDEX "index_maintenance_logs_on_vehicle_id" ON "maintenance_logs" ("vehicle_id") /*application='J2cRentals'*/[0m
  [1m[35m (0.2ms)[0m  [1m[35mDROP TABLE IF EXISTS "notifications" /*application='J2cRentals'*/[0m
  [1m[35m (0.6ms)[0m  [1m[35mCREATE TABLE "notifications" ("id" integer PRIMARY KEY AUTOINCREMENT NOT NULL, "body" text, "created_at" datetime(6) NOT NULL, "kind" varchar, "read_at" datetime(6), "title" varchar, "updated_at" datetime(6) NOT NULL, "user_id" integer NOT NULL) /*application='J2cRentals'*/[0m
  [1m[35m (0.4ms)[0m  [1m[35mCREATE INDEX "index_notifications_on_kind" ON "notifications" ("kind") /*application='J2cRentals'*/[0m
  [1m[35m (0.5ms)[0m  [1m[35mCREATE INDEX "index_notifications_on_read_at" ON "notifications" ("read_at") /*application='J2cRentals'*/[0m
  [1m[35m (0.2ms)[0m  [1m[35mCREATE INDEX "index_notifications_on_user_id" ON "notifications" ("user_id") /*application='J2cRentals'*/[0m
  [1m[35m (0.1ms)[0m  [1m[35mDROP TABLE IF EXISTS "payments" /*application='J2cRentals'*/[0m
  [1m[35m (0.2ms)[0m  [1m[35mCREATE TABLE "payments" ("id" integer PRIMARY KEY AUTOINCREMENT NOT NULL, "amount" decimal(10,2), "created_at" datetime(6) NOT NULL, "metadata" text, "paid_at" datetime(6), "provider" varchar, "reservation_id" integer NOT NULL, "status" varchar DEFAULT 'Pending', "transaction_id" varchar, "updated_at" datetime(6) NOT NULL, "user_id" integer NOT NULL) /*application='J2cRentals'*/[0m
  [1m[35m (0.2ms)[0m  [1m[35mCREATE INDEX "index_payments_on_reservation_id" ON "payments" ("reservation_id") /*application='J2cRentals'*/[0m
  [1m[35m (0.1ms)[0m  [1m[35mCREATE INDEX "index_payments_on_status" ON "payments" ("status") /*application='J2cRentals'*/[0m
  [1m[35m (0.1ms)[0m  [1m[35mCREATE UNIQUE INDEX "index_payments_on_transaction_id" ON "payments" ("transaction_id") /*application='J2cRentals'*/[0m
  [1m[35m (0.2ms)[0m  [1m[35mCREATE INDEX "index_payments_on_user_id" ON "payments" ("user_id") /*application='J2cRentals'*/[0m
  [1m[35m (0.1ms)[0m  [1m[35mDROP TABLE IF EXISTS "permissions" /*application='J2cRentals'*/[0m
  [1m[35m (0.4ms)[0m  [1m[35mCREATE TABLE "permissions" ("id" integer PRIMARY KEY AUTOINCREMENT NOT NULL, "category" varchar, "created_at" datetime(6) NOT NULL, "description" text, "key" varchar, "updated_at" datetime(6) NOT NULL) /*application='J2cRentals'*/[0m
  [1m[35m (0.2ms)[0m  [1m[35mCREATE INDEX "index_permissions_on_category" ON "permissions" ("category") /*application='J2cRentals'*/[0m
  [1m[35m (0.1ms)[0m  [1m[35mCREATE UNIQUE INDEX "index_permissions_on_key" ON "permissions" ("key") /*application='J2cRentals'*/[0m
  [1m[35m (0.0ms)[0m  [1m[35mDROP TABLE IF EXISTS "rental_documents" /*application='J2cRentals'*/[0m
  [1m[35m (0.1ms)[0m  [1m[35mCREATE TABLE "rental_documents" ("id" integer PRIMARY KEY AUTOINCREMENT NOT NULL, "created_at" datetime(6) NOT NULL, "document_type" varchar, "file_name" varchar, "notes" text, "reservation_id" integer NOT NULL, "status" varchar, "updated_at" datetime(6) NOT NULL) /*application='J2cRentals'*/[0m
  [1m[35m (0.1ms)[0m  [1m[35mCREATE INDEX "index_rental_documents_on_document_type" ON "rental_documents" ("document_type") /*application='J2cRentals'*/[0m
  [1m[35m (0.1ms)[0m  [1m[35mCREATE INDEX "index_rental_documents_on_reservation_id" ON "rental_documents" ("reservation_id") /*application='J2cRentals'*/[0m
  [1m[35m (0.1ms)[0m  [1m[35mCREATE INDEX "index_rental_documents_on_status" ON "rental_documents" ("status") /*application='J2cRentals'*/[0m
  [1m[35m (0.0ms)[0m  [1m[35mDROP TABLE IF EXISTS "reservations" /*application='J2cRentals'*/[0m
  [1m[35m (0.2ms)[0m  [1m[35mCREATE TABLE "reservations" ("id" integer PRIMARY KEY AUTOINCREMENT NOT NULL, "admin_notes" text, "cancellation_reason" text, "cancelled_at" datetime(6), "confirmation_code" varchar, "coupon_id" integer, "created_at" datetime(6) NOT NULL, "deposit_amount" decimal(10,2), "deposit_status" varchar DEFAULT 'Pending', "document_status" varchar DEFAULT 'Pending review', "driver_age" integer, "dropoff_date" date, "dropoff_location" varchar, "dropoff_time" varchar, "email" varchar, "extras" text, "first_name" varchar, "invoice_number" varchar, "last_name" varchar, "notes" text, "phone" varchar, "pickup_date" date, "pickup_location" varchar, "pickup_time" varchar, "pricing_snapshot" text, "protection_plan" varchar, "reviewed_at" datetime(6), "reviewed_by" varchar, "status" varchar, "total_price" decimal(10,2), "updated_at" datetime(6) NOT NULL, "user_id" integer, "vehicle_id" integer NOT NULL) /*application='J2cRentals'*/[0m
  [1m[35m (0.1ms)[0m  [1m[35mCREATE UNIQUE INDEX "index_reservations_on_confirmation_code" ON "reservations" ("confirmation_code") /*application='J2cRentals'*/[0m
  [1m[35m (1.3ms)[0m  [1m[35mCREATE INDEX "index_reservations_on_coupon_id" ON "reservations" ("coupon_id") /*application='J2cRentals'*/[0m
  [1m[35m (0.1ms)[0m  [1m[35mCREATE INDEX "index_reservations_on_deposit_status" ON "reservations" ("deposit_status") /*application='J2cRentals'*/[0m
  [1m[35m (0.1ms)[0m  [1m[35mCREATE INDEX "index_reservations_on_document_status" ON "reservations" ("document_status") /*application='J2cRentals'*/[0m
  [1m[35m (0.1ms)[0m  [1m[35mCREATE UNIQUE INDEX "index_reservations_on_invoice_number" ON "reservations" ("invoice_number") /*application='J2cRentals'*/[0m
  [1m[35m (0.1ms)[0m  [1m[35mCREATE INDEX "index_reservations_on_status" ON "reservations" ("status") /*application='J2cRentals'*/[0m
  [1m[35m (0.1ms)[0m  [1m[35mCREATE INDEX "index_reservations_on_user_id" ON "reservations" ("user_id") /*application='J2cRentals'*/[0m
  [1m[35m (0.2ms)[0m  [1m[35mCREATE INDEX "index_reservations_on_vehicle_id" ON "reservations" ("vehicle_id") /*application='J2cRentals'*/[0m
  [1m[35m (0.0ms)[0m  [1m[35mDROP TABLE IF EXISTS "reviews" /*application='J2cRentals'*/[0m
  [1m[35m (0.1ms)[0m  [1m[35mCREATE TABLE "reviews" ("id" integer PRIMARY KEY AUTOINCREMENT NOT NULL, "approved" boolean DEFAULT FALSE, "body" text, "created_at" datetime(6) NOT NULL, "rating" integer, "reservation_id" integer, "title" varchar, "updated_at" datetime(6) NOT NULL, "user_id" integer NOT NULL, "vehicle_id" integer NOT NULL) /*application='J2cRentals'*/[0m
  [1m[35m (0.1ms)[0m  [1m[35mCREATE INDEX "index_reviews_on_approved" ON "reviews" ("approved") /*application='J2cRentals'*/[0m
  [1m[35m (0.2ms)[0m  [1m[35mCREATE INDEX "index_reviews_on_rating" ON "reviews" ("rating") /*application='J2cRentals'*/[0m
  [1m[35m (0.1ms)[0m  [1m[35mCREATE INDEX "index_reviews_on_reservation_id" ON "reviews" ("reservation_id") /*application='J2cRentals'*/[0m
  [1m[35m (0.1ms)[0m  [1m[35mCREATE INDEX "index_reviews_on_user_id" ON "reviews" ("user_id") /*application='J2cRentals'*/[0m
  [1m[35m (0.8ms)[0m  [1m[35mCREATE INDEX "index_reviews_on_vehicle_id" ON "reviews" ("vehicle_id") /*application='J2cRentals'*/[0m
  [1m[35m (0.0ms)[0m  [1m[35mDROP TABLE IF EXISTS "support_tickets" /*application='J2cRentals'*/[0m
  [1m[35m (0.1ms)[0m  [1m[35mCREATE TABLE "support_tickets" ("id" integer PRIMARY KEY AUTOINCREMENT NOT NULL, "assigned_to" varchar, "category" varchar, "created_at" datetime(6) NOT NULL, "message" text, "priority" varchar DEFAULT 'Medium', "reservation_id" integer, "resolved_at" datetime(6), "status" varchar DEFAULT 'Open', "subject" varchar, "updated_at" datetime(6) NOT NULL, "user_id" integer NOT NULL) /*application='J2cRentals'*/[0m
  [1m[35m (0.1ms)[0m  [1m[35mCREATE INDEX "index_support_tickets_on_priority" ON "support_tickets" ("priority") /*application='J2cRentals'*/[0m
  [1m[35m (0.1ms)[0m  [1m[35mCREATE INDEX "index_support_tickets_on_reservation_id" ON "support_tickets" ("reservation_id") /*application='J2cRentals'*/[0m
  [1m[35m (0.1ms)[0m  [1m[35mCREATE INDEX "index_support_tickets_on_status" ON "support_tickets" ("status") /*application='J2cRentals'*/[0m
  [1m[35m (0.2ms)[0m  [1m[35mCREATE INDEX "index_support_tickets_on_user_id" ON "support_tickets" ("user_id") /*application='J2cRentals'*/[0m
  [1m[35m (0.0ms)[0m  [1m[35mDROP TABLE IF EXISTS "user_permissions" /*application='J2cRentals'*/[0m
  [1m[35m (0.2ms)[0m  [1m[35mCREATE TABLE "user_permissions" ("id" integer PRIMARY KEY AUTOINCREMENT NOT NULL, "created_at" datetime(6) NOT NULL, "permission_id" integer NOT NULL, "updated_at" datetime(6) NOT NULL, "user_id" integer NOT NULL) /*application='J2cRentals'*/[0m
  [1m[35m (0.1ms)[0m  [1m[35mCREATE INDEX "index_user_permissions_on_permission_id" ON "user_permissions" ("permission_id") /*application='J2cRentals'*/[0m
  [1m[35m (0.1ms)[0m  [1m[35mCREATE UNIQUE INDEX "index_user_permissions_on_user_id_and_permission_id" ON "user_permissions" ("user_id", "permission_id") /*application='J2cRentals'*/[0m
  [1m[35m (0.1ms)[0m  [1m[35mCREATE INDEX "index_user_permissions_on_user_id" ON "user_permissions" ("user_id") /*application='J2cRentals'*/[0m
  [1m[35m (0.0ms)[0m  [1m[35mDROP TABLE IF EXISTS "users" /*application='J2cRentals'*/[0m
  [1m[35m (0.1ms)[0m  [1m[35mCREATE TABLE "users" ("id" integer PRIMARY KEY AUTOINCREMENT NOT NULL, "active" boolean DEFAULT TRUE NOT NULL, "created_at" datetime(6) NOT NULL, "email" varchar, "last_login_at" datetime(6), "name" varchar, "password_digest" varchar, "phone" varchar, "role" varchar DEFAULT 'customer' NOT NULL, "updated_at" datetime(6) NOT NULL) /*application='J2cRentals'*/[0m
  [1m[35m (0.2ms)[0m  [1m[35mCREATE UNIQUE INDEX "index_users_on_email" ON "users" ("email") /*application='J2cRentals'*/[0m
  [1m[35m (0.2ms)[0m  [1m[35mCREATE INDEX "index_users_on_role" ON "users" ("role") /*application='J2cRentals'*/[0m
  [1m[35m (0.0ms)[0m  [1m[35mDROP TABLE IF EXISTS "vehicles" /*application='J2cRentals'*/[0m
  [1m[35m (0.2ms)[0m  [1m[35mCREATE TABLE "vehicles" ("id" integer PRIMARY KEY AUTOINCREMENT NOT NULL, "available" boolean DEFAULT TRUE, "category" varchar, "created_at" datetime(6) NOT NULL, "daily_rate" decimal(8,2), "description" text, "doors" integer, "drivetrain" varchar, "featured" boolean DEFAULT FALSE, "fuel" varchar, "hero_color" varchar, "image_url" varchar, "location" varchar, "luggage" integer, "make" varchar, "mileage" varchar, "model" varchar, "name" varchar, "rating" decimal(3,1), "seats" integer, "transmission" varchar, "updated_at" datetime(6) NOT NULL, "year" integer) /*application='J2cRentals'*/[0m
  [1m[35m (0.1ms)[0m  [1m[35mCREATE INDEX "index_vehicles_on_category" ON "vehicles" ("category") /*application='J2cRentals'*/[0m
  [1m[35m (0.1ms)[0m  [1m[35mCREATE INDEX "index_vehicles_on_daily_rate" ON "vehicles" ("daily_rate") /*application='J2cRentals'*/[0m
  [1m[35m (0.1ms)[0m  [1m[35mCREATE INDEX "index_vehicles_on_location" ON "vehicles" ("location") /*application='J2cRentals'*/[0m
  [1m[35m (0.0ms)[0m  [1m[35mPRAGMA foreign_keys /*application='J2cRentals'*/[0m
  [1m[35m (0.0ms)[0m  [1m[35mPRAGMA defer_foreign_keys /*application='J2cRentals'*/[0m
  [1m[35m (0.0ms)[0m  [1m[35mPRAGMA defer_foreign_keys = ON /*application='J2cRentals'*/[0m
  [1m[35m (0.1ms)[0m  [1m[35mPRAGMA foreign_keys = OFF /*application='J2cRentals'*/[0m
  [1m[36mTRANSACTION (0.1ms)[0m  [1m[35mBEGIN immediate TRANSACTION /*application='J2cRentals'*/[0m
  [1m[35m (0.1ms)[0m  [1m[35mCREATE TEMPORARY TABLE "aadmin_actions" ("id" integer PRIMARY KEY AUTOINCREMENT NOT NULL, "action" varchar, "created_at" datetime(6) NOT NULL, "ip_address" varchar, "metadata" text, "resource_id" integer, "resource_type" varchar, "updated_at" datetime(6) NOT NULL, "user_id" integer NOT NULL) /*application='J2cRentals'*/[0m
  [1m[35m (0.1ms)[0m  [1m[35mCREATE INDEX "tindex_aadmin_actions_on_user_id" ON "aadmin_actions" ("user_id") /*application='J2cRentals'*/[0m
  [1m[35m (0.1ms)[0m  [1m[35mCREATE INDEX "tindex_aadmin_actions_on_resource_type_and_resource_id" ON "aadmin_actions" ("resource_type", "resource_id") /*application='J2cRentals'*/[0m
  [1m[35m (0.1ms)[0m  [1m[35mCREATE INDEX "tindex_aadmin_actions_on_action" ON "aadmin_actions" ("action") /*application='J2cRentals'*/[0m
  [1m[35mSQL (0.1ms)[0m  [1m[32mINSERT INTO "aadmin_actions" ("id","action","created_at","ip_address","metadata","resource_id","resource_type","updated_at","user_id")
                     SELECT "id","action","created_at","ip_address","metadata","resource_id","resource_type","updated_at","user_id" FROM "admin_actions" /*application='J2cRentals'*/[0m
  [1m[35m (0.2ms)[0m  [1m[35mDROP TABLE "admin_actions" /*application='J2cRentals'*/[0m
  [1m[35m (0.1ms)[0m  [1m[35mCREATE TABLE "admin_actions" ("id" integer PRIMARY KEY AUTOINCREMENT NOT NULL, "action" varchar, "created_at" datetime(6) NOT NULL, "ip_address" varchar, "metadata" text, "resource_id" integer, "resource_type" varchar, "updated_at" datetime(6) NOT NULL, "user_id" integer NOT NULL, CONSTRAINT "fk_rails_dab1c25d0d"
FOREIGN KEY ("user_id")
  REFERENCES "users" ("id")
) /*application='J2cRentals'*/[0m
  [1m[35m (0.1ms)[0m  [1m[35mCREATE INDEX "index_admin_actions_on_action" ON "admin_actions" ("action") /*application='J2cRentals'*/[0m
  [1m[35m (0.1ms)[0m  [1m[35mCREATE INDEX "index_admin_actions_on_resource_type_and_resource_id" ON "admin_actions" ("resource_type", "resource_id") /*application='J2cRentals'*/[0m
  [1m[35m (0.1ms)[0m  [1m[35mCREATE INDEX "index_admin_actions_on_user_id" ON "admin_actions" ("user_id") /*application='J2cRentals'*/[0m
  [1m[35mSQL (0.0ms)[0m  [1m[32mINSERT INTO "admin_actions" ("id","action","created_at","ip_address","metadata","resource_id","resource_type","updated_at","user_id")
                     SELECT "id","action","created_at","ip_address","metadata","resource_id","resource_type","updated_at","user_id" FROM "aadmin_actions" /*application='J2cRentals'*/[0m
  [1m[35m (0.1ms)[0m  [1m[35mDROP TABLE "aadmin_actions" /*application='J2cRentals'*/[0m
  [1m[36mTRANSACTION (0.1ms)[0m  [1m[35mCOMMIT TRANSACTION /*application='J2cRentals'*/[0m
  [1m[35m (0.0ms)[0m  [1m[35mPRAGMA defer_foreign_keys = 0 /*application='J2cRentals'*/[0m
  [1m[35m (0.0ms)[0m  [1m[35mPRAGMA foreign_keys = 1 /*application='J2cRentals'*/[0m
  [1m[35m (0.0ms)[0m  [1m[35mPRAGMA foreign_keys /*application='J2cRentals'*/[0m
  [1m[35m (0.0ms)[0m  [1m[35mPRAGMA defer_foreign_keys /*application='J2cRentals'*/[0m
  [1m[35m (0.1ms)[0m  [1m[35mPRAGMA defer_foreign_keys = ON /*application='J2cRentals'*/[0m
  [1m[35m (0.0ms)[0m  [1m[35mPRAGMA foreign_keys = OFF /*application='J2cRentals'*/[0m
  [1m[36mTRANSACTION (0.1ms)[0m  [1m[35mBEGIN immediate TRANSACTION /*application='J2cRentals'*/[0m
  [1m[35m (0.1ms)[0m  [1m[35mCREATE TEMPORARY TABLE "aadmin_invitations" ("id" integer PRIMARY KEY AUTOINCREMENT NOT NULL, "accepted_at" datetime(6), "created_at" datetime(6) NOT NULL, "email" varchar, "expires_at" datetime(6), "invited_by_id" integer NOT NULL, "role" varchar, "token" varchar, "updated_at" datetime(6) NOT NULL) /*application='J2cRentals'*/[0m
  [1m[35m (0.1ms)[0m  [1m[35mCREATE UNIQUE INDEX "tindex_aadmin_invitations_on_token" ON "aadmin_invitations" ("token") /*application='J2cRentals'*/[0m
  [1m[35m (0.1ms)[0m  [1m[35mCREATE INDEX "tindex_aadmin_invitations_on_role" ON "aadmin_invitations" ("role") /*application='J2cRentals'*/[0m
  [1m[35m (0.1ms)[0m  [1m[35mCREATE INDEX "tindex_aadmin_invitations_on_invited_by_id" ON "aadmin_invitations" ("invited_by_id") /*application='J2cRentals'*/[0m
  [1m[35m (0.1ms)[0m  [1m[35mCREATE INDEX "tindex_aadmin_invitations_on_email" ON "aadmin_invitations" ("email") /*application='J2cRentals'*/[0m
  [1m[35mSQL (0.0ms)[0m  [1m[32mINSERT INTO "aadmin_invitations" ("id","accepted_at","created_at","email","expires_at","invited_by_id","role","token","updated_at")
                     SELECT "id","accepted_at","created_at","email","expires_at","invited_by_id","role","token","updated_at" FROM "admin_invitations" /*application='J2cRentals'*/[0m
  [1m[35m (0.2ms)[0m  [1m[35mDROP TABLE "admin_invitations" /*application='J2cRentals'*/[0m
  [1m[35m (0.1ms)[0m  [1m[35mCREATE TABLE "admin_invitations" ("id" integer PRIMARY KEY AUTOINCREMENT NOT NULL, "accepted_at" datetime(6), "created_at" datetime(6) NOT NULL, "email" varchar, "expires_at" datetime(6), "invited_by_id" integer NOT NULL, "role" varchar, "token" varchar, "updated_at" datetime(6) NOT NULL, CONSTRAINT "fk_rails_49ad58b754"
FOREIGN KEY ("invited_by_id")
  REFERENCES "users" ("id")
) /*application='J2cRentals'*/[0m
  [1m[35m (0.1ms)[0m  [1m[35mCREATE INDEX "index_admin_invitations_on_email" ON "admin_invitations" ("email") /*application='J2cRentals'*/[0m
  [1m[35m (0.1ms)[0m  [1m[35mCREATE INDEX "index_admin_invitations_on_invited_by_id" ON "admin_invitations" ("invited_by_id") /*application='J2cRentals'*/[0m
  [1m[35m (0.1ms)[0m  [1m[35mCREATE INDEX "index_admin_invitations_on_role" ON "admin_invitations" ("role") /*application='J2cRentals'*/[0m
  [1m[35m (0.1ms)[0m  [1m[35mCREATE UNIQUE INDEX "index_admin_invitations_on_token" ON "admin_invitations" ("token") /*application='J2cRentals'*/[0m
  [1m[35mSQL (0.0ms)[0m  [1m[32mINSERT INTO "admin_invitations" ("id","accepted_at","created_at","email","expires_at","invited_by_id","role","token","updated_at")
                     SELECT "id","accepted_at","created_at","email","expires_at","invited_by_id","role","token","updated_at" FROM "aadmin_invitations" /*application='J2cRentals'*/[0m
  [1m[35m (0.1ms)[0m  [1m[35mDROP TABLE "aadmin_invitations" /*application='J2cRentals'*/[0m
  [1m[36mTRANSACTION (0.1ms)[0m  [1m[35mCOMMIT TRANSACTION /*application='J2cRentals'*/[0m
  [1m[35m (0.0ms)[0m  [1m[35mPRAGMA defer_foreign_keys = 0 /*application='J2cRentals'*/[0m
  [1m[35m (0.0ms)[0m  [1m[35mPRAGMA foreign_keys = 1 /*application='J2cRentals'*/[0m
  [1m[35m (0.0ms)[0m  [1m[35mPRAGMA foreign_keys /*application='J2cRentals'*/[0m
  [1m[35m (0.0ms)[0m  [1m[35mPRAGMA defer_foreign_keys /*application='J2cRentals'*/[0m
  [1m[35m (0.0ms)[0m  [1m[35mPRAGMA defer_foreign_keys = ON /*application='J2cRentals'*/[0m
  [1m[35m (0.0ms)[0m  [1m[35mPRAGMA foreign_keys = OFF /*application='J2cRentals'*/[0m
  [1m[36mTRANSACTION (0.0ms)[0m  [1m[35mBEGIN immediate TRANSACTION /*application='J2cRentals'*/[0m
  [1m[35m (0.1ms)[0m  [1m[35mCREATE TEMPORARY TABLE "afavorites" ("id" integer PRIMARY KEY AUTOINCREMENT NOT NULL, "created_at" datetime(6) NOT NULL, "updated_at" datetime(6) NOT NULL, "user_id" integer NOT NULL, "vehicle_id" integer NOT NULL) /*application='J2cRentals'*/[0m
  [1m[35m (0.1ms)[0m  [1m[35mCREATE INDEX "tindex_afavorites_on_vehicle_id" ON "afavorites" ("vehicle_id") /*application='J2cRentals'*/[0m
  [1m[35m (0.0ms)[0m  [1m[35mCREATE INDEX "tindex_afavorites_on_user_id" ON "afavorites" ("user_id") /*application='J2cRentals'*/[0m
  [1m[35m (0.1ms)[0m  [1m[35mCREATE UNIQUE INDEX "tindex_afavorites_on_user_id_and_vehicle_id" ON "afavorites" ("user_id", "vehicle_id") /*application='J2cRentals'*/[0m
  [1m[35mSQL (0.0ms)[0m  [1m[32mINSERT INTO "afavorites" ("id","created_at","updated_at","user_id","vehicle_id")
                     SELECT "id","created_at","updated_at","user_id","vehicle_id" FROM "favorites" /*application='J2cRentals'*/[0m
  [1m[35m (0.1ms)[0m  [1m[35mDROP TABLE "favorites" /*application='J2cRentals'*/[0m
  [1m[35m (0.1ms)[0m  [1m[35mCREATE TABLE "favorites" ("id" integer PRIMARY KEY AUTOINCREMENT NOT NULL, "created_at" datetime(6) NOT NULL, "updated_at" datetime(6) NOT NULL, "user_id" integer NOT NULL, "vehicle_id" integer NOT NULL, CONSTRAINT "fk_rails_d15744e438"
FOREIGN KEY ("user_id")
  REFERENCES "users" ("id")
) /*application='J2cRentals'*/[0m
  [1m[35m (0.1ms)[0m  [1m[35mCREATE UNIQUE INDEX "index_favorites_on_user_id_and_vehicle_id" ON "favorites" ("user_id", "vehicle_id") /*application='J2cRentals'*/[0m
  [1m[35m (0.1ms)[0m  [1m[35mCREATE INDEX "index_favorites_on_user_id" ON "favorites" ("user_id") /*application='J2cRentals'*/[0m
  [1m[35m (0.2ms)[0m  [1m[35mCREATE INDEX "index_favorites_on_vehicle_id" ON "favorites" ("vehicle_id") /*application='J2cRentals'*/[0m
  [1m[35mSQL (0.1ms)[0m  [1m[32mINSERT INTO "favorites" ("id","created_at","updated_at","user_id","vehicle_id")
                     SELECT "id","created_at","updated_at","user_id","vehicle_id" FROM "afavorites" /*application='J2cRentals'*/[0m
  [1m[35m (0.1ms)[0m  [1m[35mDROP TABLE "afavorites" /*application='J2cRentals'*/[0m
  [1m[36mTRANSACTION (0.6ms)[0m  [1m[35mCOMMIT TRANSACTION /*application='J2cRentals'*/[0m
  [1m[35m (0.0ms)[0m  [1m[35mPRAGMA defer_foreign_keys = 0 /*application='J2cRentals'*/[0m
  [1m[35m (0.0ms)[0m  [1m[35mPRAGMA foreign_keys = 1 /*application='J2cRentals'*/[0m
  [1m[35m (0.0ms)[0m  [1m[35mPRAGMA foreign_keys /*application='J2cRentals'*/[0m
  [1m[35m (0.0ms)[0m  [1m[35mPRAGMA defer_foreign_keys /*application='J2cRentals'*/[0m
  [1m[35m (0.0ms)[0m  [1m[35mPRAGMA defer_foreign_keys = ON /*application='J2cRentals'*/[0m
  [1m[35m (0.0ms)[0m  [1m[35mPRAGMA foreign_keys = OFF /*application='J2cRentals'*/[0m
  [1m[36mTRANSACTION (0.0ms)[0m  [1m[35mBEGIN immediate TRANSACTION /*application='J2cRentals'*/[0m
  [1m[35m (0.1ms)[0m  [1m[35mCREATE TEMPORARY TABLE "afavorites" ("id" integer PRIMARY KEY AUTOINCREMENT NOT NULL, "created_at" datetime(6) NOT NULL, "updated_at" datetime(6) NOT NULL, "user_id" integer NOT NULL, "vehicle_id" integer NOT NULL) /*application='J2cRentals'*/[0m
  [1m[35m (0.1ms)[0m  [1m[35mCREATE INDEX "tindex_afavorites_on_vehicle_id" ON "afavorites" ("vehicle_id") /*application='J2cRentals'*/[0m
  [1m[35m (0.1ms)[0m  [1m[35mCREATE INDEX "tindex_afavorites_on_user_id" ON "afavorites" ("user_id") /*application='J2cRentals'*/[0m
  [1m[35m (0.1ms)[0m  [1m[35mCREATE UNIQUE INDEX "tindex_afavorites_on_user_id_and_vehicle_id" ON "afavorites" ("user_id", "vehicle_id") /*application='J2cRentals'*/[0m
  [1m[35mSQL (0.0ms)[0m  [1m[32mINSERT INTO "afavorites" ("id","created_at","updated_at","user_id","vehicle_id")
                     SELECT "id","created_at","updated_at","user_id","vehicle_id" FROM "favorites" /*application='J2cRentals'*/[0m
  [1m[35m (0.1ms)[0m  [1m[35mDROP TABLE "favorites" /*application='J2cRentals'*/[0m
  [1m[35m (0.1ms)[0m  [1m[35mCREATE TABLE "favorites" ("id" integer PRIMARY KEY AUTOINCREMENT NOT NULL, "created_at" datetime(6) NOT NULL, "updated_at" datetime(6) NOT NULL, "user_id" integer NOT NULL, "vehicle_id" integer NOT NULL, CONSTRAINT "fk_rails_d15744e438"
FOREIGN KEY ("user_id")
  REFERENCES "users" ("id")
, CONSTRAINT "fk_rails_bf41824145"
FOREIGN KEY ("vehicle_id")
  REFERENCES "vehicles" ("id")
) /*application='J2cRentals'*/[0m
  [1m[35m (0.1ms)[0m  [1m[35mCREATE UNIQUE INDEX "index_favorites_on_user_id_and_vehicle_id" ON "favorites" ("user_id", "vehicle_id") /*application='J2cRentals'*/[0m
  [1m[35m (0.1ms)[0m  [1m[35mCREATE INDEX "index_favorites_on_user_id" ON "favorites" ("user_id") /*application='J2cRentals'*/[0m
  [1m[35m (0.1ms)[0m  [1m[35mCREATE INDEX "index_favorites_on_vehicle_id" ON "favorites" ("vehicle_id") /*application='J2cRentals'*/[0m
  [1m[35mSQL (0.0ms)[0m  [1m[32mINSERT INTO "favorites" ("id","created_at","updated_at","user_id","vehicle_id")
                     SELECT "id","created_at","updated_at","user_id","vehicle_id" FROM "afavorites" /*application='J2cRentals'*/[0m
  [1m[35m (0.1ms)[0m  [1m[35mDROP TABLE "afavorites" /*application='J2cRentals'*/[0m
  [1m[36mTRANSACTION (0.2ms)[0m  [1m[35mCOMMIT TRANSACTION /*application='J2cRentals'*/[0m
  [1m[35m (0.0ms)[0m  [1m[35mPRAGMA defer_foreign_keys = 0 /*application='J2cRentals'*/[0m
  [1m[35m (0.0ms)[0m  [1m[35mPRAGMA foreign_keys = 1 /*application='J2cRentals'*/[0m
  [1m[35m (0.0ms)[0m  [1m[35mPRAGMA foreign_keys /*application='J2cRentals'*/[0m
  [1m[35m (0.0ms)[0m  [1m[35mPRAGMA defer_foreign_keys /*application='J2cRentals'*/[0m
  [1m[35m (0.0ms)[0m  [1m[35mPRAGMA defer_foreign_keys = ON /*application='J2cRentals'*/[0m
  [1m[35m (0.0ms)[0m  [1m[35mPRAGMA foreign_keys = OFF /*application='J2cRentals'*/[0m
  [1m[36mTRANSACTION (0.0ms)[0m  [1m[35mBEGIN immediate TRANSACTION /*application='J2cRentals'*/[0m
  [1m[35m (0.1ms)[0m  [1m[35mCREATE TEMPORARY TABLE "amaintenance_logs" ("id" integer PRIMARY KEY AUTOINCREMENT NOT NULL, "completed_on" date, "cost" decimal(10,2), "created_at" datetime(6) NOT NULL, "notes" text, "odometer" integer, "scheduled_on" date, "service_type" varchar, "status" varchar, "updated_at" datetime(6) NOT NULL, "vehicle_id" integer NOT NULL) /*application='J2cRentals'*/[0m
  [1m[35m (0.1ms)[0m  [1m[35mCREATE INDEX "tindex_amaintenance_logs_on_vehicle_id" ON "amaintenance_logs" ("vehicle_id") /*application='J2cRentals'*/[0m
  [1m[35m (0.1ms)[0m  [1m[35mCREATE INDEX "tindex_amaintenance_logs_on_status" ON "amaintenance_logs" ("status") /*application='J2cRentals'*/[0m
  [1m[35m (0.1ms)[0m  [1m[35mCREATE INDEX "tindex_amaintenance_logs_on_scheduled_on" ON "amaintenance_logs" ("scheduled_on") /*application='J2cRentals'*/[0m
  [1m[35mSQL (0.0ms)[0m  [1m[32mINSERT INTO "amaintenance_logs" ("id","completed_on","cost","created_at","notes","odometer","scheduled_on","service_type","status","updated_at","vehicle_id")
                     SELECT "id","completed_on","cost","created_at","notes","odometer","scheduled_on","service_type","status","updated_at","vehicle_id" FROM "maintenance_logs" /*application='J2cRentals'*/[0m
  [1m[35m (0.1ms)[0m  [1m[35mDROP TABLE "maintenance_logs" /*application='J2cRentals'*/[0m
  [1m[35m (0.1ms)[0m  [1m[35mCREATE TABLE "maintenance_logs" ("id" integer PRIMARY KEY AUTOINCREMENT NOT NULL, "completed_on" date, "cost" decimal(10,2), "created_at" datetime(6) NOT NULL, "notes" text, "odometer" integer, "scheduled_on" date, "service_type" varchar, "status" varchar, "updated_at" datetime(6) NOT NULL, "vehicle_id" integer NOT NULL, CONSTRAINT "fk_rails_3b1f0eb355"
FOREIGN KEY ("vehicle_id")
  REFERENCES "vehicles" ("id")
) /*application='J2cRentals'*/[0m
  [1m[35m (0.1ms)[0m  [1m[35mCREATE INDEX "index_maintenance_logs_on_scheduled_on" ON "maintenance_logs" ("scheduled_on") /*application='J2cRentals'*/[0m
  [1m[35m (0.1ms)[0m  [1m[35mCREATE INDEX "index_maintenance_logs_on_status" ON "maintenance_logs" ("status") /*application='J2cRentals'*/[0m
  [1m[35m (0.1ms)[0m  [1m[35mCREATE INDEX "index_maintenance_logs_on_vehicle_id" ON "maintenance_logs" ("vehicle_id") /*application='J2cRentals'*/[0m
  [1m[35mSQL (0.0ms)[0m  [1m[32mINSERT INTO "maintenance_logs" ("id","completed_on","cost","created_at","notes","odometer","scheduled_on","service_type","status","updated_at","vehicle_id")
                     SELECT "id","completed_on","cost","created_at","notes","odometer","scheduled_on","service_type","status","updated_at","vehicle_id" FROM "amaintenance_logs" /*application='J2cRentals'*/[0m
  [1m[35m (0.1ms)[0m  [1m[35mDROP TABLE "amaintenance_logs" /*application='J2cRentals'*/[0m
  [1m[36mTRANSACTION (0.1ms)[0m  [1m[35mCOMMIT TRANSACTION /*application='J2cRentals'*/[0m
  [1m[35m (0.0ms)[0m  [1m[35mPRAGMA defer_foreign_keys = 0 /*application='J2cRentals'*/[0m
  [1m[35m (0.0ms)[0m  [1m[35mPRAGMA foreign_keys = 1 /*application='J2cRentals'*/[0m
  [1m[35m (0.0ms)[0m  [1m[35mPRAGMA foreign_keys /*application='J2cRentals'*/[0m
  [1m[35m (0.0ms)[0m  [1m[35mPRAGMA defer_foreign_keys /*application='J2cRentals'*/[0m
  [1m[35m (0.0ms)[0m  [1m[35mPRAGMA defer_foreign_keys = ON /*application='J2cRentals'*/[0m
  [1m[35m (0.0ms)[0m  [1m[35mPRAGMA foreign_keys = OFF /*application='J2cRentals'*/[0m
  [1m[36mTRANSACTION (0.0ms)[0m  [1m[35mBEGIN immediate TRANSACTION /*application='J2cRentals'*/[0m
  [1m[35m (0.1ms)[0m  [1m[35mCREATE TEMPORARY TABLE "anotifications" ("id" integer PRIMARY KEY AUTOINCREMENT NOT NULL, "body" text, "created_at" datetime(6) NOT NULL, "kind" varchar, "read_at" datetime(6), "title" varchar, "updated_at" datetime(6) NOT NULL, "user_id" integer NOT NULL) /*application='J2cRentals'*/[0m
  [1m[35m (0.1ms)[0m  [1m[35mCREATE INDEX "tindex_anotifications_on_user_id" ON "anotifications" ("user_id") /*application='J2cRentals'*/[0m
  [1m[35m (0.1ms)[0m  [1m[35mCREATE INDEX "tindex_anotifications_on_read_at" ON "anotifications" ("read_at") /*application='J2cRentals'*/[0m
  [1m[35m (0.1ms)[0m  [1m[35mCREATE INDEX "tindex_anotifications_on_kind" ON "anotifications" ("kind") /*application='J2cRentals'*/[0m
  [1m[35mSQL (0.0ms)[0m  [1m[32mINSERT INTO "anotifications" ("id","body","created_at","kind","read_at","title","updated_at","user_id")
                     SELECT "id","body","created_at","kind","read_at","title","updated_at","user_id" FROM "notifications" /*application='J2cRentals'*/[0m
  [1m[35m (0.1ms)[0m  [1m[35mDROP TABLE "notifications" /*application='J2cRentals'*/[0m
  [1m[35m (0.1ms)[0m  [1m[35mCREATE TABLE "notifications" ("id" integer PRIMARY KEY AUTOINCREMENT NOT NULL, "body" text, "created_at" datetime(6) NOT NULL, "kind" varchar, "read_at" datetime(6), "title" varchar, "updated_at" datetime(6) NOT NULL, "user_id" integer NOT NULL, CONSTRAINT "fk_rails_b080fb4855"
FOREIGN KEY ("user_id")
  REFERENCES "users" ("id")
) /*application='J2cRentals'*/[0m
  [1m[35m (0.1ms)[0m  [1m[35mCREATE INDEX "index_notifications_on_kind" ON "notifications" ("kind") /*application='J2cRentals'*/[0m
  [1m[35m (0.1ms)[0m  [1m[35mCREATE INDEX "index_notifications_on_read_at" ON "notifications" ("read_at") /*application='J2cRentals'*/[0m
  [1m[35m (0.1ms)[0m  [1m[35mCREATE INDEX "index_notifications_on_user_id" ON "notifications" ("user_id") /*application='J2cRentals'*/[0m
  [1m[35mSQL (0.0ms)[0m  [1m[32mINSERT INTO "notifications" ("id","body","created_at","kind","read_at","title","updated_at","user_id")
                     SELECT "id","body","created_at","kind","read_at","title","updated_at","user_id" FROM "anotifications" /*application='J2cRentals'*/[0m
  [1m[35m (0.1ms)[0m  [1m[35mDROP TABLE "anotifications" /*application='J2cRentals'*/[0m
  [1m[36mTRANSACTION (0.1ms)[0m  [1m[35mCOMMIT TRANSACTION /*application='J2cRentals'*/[0m
  [1m[35m (0.0ms)[0m  [1m[35mPRAGMA defer_foreign_keys = 0 /*application='J2cRentals'*/[0m
  [1m[35m (0.0ms)[0m  [1m[35mPRAGMA foreign_keys = 1 /*application='J2cRentals'*/[0m
  [1m[35m (0.0ms)[0m  [1m[35mPRAGMA foreign_keys /*application='J2cRentals'*/[0m
  [1m[35m (0.0ms)[0m  [1m[35mPRAGMA defer_foreign_keys /*application='J2cRentals'*/[0m
  [1m[35m (0.0ms)[0m  [1m[35mPRAGMA defer_foreign_keys = ON /*application='J2cRentals'*/[0m
  [1m[35m (0.0ms)[0m  [1m[35mPRAGMA foreign_keys = OFF /*application='J2cRentals'*/[0m
  [1m[36mTRANSACTION (0.0ms)[0m  [1m[35mBEGIN immediate TRANSACTION /*application='J2cRentals'*/[0m
  [1m[35m (0.1ms)[0m  [1m[35mCREATE TEMPORARY TABLE "apayments" ("id" integer PRIMARY KEY AUTOINCREMENT NOT NULL, "amount" decimal(10,2), "created_at" datetime(6) NOT NULL, "metadata" text, "paid_at" datetime(6), "provider" varchar, "reservation_id" integer NOT NULL, "status" varchar DEFAULT 'Pending', "transaction_id" varchar, "updated_at" datetime(6) NOT NULL, "user_id" integer NOT NULL) /*application='J2cRentals'*/[0m
  [1m[35m (0.1ms)[0m  [1m[35mCREATE INDEX "tindex_apayments_on_user_id" ON "apayments" ("user_id") /*application='J2cRentals'*/[0m
  [1m[35m (0.1ms)[0m  [1m[35mCREATE UNIQUE INDEX "tindex_apayments_on_transaction_id" ON "apayments" ("transaction_id") /*application='J2cRentals'*/[0m
  [1m[35m (0.1ms)[0m  [1m[35mCREATE INDEX "tindex_apayments_on_status" ON "apayments" ("status") /*application='J2cRentals'*/[0m
  [1m[35m (0.1ms)[0m  [1m[35mCREATE INDEX "tindex_apayments_on_reservation_id" ON "apayments" ("reservation_id") /*application='J2cRentals'*/[0m
  [1m[35mSQL (0.0ms)[0m  [1m[32mINSERT INTO "apayments" ("id","amount","created_at","metadata","paid_at","provider","reservation_id","status","transaction_id","updated_at","user_id")
                     SELECT "id","amount","created_at","metadata","paid_at","provider","reservation_id","status","transaction_id","updated_at","user_id" FROM "payments" /*application='J2cRentals'*/[0m
  [1m[35m (0.2ms)[0m  [1m[35mDROP TABLE "payments" /*application='J2cRentals'*/[0m
  [1m[35m (0.1ms)[0m  [1m[35mCREATE TABLE "payments" ("id" integer PRIMARY KEY AUTOINCREMENT NOT NULL, "amount" decimal(10,2), "created_at" datetime(6) NOT NULL, "metadata" text, "paid_at" datetime(6), "provider" varchar, "reservation_id" integer NOT NULL, "status" varchar DEFAULT 'Pending', "transaction_id" varchar, "updated_at" datetime(6) NOT NULL, "user_id" integer NOT NULL, CONSTRAINT "fk_rails_1aad13b52c"
FOREIGN KEY ("reservation_id")
  REFERENCES "reservations" ("id")
) /*application='J2cRentals'*/[0m
  [1m[35m (0.1ms)[0m  [1m[35mCREATE INDEX "index_payments_on_reservation_id" ON "payments" ("reservation_id") /*application='J2cRentals'*/[0m
  [1m[35m (0.1ms)[0m  [1m[35mCREATE INDEX "index_payments_on_status" ON "payments" ("status") /*application='J2cRentals'*/[0m
  [1m[35m (0.1ms)[0m  [1m[35mCREATE UNIQUE INDEX "index_payments_on_transaction_id" ON "payments" ("transaction_id") /*application='J2cRentals'*/[0m
  [1m[35m (0.1ms)[0m  [1m[35mCREATE INDEX "index_payments_on_user_id" ON "payments" ("user_id") /*application='J2cRentals'*/[0m
  [1m[35mSQL (0.0ms)[0m  [1m[32mINSERT INTO "payments" ("id","amount","created_at","metadata","paid_at","provider","reservation_id","status","transaction_id","updated_at","user_id")
                     SELECT "id","amount","created_at","metadata","paid_at","provider","reservation_id","status","transaction_id","updated_at","user_id" FROM "apayments" /*application='J2cRentals'*/[0m
  [1m[35m (0.1ms)[0m  [1m[35mDROP TABLE "apayments" /*application='J2cRentals'*/[0m
  [1m[36mTRANSACTION (0.2ms)[0m  [1m[35mCOMMIT TRANSACTION /*application='J2cRentals'*/[0m
  [1m[35m (0.0ms)[0m  [1m[35mPRAGMA defer_foreign_keys = 0 /*application='J2cRentals'*/[0m
  [1m[35m (0.0ms)[0m  [1m[35mPRAGMA foreign_keys = 1 /*application='J2cRentals'*/[0m
  [1m[35m (0.0ms)[0m  [1m[35mPRAGMA foreign_keys /*application='J2cRentals'*/[0m
  [1m[35m (0.0ms)[0m  [1m[35mPRAGMA defer_foreign_keys /*application='J2cRentals'*/[0m
  [1m[35m (0.4ms)[0m  [1m[35mPRAGMA defer_foreign_keys = ON /*application='J2cRentals'*/[0m
  [1m[35m (0.1ms)[0m  [1m[35mPRAGMA foreign_keys = OFF /*application='J2cRentals'*/[0m
  [1m[36mTRANSACTION (0.0ms)[0m  [1m[35mBEGIN immediate TRANSACTION /*application='J2cRentals'*/[0m
  [1m[35m (0.1ms)[0m  [1m[35mCREATE TEMPORARY TABLE "apayments" ("id" integer PRIMARY KEY AUTOINCREMENT NOT NULL, "amount" decimal(10,2), "created_at" datetime(6) NOT NULL, "metadata" text, "paid_at" datetime(6), "provider" varchar, "reservation_id" integer NOT NULL, "status" varchar DEFAULT 'Pending', "transaction_id" varchar, "updated_at" datetime(6) NOT NULL, "user_id" integer NOT NULL) /*application='J2cRentals'*/[0m
  [1m[35m (0.1ms)[0m  [1m[35mCREATE INDEX "tindex_apayments_on_user_id" ON "apayments" ("user_id") /*application='J2cRentals'*/[0m
  [1m[35m (0.1ms)[0m  [1m[35mCREATE UNIQUE INDEX "tindex_apayments_on_transaction_id" ON "apayments" ("transaction_id") /*application='J2cRentals'*/[0m
  [1m[35m (0.1ms)[0m  [1m[35mCREATE INDEX "tindex_apayments_on_status" ON "apayments" ("status") /*application='J2cRentals'*/[0m
  [1m[35m (0.1ms)[0m  [1m[35mCREATE INDEX "tindex_apayments_on_reservation_id" ON "apayments" ("reservation_id") /*application='J2cRentals'*/[0m
  [1m[35mSQL (0.0ms)[0m  [1m[32mINSERT INTO "apayments" ("id","amount","created_at","metadata","paid_at","provider","reservation_id","status","transaction_id","updated_at","user_id")
                     SELECT "id","amount","created_at","metadata","paid_at","provider","reservation_id","status","transaction_id","updated_at","user_id" FROM "payments" /*application='J2cRentals'*/[0m
  [1m[35m (0.1ms)[0m  [1m[35mDROP TABLE "payments" /*application='J2cRentals'*/[0m
  [1m[35m (0.1ms)[0m  [1m[35mCREATE TABLE "payments" ("id" integer PRIMARY KEY AUTOINCREMENT NOT NULL, "amount" decimal(10,2), "created_at" datetime(6) NOT NULL, "metadata" text, "paid_at" datetime(6), "provider" varchar, "reservation_id" integer NOT NULL, "status" varchar DEFAULT 'Pending', "transaction_id" varchar, "updated_at" datetime(6) NOT NULL, "user_id" integer NOT NULL, CONSTRAINT "fk_rails_1aad13b52c"
FOREIGN KEY ("reservation_id")
  REFERENCES "reservations" ("id")
, CONSTRAINT "fk_rails_081dc04a02"
FOREIGN KEY ("user_id")
  REFERENCES "users" ("id")
) /*application='J2cRentals'*/[0m
  [1m[35m (0.1ms)[0m  [1m[35mCREATE INDEX "index_payments_on_reservation_id" ON "payments" ("reservation_id") /*application='J2cRentals'*/[0m
  [1m[35m (0.1ms)[0m  [1m[35mCREATE INDEX "index_payments_on_status" ON "payments" ("status") /*application='J2cRentals'*/[0m
  [1m[35m (0.1ms)[0m  [1m[35mCREATE UNIQUE INDEX "index_payments_on_transaction_id" ON "payments" ("transaction_id") /*application='J2cRentals'*/[0m
  [1m[35m (0.1ms)[0m  [1m[35mCREATE INDEX "index_payments_on_user_id" ON "payments" ("user_id") /*application='J2cRentals'*/[0m
  [1m[35mSQL (0.0ms)[0m  [1m[32mINSERT INTO "payments" ("id","amount","created_at","metadata","paid_at","provider","reservation_id","status","transaction_id","updated_at","user_id")
                     SELECT "id","amount","created_at","metadata","paid_at","provider","reservation_id","status","transaction_id","updated_at","user_id" FROM "apayments" /*application='J2cRentals'*/[0m
  [1m[35m (0.1ms)[0m  [1m[35mDROP TABLE "apayments" /*application='J2cRentals'*/[0m
  [1m[36mTRANSACTION (0.1ms)[0m  [1m[35mCOMMIT TRANSACTION /*application='J2cRentals'*/[0m
  [1m[35m (0.0ms)[0m  [1m[35mPRAGMA defer_foreign_keys = 0 /*application='J2cRentals'*/[0m
  [1m[35m (0.0ms)[0m  [1m[35mPRAGMA foreign_keys = 1 /*application='J2cRentals'*/[0m
  [1m[35m (0.0ms)[0m  [1m[35mPRAGMA foreign_keys /*application='J2cRentals'*/[0m
  [1m[35m (0.0ms)[0m  [1m[35mPRAGMA defer_foreign_keys /*application='J2cRentals'*/[0m
  [1m[35m (0.0ms)[0m  [1m[35mPRAGMA defer_foreign_keys = ON /*application='J2cRentals'*/[0m
  [1m[35m (0.0ms)[0m  [1m[35mPRAGMA foreign_keys = OFF /*application='J2cRentals'*/[0m
  [1m[36mTRANSACTION (0.0ms)[0m  [1m[35mBEGIN immediate TRANSACTION /*application='J2cRentals'*/[0m
  [1m[35m (0.1ms)[0m  [1m[35mCREATE TEMPORARY TABLE "arental_documents" ("id" integer PRIMARY KEY AUTOINCREMENT NOT NULL, "created_at" datetime(6) NOT NULL, "document_type" varchar, "file_name" varchar, "notes" text, "reservation_id" integer NOT NULL, "status" varchar, "updated_at" datetime(6) NOT NULL) /*application='J2cRentals'*/[0m
  [1m[35m (0.1ms)[0m  [1m[35mCREATE INDEX "tindex_arental_documents_on_status" ON "arental_documents" ("status") /*application='J2cRentals'*/[0m
  [1m[35m (0.1ms)[0m  [1m[35mCREATE INDEX "tindex_arental_documents_on_reservation_id" ON "arental_documents" ("reservation_id") /*application='J2cRentals'*/[0m
  [1m[35m (0.1ms)[0m  [1m[35mCREATE INDEX "tindex_arental_documents_on_document_type" ON "arental_documents" ("document_type") /*application='J2cRentals'*/[0m
  [1m[35mSQL (0.0ms)[0m  [1m[32mINSERT INTO "arental_documents" ("id","created_at","document_type","file_name","notes","reservation_id","status","updated_at")
                     SELECT "id","created_at","document_type","file_name","notes","reservation_id","status","updated_at" FROM "rental_documents" /*application='J2cRentals'*/[0m
  [1m[35m (0.1ms)[0m  [1m[35mDROP TABLE "rental_documents" /*application='J2cRentals'*/[0m
  [1m[35m (0.2ms)[0m  [1m[35mCREATE TABLE "rental_documents" ("id" integer PRIMARY KEY AUTOINCREMENT NOT NULL, "created_at" datetime(6) NOT NULL, "document_type" varchar, "file_name" varchar, "notes" text, "reservation_id" integer NOT NULL, "status" varchar, "updated_at" datetime(6) NOT NULL, CONSTRAINT "fk_rails_d393d0472e"
FOREIGN KEY ("reservation_id")
  REFERENCES "reservations" ("id")
) /*application='J2cRentals'*/[0m
  [1m[35m (0.1ms)[0m  [1m[35mCREATE INDEX "index_rental_documents_on_document_type" ON "rental_documents" ("document_type") /*application='J2cRentals'*/[0m
  [1m[35m (0.1ms)[0m  [1m[35mCREATE INDEX "index_rental_documents_on_reservation_id" ON "rental_documents" ("reservation_id") /*application='J2cRentals'*/[0m
  [1m[35m (0.1ms)[0m  [1m[35mCREATE INDEX "index_rental_documents_on_status" ON "rental_documents" ("status") /*application='J2cRentals'*/[0m
  [1m[35mSQL (0.0ms)[0m  [1m[32mINSERT INTO "rental_documents" ("id","created_at","document_type","file_name","notes","reservation_id","status","updated_at")
                     SELECT "id","created_at","document_type","file_name","notes","reservation_id","status","updated_at" FROM "arental_documents" /*application='J2cRentals'*/[0m
  [1m[35m (0.1ms)[0m  [1m[35mDROP TABLE "arental_documents" /*application='J2cRentals'*/[0m
  [1m[36mTRANSACTION (0.2ms)[0m  [1m[35mCOMMIT TRANSACTION /*application='J2cRentals'*/[0m
  [1m[35m (0.0ms)[0m  [1m[35mPRAGMA defer_foreign_keys = 0 /*application='J2cRentals'*/[0m
  [1m[35m (0.0ms)[0m  [1m[35mPRAGMA foreign_keys = 1 /*application='J2cRentals'*/[0m
  [1m[35m (0.0ms)[0m  [1m[35mPRAGMA foreign_keys /*application='J2cRentals'*/[0m
  [1m[35m (0.0ms)[0m  [1m[35mPRAGMA defer_foreign_keys /*application='J2cRentals'*/[0m
  [1m[35m (0.0ms)[0m  [1m[35mPRAGMA defer_foreign_keys = ON /*application='J2cRentals'*/[0m
  [1m[35m (0.0ms)[0m  [1m[35mPRAGMA foreign_keys = OFF /*application='J2cRentals'*/[0m
  [1m[36mTRANSACTION (0.0ms)[0m  [1m[35mBEGIN immediate TRANSACTION /*application='J2cRentals'*/[0m
  [1m[35m (0.1ms)[0m  [1m[35mCREATE TEMPORARY TABLE "areservations" ("id" integer PRIMARY KEY AUTOINCREMENT NOT NULL, "admin_notes" text, "cancellation_reason" text, "cancelled_at" datetime(6), "confirmation_code" varchar, "coupon_id" integer, "created_at" datetime(6) NOT NULL, "deposit_amount" decimal(10,2), "deposit_status" varchar DEFAULT 'Pending', "document_status" varchar DEFAULT 'Pending review', "driver_age" integer, "dropoff_date" date, "dropoff_location" varchar, "dropoff_time" varchar, "email" varchar, "extras" text, "first_name" varchar, "invoice_number" varchar, "last_name" varchar, "notes" text, "phone" varchar, "pickup_date" date, "pickup_location" varchar, "pickup_time" varchar, "pricing_snapshot" text, "protection_plan" varchar, "reviewed_at" datetime(6), "reviewed_by" varchar, "status" varchar, "total_price" decimal(10,2), "updated_at" datetime(6) NOT NULL, "user_id" integer, "vehicle_id" integer NOT NULL) /*application='J2cRentals'*/[0m
Started GET "/" for 127.0.0.1 at 2026-05-25 15:26:15 +0530
Started GET "/admin" for 127.0.0.1 at 2026-05-25 15:26:15 +0530
  [1m[35m (0.1ms)[0m  [1m[35mCREATE INDEX "tindex_areservations_on_vehicle_id" ON "areservations" ("vehicle_id") /*application='J2cRentals'*/[0m
  [1m[35m (0.1ms)[0m  [1m[35mCREATE INDEX "tindex_areservations_on_user_id" ON "areservations" ("user_id") /*application='J2cRentals'*/[0m
  [1m[35m (0.1ms)[0m  [1m[35mCREATE INDEX "tindex_areservations_on_status" ON "areservations" ("status") /*application='J2cRentals'*/[0m
  [1m[35m (0.1ms)[0m  [1m[35mCREATE UNIQUE INDEX "tindex_areservations_on_invoice_number" ON "areservations" ("invoice_number") /*application='J2cRentals'*/[0m
  [1m[35m (0.1ms)[0m  [1m[35mCREATE INDEX "tindex_areservations_on_document_status" ON "areservations" ("document_status") /*application='J2cRentals'*/[0m
  [1m[35m (0.1ms)[0m  [1m[35mCREATE INDEX "tindex_areservations_on_deposit_status" ON "areservations" ("deposit_status") /*application='J2cRentals'*/[0m
  [1m[35m (0.1ms)[0m  [1m[35mCREATE INDEX "tindex_areservations_on_coupon_id" ON "areservations" ("coupon_id") /*application='J2cRentals'*/[0m
  [1m[35m (0.1ms)[0m  [1m[35mCREATE UNIQUE INDEX "tindex_areservations_on_confirmation_code" ON "areservations" ("confirmation_code") /*application='J2cRentals'*/[0m
  [1m[35mSQL (0.2ms)[0m  [1m[32mINSERT INTO "areservations" ("id","admin_notes","cancellation_reason","cancelled_at","confirmation_code","coupon_id","created_at","deposit_amount","deposit_status","document_status","driver_age","dropoff_date","dropoff_location","dropoff_time","email","extras","first_name","invoice_number","last_name","notes","phone","pickup_date","pickup_location","pickup_time","pricing_snapshot","protection_plan","reviewed_at","reviewed_by","status","total_price","updated_at","user_id","vehicle_id")
                     SELECT "id","admin_notes","cancellation_reason","cancelled_at","confirmation_code","coupon_id","created_at","deposit_amount","deposit_status","document_status","driver_age","dropoff_date","dropoff_location","dropoff_time","email","extras","first_name","invoice_number","last_name","notes","phone","pickup_date","pickup_location","pickup_time","pricing_snapshot","protection_plan","reviewed_at","reviewed_by","status","total_price","updated_at","user_id","vehicle_id" FROM "reservations" /*application='J2cRentals'*/[0m
  [1m[35m (0.4ms)[0m  [1m[35mDROP TABLE "reservations" /*application='J2cRentals'*/[0m
  [1m[35m (0.2ms)[0m  [1m[35mCREATE TABLE "reservations" ("id" integer PRIMARY KEY AUTOINCREMENT NOT NULL, "admin_notes" text, "cancellation_reason" text, "cancelled_at" datetime(6), "confirmation_code" varchar, "coupon_id" integer, "created_at" datetime(6) NOT NULL, "deposit_amount" decimal(10,2), "deposit_status" varchar DEFAULT 'Pending', "document_status" varchar DEFAULT 'Pending review', "driver_age" integer, "dropoff_date" date, "dropoff_location" varchar, "dropoff_time" varchar, "email" varchar, "extras" text, "first_name" varchar, "invoice_number" varchar, "last_name" varchar, "notes" text, "phone" varchar, "pickup_date" date, "pickup_location" varchar, "pickup_time" varchar, "pricing_snapshot" text, "protection_plan" varchar, "reviewed_at" datetime(6), "reviewed_by" varchar, "status" varchar, "total_price" decimal(10,2), "updated_at" datetime(6) NOT NULL, "user_id" integer, "vehicle_id" integer NOT NULL, CONSTRAINT "fk_rails_5480f0692a"
FOREIGN KEY ("coupon_id")
  REFERENCES "coupons" ("id")
) /*application='J2cRentals'*/[0m
  [1m[35m (0.1ms)[0m  [1m[35mCREATE UNIQUE INDEX "index_reservations_on_confirmation_code" ON "reservations" ("confirmation_code") /*application='J2cRentals'*/[0m
  [1m[35m (0.1ms)[0m  [1m[35mCREATE INDEX "index_reservations_on_coupon_id" ON "reservations" ("coupon_id") /*application='J2cRentals'*/[0m
  [1m[35m (0.1ms)[0m  [1m[35mCREATE INDEX "index_reservations_on_deposit_status" ON "reservations" ("deposit_status") /*application='J2cRentals'*/[0m
  [1m[35m (0.1ms)[0m  [1m[35mCREATE INDEX "index_reservations_on_document_status" ON "reservations" ("document_status") /*application='J2cRentals'*/[0m
  [1m[35m (0.1ms)[0m  [1m[35mCREATE UNIQUE INDEX "index_reservations_on_invoice_number" ON "reservations" ("invoice_number") /*application='J2cRentals'*/[0m
  [1m[35m (0.1ms)[0m  [1m[35mCREATE INDEX "index_reservations_on_status" ON "reservations" ("status") /*application='J2cRentals'*/[0m
  [1m[35m (0.1ms)[0m  [1m[35mCREATE INDEX "index_reservations_on_user_id" ON "reservations" ("user_id") /*application='J2cRentals'*/[0m
  [1m[35m (0.1ms)[0m  [1m[35mCREATE INDEX "index_reservations_on_vehicle_id" ON "reservations" ("vehicle_id") /*application='J2cRentals'*/[0m
  [1m[35mSQL (0.1ms)[0m  [1m[32mINSERT INTO "reservations" ("id","admin_notes","cancellation_reason","cancelled_at","confirmation_code","coupon_id","created_at","deposit_amount","deposit_status","document_status","driver_age","dropoff_date","dropoff_location","dropoff_time","email","extras","first_name","invoice_number","last_name","notes","phone","pickup_date","pickup_location","pickup_time","pricing_snapshot","protection_plan","reviewed_at","reviewed_by","status","total_price","updated_at","user_id","vehicle_id")
                     SELECT "id","admin_notes","cancellation_reason","cancelled_at","confirmation_code","coupon_id","created_at","deposit_amount","deposit_status","document_status","driver_age","dropoff_date","dropoff_location","dropoff_time","email","extras","first_name","invoice_number","last_name","notes","phone","pickup_date","pickup_location","pickup_time","pricing_snapshot","protection_plan","reviewed_at","reviewed_by","status","total_price","updated_at","user_id","vehicle_id" FROM "areservations" /*application='J2cRentals'*/[0m
  [1m[35m (0.1ms)[0m  [1m[35mDROP TABLE "areservations" /*application='J2cRentals'*/[0m
  [1m[36mTRANSACTION (0.3ms)[0m  [1m[35mCOMMIT TRANSACTION /*application='J2cRentals'*/[0m
  [1m[35m (0.0ms)[0m  [1m[35mPRAGMA defer_foreign_keys = 0 /*application='J2cRentals'*/[0m
  [1m[35m (0.0ms)[0m  [1m[35mPRAGMA foreign_keys = 1 /*application='J2cRentals'*/[0m
  [1m[35m (0.0ms)[0m  [1m[35mPRAGMA foreign_keys /*application='J2cRentals'*/[0m
  [1m[35m (0.0ms)[0m  [1m[35mPRAGMA defer_foreign_keys /*application='J2cRentals'*/[0m
  [1m[35m (0.0ms)[0m  [1m[35mPRAGMA defer_foreign_keys = ON /*application='J2cRentals'*/[0m
  [1m[35m (0.0ms)[0m  [1m[35mPRAGMA foreign_keys = OFF /*application='J2cRentals'*/[0m
  [1m[36mTRANSACTION (0.0ms)[0m  [1m[35mBEGIN immediate TRANSACTION /*application='J2cRentals'*/[0m
  [1m[35m (0.1ms)[0m  [1m[35mCREATE TEMPORARY TABLE "areservations" ("id" integer PRIMARY KEY AUTOINCREMENT NOT NULL, "admin_notes" text, "cancellation_reason" text, "cancelled_at" datetime(6), "confirmation_code" varchar, "coupon_id" integer, "created_at" datetime(6) NOT NULL, "deposit_amount" decimal(10,2), "deposit_status" varchar DEFAULT 'Pending', "document_status" varchar DEFAULT 'Pending review', "driver_age" integer, "dropoff_date" date, "dropoff_location" varchar, "dropoff_time" varchar, "email" varchar, "extras" text, "first_name" varchar, "invoice_number" varchar, "last_name" varchar, "notes" text, "phone" varchar, "pickup_date" date, "pickup_location" varchar, "pickup_time" varchar, "pricing_snapshot" text, "protection_plan" varchar, "reviewed_at" datetime(6), "reviewed_by" varchar, "status" varchar, "total_price" decimal(10,2), "updated_at" datetime(6) NOT NULL, "user_id" integer, "vehicle_id" integer NOT NULL) /*application='J2cRentals'*/[0m
  [1m[35m (0.1ms)[0m  [1m[35mCREATE INDEX "tindex_areservations_on_vehicle_id" ON "areservations" ("vehicle_id") /*application='J2cRentals'*/[0m
  [1m[35m (0.1ms)[0m  [1m[35mCREATE INDEX "tindex_areservations_on_user_id" ON "areservations" ("user_id") /*application='J2cRentals'*/[0m
  [1m[35m (0.1ms)[0m  [1m[35mCREATE INDEX "tindex_areservations_on_status" ON "areservations" ("status") /*application='J2cRentals'*/[0m
  [1m[35m (0.1ms)[0m  [1m[35mCREATE UNIQUE INDEX "tindex_areservations_on_invoice_number" ON "areservations" ("invoice_number") /*application='J2cRentals'*/[0m
  [1m[35m (0.1ms)[0m  [1m[35mCREATE INDEX "tindex_areservations_on_document_status" ON "areservations" ("document_status") /*application='J2cRentals'*/[0m
  [1m[35m (0.1ms)[0m  [1m[35mCREATE INDEX "tindex_areservations_on_deposit_status" ON "areservations" ("deposit_status") /*application='J2cRentals'*/[0m
  [1m[35m (0.1ms)[0m  [1m[35mCREATE INDEX "tindex_areservations_on_coupon_id" ON "areservations" ("coupon_id") /*application='J2cRentals'*/[0m
  [1m[35m (0.1ms)[0m  [1m[35mCREATE UNIQUE INDEX "tindex_areservations_on_confirmation_code" ON "areservations" ("confirmation_code") /*application='J2cRentals'*/[0m
  [1m[35mSQL (0.0ms)[0m  [1m[32mINSERT INTO "areservations" ("id","admin_notes","cancellation_reason","cancelled_at","confirmation_code","coupon_id","created_at","deposit_amount","deposit_status","document_status","driver_age","dropoff_date","dropoff_location","dropoff_time","email","extras","first_name","invoice_number","last_name","notes","phone","pickup_date","pickup_location","pickup_time","pricing_snapshot","protection_plan","reviewed_at","reviewed_by","status","total_price","updated_at","user_id","vehicle_id")
                     SELECT "id","admin_notes","cancellation_reason","cancelled_at","confirmation_code","coupon_id","created_at","deposit_amount","deposit_status","document_status","driver_age","dropoff_date","dropoff_location","dropoff_time","email","extras","first_name","invoice_number","last_name","notes","phone","pickup_date","pickup_location","pickup_time","pricing_snapshot","protection_plan","reviewed_at","reviewed_by","status","total_price","updated_at","user_id","vehicle_id" FROM "reservations" /*application='J2cRentals'*/[0m
  [1m[35m (0.1ms)[0m  [1m[35mDROP TABLE "reservations" /*application='J2cRentals'*/[0m
  [1m[35m (0.1ms)[0m  [1m[35mCREATE TABLE "reservations" ("id" integer PRIMARY KEY AUTOINCREMENT NOT NULL, "admin_notes" text, "cancellation_reason" text, "cancelled_at" datetime(6), "confirmation_code" varchar, "coupon_id" integer, "created_at" datetime(6) NOT NULL, "deposit_amount" decimal(10,2), "deposit_status" varchar DEFAULT 'Pending', "document_status" varchar DEFAULT 'Pending review', "driver_age" integer, "dropoff_date" date, "dropoff_location" varchar, "dropoff_time" varchar, "email" varchar, "extras" text, "first_name" varchar, "invoice_number" varchar, "last_name" varchar, "notes" text, "phone" varchar, "pickup_date" date, "pickup_location" varchar, "pickup_time" varchar, "pricing_snapshot" text, "protection_plan" varchar, "reviewed_at" datetime(6), "reviewed_by" varchar, "status" varchar, "total_price" decimal(10,2), "updated_at" datetime(6) NOT NULL, "user_id" integer, "vehicle_id" integer NOT NULL, CONSTRAINT "fk_rails_5480f0692a"
FOREIGN KEY ("coupon_id")
  REFERENCES "coupons" ("id")
, CONSTRAINT "fk_rails_48a92fce51"
FOREIGN KEY ("user_id")
  REFERENCES "users" ("id")
) /*application='J2cRentals'*/[0m
  [1m[36mActiveRecord::SchemaMigration Load (0.2ms)[0m  [1m[34mSELECT "schema_migrations"."version" FROM "schema_migrations" ORDER BY "schema_migrations"."version" ASC /*application='J2cRentals'*/[0m
  [1m[35m (0.1ms)[0m  [1m[35mCREATE UNIQUE INDEX "index_reservations_on_confirmation_code" ON "reservations" ("confirmation_code") /*application='J2cRentals'*/[0m
  [1m[35m (0.1ms)[0m  [1m[35mCREATE INDEX "index_reservations_on_coupon_id" ON "reservations" ("coupon_id") /*application='J2cRentals'*/[0m
  [1m[35m (0.1ms)[0m  [1m[35mCREATE INDEX "index_reservations_on_deposit_status" ON "reservations" ("deposit_status") /*application='J2cRentals'*/[0m
  
ActionController::RoutingError (No route matches [GET] "/admin"):
  
  [1m[35m (0.1ms)[0m  [1m[35mCREATE INDEX "index_reservations_on_document_status" ON "reservations" ("document_status") /*application='J2cRentals'*/[0m
  [1m[35m (0.1ms)[0m  [1m[35mCREATE UNIQUE INDEX "index_reservations_on_invoice_number" ON "reservations" ("invoice_number") /*application='J2cRentals'*/[0m
  [1m[35m (0.1ms)[0m  [1m[35mCREATE INDEX "index_reservations_on_status" ON "reservations" ("status") /*application='J2cRentals'*/[0m
  [1m[35m (0.1ms)[0m  [1m[35mCREATE INDEX "index_reservations_on_user_id" ON "reservations" ("user_id") /*application='J2cRentals'*/[0m
  [1m[35m (0.1ms)[0m  [1m[35mCREATE INDEX "index_reservations_on_vehicle_id" ON "reservations" ("vehicle_id") /*application='J2cRentals'*/[0m
  [1m[35mSQL (0.1ms)[0m  [1m[32mINSERT INTO "reservations" ("id","admin_notes","cancellation_reason","cancelled_at","confirmation_code","coupon_id","created_at","deposit_amount","deposit_status","document_status","driver_age","dropoff_date","dropoff_location","dropoff_time","email","extras","first_name","invoice_number","last_name","notes","phone","pickup_date","pickup_location","pickup_time","pricing_snapshot","protection_plan","reviewed_at","reviewed_by","status","total_price","updated_at","user_id","vehicle_id")
                     SELECT "id","admin_notes","cancellation_reason","cancelled_at","confirmation_code","coupon_id","created_at","deposit_amount","deposit_status","document_status","driver_age","dropoff_date","dropoff_location","dropoff_time","email","extras","first_name","invoice_number","last_name","notes","phone","pickup_date","pickup_location","pickup_time","pricing_snapshot","protection_plan","reviewed_at","reviewed_by","status","total_price","updated_at","user_id","vehicle_id" FROM "areservations" /*application='J2cRentals'*/[0m
  [1m[35m (0.2ms)[0m  [1m[35mDROP TABLE "areservations" /*application='J2cRentals'*/[0m
  [1m[36mTRANSACTION (0.2ms)[0m  [1m[35mCOMMIT TRANSACTION /*application='J2cRentals'*/[0m
  [1m[35m (0.0ms)[0m  [1m[35mPRAGMA defer_foreign_keys = 0 /*application='J2cRentals'*/[0m
  [1m[35m (0.0ms)[0m  [1m[35mPRAGMA foreign_keys = 1 /*application='J2cRentals'*/[0m
  [1m[35m (0.0ms)[0m  [1m[35mPRAGMA foreign_keys /*application='J2cRentals'*/[0m
  [1m[35m (0.0ms)[0m  [1m[35mPRAGMA defer_foreign_keys /*application='J2cRentals'*/[0m
  [1m[35m (0.0ms)[0m  [1m[35mPRAGMA defer_foreign_keys = ON /*application='J2cRentals'*/[0m
  [1m[35m (0.0ms)[0m  [1m[35mPRAGMA foreign_keys = OFF /*application='J2cRentals'*/[0m
  [1m[36mTRANSACTION (0.0ms)[0m  [1m[35mBEGIN immediate TRANSACTION /*application='J2cRentals'*/[0m
  [1m[35m (0.1ms)[0m  [1m[35mCREATE TEMPORARY TABLE "areservations" ("id" integer PRIMARY KEY AUTOINCREMENT NOT NULL, "admin_notes" text, "cancellation_reason" text, "cancelled_at" datetime(6), "confirmation_code" varchar, "coupon_id" integer, "created_at" datetime(6) NOT NULL, "deposit_amount" decimal(10,2), "deposit_status" varchar DEFAULT 'Pending', "document_status" varchar DEFAULT 'Pending review', "driver_age" integer, "dropoff_date" date, "dropoff_location" varchar, "dropoff_time" varchar, "email" varchar, "extras" text, "first_name" varchar, "invoice_number" varchar, "last_name" varchar, "notes" text, "phone" varchar, "pickup_date" date, "pickup_location" varchar, "pickup_time" varchar, "pricing_snapshot" text, "protection_plan" varchar, "reviewed_at" datetime(6), "reviewed_by" varchar, "status" varchar, "total_price" decimal(10,2), "updated_at" datetime(6) NOT NULL, "user_id" integer, "vehicle_id" integer NOT NULL) /*application='J2cRentals'*/[0m
  [1m[35m (0.1ms)[0m  [1m[35mCREATE INDEX "tindex_areservations_on_vehicle_id" ON "areservations" ("vehicle_id") /*application='J2cRentals'*/[0m
  [1m[35m (0.1ms)[0m  [1m[35mCREATE INDEX "tindex_areservations_on_user_id" ON "areservations" ("user_id") /*application='J2cRentals'*/[0m
  [1m[35m (0.1ms)[0m  [1m[35mCREATE INDEX "tindex_areservations_on_status" ON "areservations" ("status") /*application='J2cRentals'*/[0m
  [1m[35m (0.1ms)[0m  [1m[35mCREATE UNIQUE INDEX "tindex_areservations_on_invoice_number" ON "areservations" ("invoice_number") /*application='J2cRentals'*/[0m
  [1m[35m (0.1ms)[0m  [1m[35mCREATE INDEX "tindex_areservations_on_document_status" ON "areservations" ("document_status") /*application='J2cRentals'*/[0m
  [1m[35m (0.1ms)[0m  [1m[35mCREATE INDEX "tindex_areservations_on_deposit_status" ON "areservations" ("deposit_status") /*application='J2cRentals'*/[0m
  [1m[35m (0.1ms)[0m  [1m[35mCREATE INDEX "tindex_areservations_on_coupon_id" ON "areservations" ("coupon_id") /*application='J2cRentals'*/[0m
  [1m[35m (0.1ms)[0m  [1m[35mCREATE UNIQUE INDEX "tindex_areservations_on_confirmation_code" ON "areservations" ("confirmation_code") /*application='J2cRentals'*/[0m
  [1m[35mSQL (0.0ms)[0m  [1m[32mINSERT INTO "areservations" ("id","admin_notes","cancellation_reason","cancelled_at","confirmation_code","coupon_id","created_at","deposit_amount","deposit_status","document_status","driver_age","dropoff_date","dropoff_location","dropoff_time","email","extras","first_name","invoice_number","last_name","notes","phone","pickup_date","pickup_location","pickup_time","pricing_snapshot","protection_plan","reviewed_at","reviewed_by","status","total_price","updated_at","user_id","vehicle_id")
                     SELECT "id","admin_notes","cancellation_reason","cancelled_at","confirmation_code","coupon_id","created_at","deposit_amount","deposit_status","document_status","driver_age","dropoff_date","dropoff_location","dropoff_time","email","extras","first_name","invoice_number","last_name","notes","phone","pickup_date","pickup_location","pickup_time","pricing_snapshot","protection_plan","reviewed_at","reviewed_by","status","total_price","updated_at","user_id","vehicle_id" FROM "reservations" /*application='J2cRentals'*/[0m
  [1m[35m (0.1ms)[0m  [1m[35mDROP TABLE "reservations" /*application='J2cRentals'*/[0m
  [1m[35m (0.1ms)[0m  [1m[35mCREATE TABLE "reservations" ("id" integer PRIMARY KEY AUTOINCREMENT NOT NULL, "admin_notes" text, "cancellation_reason" text, "cancelled_at" datetime(6), "confirmation_code" varchar, "coupon_id" integer, "created_at" datetime(6) NOT NULL, "deposit_amount" decimal(10,2), "deposit_status" varchar DEFAULT 'Pending', "document_status" varchar DEFAULT 'Pending review', "driver_age" integer, "dropoff_date" date, "dropoff_location" varchar, "dropoff_time" varchar, "email" varchar, "extras" text, "first_name" varchar, "invoice_number" varchar, "last_name" varchar, "notes" text, "phone" varchar, "pickup_date" date, "pickup_location" varchar, "pickup_time" varchar, "pricing_snapshot" text, "protection_plan" varchar, "reviewed_at" datetime(6), "reviewed_by" varchar, "status" varchar, "total_price" decimal(10,2), "updated_at" datetime(6) NOT NULL, "user_id" integer, "vehicle_id" integer NOT NULL, CONSTRAINT "fk_rails_48a92fce51"
FOREIGN KEY ("user_id")
  REFERENCES "users" ("id")
, CONSTRAINT "fk_rails_5480f0692a"
FOREIGN KEY ("coupon_id")
  REFERENCES "coupons" ("id")
, CONSTRAINT "fk_rails_fadbcd7cf7"
FOREIGN KEY ("vehicle_id")
  REFERENCES "vehicles" ("id")
) /*application='J2cRentals'*/[0m
  [1m[35m (0.1ms)[0m  [1m[35mCREATE UNIQUE INDEX "index_reservations_on_confirmation_code" ON "reservations" ("confirmation_code") /*application='J2cRentals'*/[0m
  [1m[35m (0.1ms)[0m  [1m[35mCREATE INDEX "index_reservations_on_coupon_id" ON "reservations" ("coupon_id") /*application='J2cRentals'*/[0m
  [1m[35m (0.1ms)[0m  [1m[35mCREATE INDEX "index_reservations_on_deposit_status" ON "reservations" ("deposit_status") /*application='J2cRentals'*/[0m
  [1m[35m (0.1ms)[0m  [1m[35mCREATE INDEX "index_reservations_on_document_status" ON "reservations" ("document_status") /*application='J2cRentals'*/[0m
  [1m[35m (0.1ms)[0m  [1m[35mCREATE UNIQUE INDEX "index_reservations_on_invoice_number" ON "reservations" ("invoice_number") /*application='J2cRentals'*/[0m
  [1m[35m (0.1ms)[0m  [1m[35mCREATE INDEX "index_reservations_on_status" ON "reservations" ("status") /*application='J2cRentals'*/[0m
  [1m[35m (0.1ms)[0m  [1m[35mCREATE INDEX "index_reservations_on_user_id" ON "reservations" ("user_id") /*application='J2cRentals'*/[0m
  [1m[35m (0.1ms)[0m  [1m[35mCREATE INDEX "index_reservations_on_vehicle_id" ON "reservations" ("vehicle_id") /*application='J2cRentals'*/[0m
  [1m[35mSQL (0.0ms)[0m  [1m[32mINSERT INTO "reservations" ("id","admin_notes","cancellation_reason","cancelled_at","confirmation_code","coupon_id","created_at","deposit_amount","deposit_status","document_status","driver_age","dropoff_date","dropoff_location","dropoff_time","email","extras","first_name","invoice_number","last_name","notes","phone","pickup_date","pickup_location","pickup_time","pricing_snapshot","protection_plan","reviewed_at","reviewed_by","status","total_price","updated_at","user_id","vehicle_id")
                     SELECT "id","admin_notes","cancellation_reason","cancelled_at","confirmation_code","coupon_id","created_at","deposit_amount","deposit_status","document_status","driver_age","dropoff_date","dropoff_location","dropoff_time","email","extras","first_name","invoice_number","last_name","notes","phone","pickup_date","pickup_location","pickup_time","pricing_snapshot","protection_plan","reviewed_at","reviewed_by","status","total_price","updated_at","user_id","vehicle_id" FROM "areservations" /*application='J2cRentals'*/[0m
  [1m[35m (0.5ms)[0m  [1m[35mDROP TABLE "areservations" /*application='J2cRentals'*/[0m
  [1m[36mTRANSACTION (0.4ms)[0m  [1m[35mCOMMIT TRANSACTION /*application='J2cRentals'*/[0m
  [1m[35m (0.0ms)[0m  [1m[35mPRAGMA defer_foreign_keys = 0 /*application='J2cRentals'*/[0m
  [1m[35m (0.0ms)[0m  [1m[35mPRAGMA foreign_keys = 1 /*application='J2cRentals'*/[0m
  [1m[35m (0.0ms)[0m  [1m[35mPRAGMA foreign_keys /*application='J2cRentals'*/[0m
Processing by HomeController#index as HTML
  [1m[35m (0.0ms)[0m  [1m[35mPRAGMA defer_foreign_keys /*application='J2cRentals'*/[0m
  [1m[35m (0.0ms)[0m  [1m[35mPRAGMA defer_foreign_keys = ON /*application='J2cRentals'*/[0m
  [1m[35m (0.0ms)[0m  [1m[35mPRAGMA foreign_keys = OFF /*application='J2cRentals'*/[0m
  [1m[36mTRANSACTION (0.0ms)[0m  [1m[35mBEGIN immediate TRANSACTION /*application='J2cRentals'*/[0m
  [1m[35m (0.1ms)[0m  [1m[35mCREATE TEMPORARY TABLE "areviews" ("id" integer PRIMARY KEY AUTOINCREMENT NOT NULL, "approved" boolean DEFAULT FALSE, "body" text, "created_at" datetime(6) NOT NULL, "rating" integer, "reservation_id" integer, "title" varchar, "updated_at" datetime(6) NOT NULL, "user_id" integer NOT NULL, "vehicle_id" integer NOT NULL) /*application='J2cRentals'*/[0m
  [1m[35m (0.1ms)[0m  [1m[35mCREATE INDEX "tindex_areviews_on_vehicle_id" ON "areviews" ("vehicle_id") /*application='J2cRentals'*/[0m
  [1m[35m (0.1ms)[0m  [1m[35mCREATE INDEX "tindex_areviews_on_user_id" ON "areviews" ("user_id") /*application='J2cRentals'*/[0m
  [1m[35m (0.1ms)[0m  [1m[35mCREATE INDEX "tindex_areviews_on_reservation_id" ON "areviews" ("reservation_id") /*application='J2cRentals'*/[0m
  [1m[35m (0.1ms)[0m  [1m[35mCREATE INDEX "tindex_areviews_on_rating" ON "areviews" ("rating") /*application='J2cRentals'*/[0m
  [1m[35m (0.1ms)[0m  [1m[35mCREATE INDEX "tindex_areviews_on_approved" ON "areviews" ("approved") /*application='J2cRentals'*/[0m
  [1m[35mSQL (0.0ms)[0m  [1m[32mINSERT INTO "areviews" ("id","approved","body","created_at","rating","reservation_id","title","updated_at","user_id","vehicle_id")
                     SELECT "id","approved","body","created_at","rating","reservation_id","title","updated_at","user_id","vehicle_id" FROM "reviews" /*application='J2cRentals'*/[0m
  [1m[35m (0.1ms)[0m  [1m[35mDROP TABLE "reviews" /*application='J2cRentals'*/[0m
  [1m[35m (0.1ms)[0m  [1m[35mCREATE TABLE "reviews" ("id" integer PRIMARY KEY AUTOINCREMENT NOT NULL, "approved" boolean DEFAULT FALSE, "body" text, "created_at" datetime(6) NOT NULL, "rating" integer, "reservation_id" integer, "title" varchar, "updated_at" datetime(6) NOT NULL, "user_id" integer NOT NULL, "vehicle_id" integer NOT NULL, CONSTRAINT "fk_rails_628a43e51f"
FOREIGN KEY ("reservation_id")
  REFERENCES "reservations" ("id")
) /*application='J2cRentals'*/[0m
  [1m[35m (0.1ms)[0m  [1m[35mCREATE INDEX "index_reviews_on_approved" ON "reviews" ("approved") /*application='J2cRentals'*/[0m
  [1m[35m (0.1ms)[0m  [1m[35mCREATE INDEX "index_reviews_on_rating" ON "reviews" ("rating") /*application='J2cRentals'*/[0m
  [1m[35m (0.1ms)[0m  [1m[35mCREATE INDEX "index_reviews_on_reservation_id" ON "reviews" ("reservation_id") /*application='J2cRentals'*/[0m
  [1m[35m (0.1ms)[0m  [1m[35mCREATE INDEX "index_reviews_on_user_id" ON "reviews" ("user_id") /*application='J2cRentals'*/[0m
  [1m[35m (0.1ms)[0m  [1m[35mCREATE INDEX "index_reviews_on_vehicle_id" ON "reviews" ("vehicle_id") /*application='J2cRentals'*/[0m
  [1m[35mSQL (0.1ms)[0m  [1m[32mINSERT INTO "reviews" ("id","approved","body","created_at","rating","reservation_id","title","updated_at","user_id","vehicle_id")
                     SELECT "id","approved","body","created_at","rating","reservation_id","title","updated_at","user_id","vehicle_id" FROM "areviews" /*application='J2cRentals'*/[0m
  [1m[35m (0.1ms)[0m  [1m[35mDROP TABLE "areviews" /*application='J2cRentals'*/[0m
  [1m[36mTRANSACTION (0.1ms)[0m  [1m[35mCOMMIT TRANSACTION /*application='J2cRentals'*/[0m
  [1m[35m (0.0ms)[0m  [1m[35mPRAGMA defer_foreign_keys = 0 /*application='J2cRentals'*/[0m
  [1m[35m (0.0ms)[0m  [1m[35mPRAGMA foreign_keys = 1 /*application='J2cRentals'*/[0m
  [1m[35m (0.0ms)[0m  [1m[35mPRAGMA foreign_keys /*application='J2cRentals'*/[0m
  [1m[35m (0.0ms)[0m  [1m[35mPRAGMA defer_foreign_keys /*application='J2cRentals'*/[0m
  [1m[35m (0.0ms)[0m  [1m[35mPRAGMA defer_foreign_keys = ON /*application='J2cRentals'*/[0m
  [1m[35m (0.0ms)[0m  [1m[35mPRAGMA foreign_keys = OFF /*application='J2cRentals'*/[0m
  [1m[36mTRANSACTION (0.0ms)[0m  [1m[35mBEGIN immediate TRANSACTION /*application='J2cRentals'*/[0m
  [1m[35m (0.1ms)[0m  [1m[35mCREATE TEMPORARY TABLE "areviews" ("id" integer PRIMARY KEY AUTOINCREMENT NOT NULL, "approved" boolean DEFAULT FALSE, "body" text, "created_at" datetime(6) NOT NULL, "rating" integer, "reservation_id" integer, "title" varchar, "updated_at" datetime(6) NOT NULL, "user_id" integer NOT NULL, "vehicle_id" integer NOT NULL) /*application='J2cRentals'*/[0m
  [1m[35m (0.1ms)[0m  [1m[35mCREATE INDEX "tindex_areviews_on_vehicle_id" ON "areviews" ("vehicle_id") /*application='J2cRentals'*/[0m
  [1m[35m (0.1ms)[0m  [1m[35mCREATE INDEX "tindex_areviews_on_user_id" ON "areviews" ("user_id") /*application='J2cRentals'*/[0m
  [1m[35m (0.1ms)[0m  [1m[35mCREATE INDEX "tindex_areviews_on_reservation_id" ON "areviews" ("reservation_id") /*application='J2cRentals'*/[0m
  [1m[35m (0.1ms)[0m  [1m[35mCREATE INDEX "tindex_areviews_on_rating" ON "areviews" ("rating") /*application='J2cRentals'*/[0m
  [1m[35m (0.1ms)[0m  [1m[35mCREATE INDEX "tindex_areviews_on_approved" ON "areviews" ("approved") /*application='J2cRentals'*/[0m
  [1m[35mSQL (0.0ms)[0m  [1m[32mINSERT INTO "areviews" ("id","approved","body","created_at","rating","reservation_id","title","updated_at","user_id","vehicle_id")
                     SELECT "id","approved","body","created_at","rating","reservation_id","title","updated_at","user_id","vehicle_id" FROM "reviews" /*application='J2cRentals'*/[0m
  [1m[35m (0.1ms)[0m  [1m[35mDROP TABLE "reviews" /*application='J2cRentals'*/[0m
  [1m[35m (0.1ms)[0m  [1m[35mCREATE TABLE "reviews" ("id" integer PRIMARY KEY AUTOINCREMENT NOT NULL, "approved" boolean DEFAULT FALSE, "body" text, "created_at" datetime(6) NOT NULL, "rating" integer, "reservation_id" integer, "title" varchar, "updated_at" datetime(6) NOT NULL, "user_id" integer NOT NULL, "vehicle_id" integer NOT NULL, CONSTRAINT "fk_rails_628a43e51f"
FOREIGN KEY ("reservation_id")
  REFERENCES "reservations" ("id")
, CONSTRAINT "fk_rails_74a66bd6c5"
FOREIGN KEY ("user_id")
  REFERENCES "users" ("id")
) /*application='J2cRentals'*/[0m
  [1m[35m (0.1ms)[0m  [1m[35mCREATE INDEX "index_reviews_on_approved" ON "reviews" ("approved") /*application='J2cRentals'*/[0m
  [1m[35m (0.1ms)[0m  [1m[35mCREATE INDEX "index_reviews_on_rating" ON "reviews" ("rating") /*application='J2cRentals'*/[0m
  [1m[35m (0.1ms)[0m  [1m[35mCREATE INDEX "index_reviews_on_reservation_id" ON "reviews" ("reservation_id") /*application='J2cRentals'*/[0m
  [1m[35m (0.1ms)[0m  [1m[35mCREATE INDEX "index_reviews_on_user_id" ON "reviews" ("user_id") /*application='J2cRentals'*/[0m
  [1m[35m (0.1ms)[0m  [1m[35mCREATE INDEX "index_reviews_on_vehicle_id" ON "reviews" ("vehicle_id") /*application='J2cRentals'*/[0m
  [1m[35mSQL (0.0ms)[0m  [1m[32mINSERT INTO "reviews" ("id","approved","body","created_at","rating","reservation_id","title","updated_at","user_id","vehicle_id")
                     SELECT "id","approved","body","created_at","rating","reservation_id","title","updated_at","user_id","vehicle_id" FROM "areviews" /*application='J2cRentals'*/[0m
  [1m[35m (0.1ms)[0m  [1m[35mDROP TABLE "areviews" /*application='J2cRentals'*/[0m
  [1m[36mTRANSACTION (0.2ms)[0m  [1m[35mCOMMIT TRANSACTION /*application='J2cRentals'*/[0m
  [1m[35m (0.0ms)[0m  [1m[35mPRAGMA defer_foreign_keys = 0 /*application='J2cRentals'*/[0m
  [1m[35m (0.0ms)[0m  [1m[35mPRAGMA foreign_keys = 1 /*application='J2cRentals'*/[0m
  [1m[35m (0.0ms)[0m  [1m[35mPRAGMA foreign_keys /*application='J2cRentals'*/[0m
  [1m[35m (0.0ms)[0m  [1m[35mPRAGMA defer_foreign_keys /*application='J2cRentals'*/[0m
  [1m[35m (0.0ms)[0m  [1m[35mPRAGMA defer_foreign_keys = ON /*application='J2cRentals'*/[0m
  [1m[35m (0.0ms)[0m  [1m[35mPRAGMA foreign_keys = OFF /*application='J2cRentals'*/[0m
  [1m[36mTRANSACTION (0.0ms)[0m  [1m[35mBEGIN immediate TRANSACTION /*application='J2cRentals'*/[0m
  [1m[35m (0.2ms)[0m  [1m[35mCREATE TEMPORARY TABLE "areviews" ("id" integer PRIMARY KEY AUTOINCREMENT NOT NULL, "approved" boolean DEFAULT FALSE, "body" text, "created_at" datetime(6) NOT NULL, "rating" integer, "reservation_id" integer, "title" varchar, "updated_at" datetime(6) NOT NULL, "user_id" integer NOT NULL, "vehicle_id" integer NOT NULL) /*application='J2cRentals'*/[0m
  [1m[35m (0.2ms)[0m  [1m[35mCREATE INDEX "tindex_areviews_on_vehicle_id" ON "areviews" ("vehicle_id") /*application='J2cRentals'*/[0m
  [1m[35m (0.1ms)[0m  [1m[35mCREATE INDEX "tindex_areviews_on_user_id" ON "areviews" ("user_id") /*application='J2cRentals'*/[0m
  [1m[35m (0.1ms)[0m  [1m[35mCREATE INDEX "tindex_areviews_on_reservation_id" ON "areviews" ("reservation_id") /*application='J2cRentals'*/[0m
  [1m[35m (0.1ms)[0m  [1m[35mCREATE INDEX "tindex_areviews_on_rating" ON "areviews" ("rating") /*application='J2cRentals'*/[0m
  [1m[35m (0.1ms)[0m  [1m[35mCREATE INDEX "tindex_areviews_on_approved" ON "areviews" ("approved") /*application='J2cRentals'*/[0m
  [1m[35mSQL (0.0ms)[0m  [1m[32mINSERT INTO "areviews" ("id","approved","body","created_at","rating","reservation_id","title","updated_at","user_id","vehicle_id")
                     SELECT "id","approved","body","created_at","rating","reservation_id","title","updated_at","user_id","vehicle_id" FROM "reviews" /*application='J2cRentals'*/[0m
  [1m[35m (0.1ms)[0m  [1m[35mDROP TABLE "reviews" /*application='J2cRentals'*/[0m
  [1m[35m (0.1ms)[0m  [1m[35mCREATE TABLE "reviews" ("id" integer PRIMARY KEY AUTOINCREMENT NOT NULL, "approved" boolean DEFAULT FALSE, "body" text, "created_at" datetime(6) NOT NULL, "rating" integer, "reservation_id" integer, "title" varchar, "updated_at" datetime(6) NOT NULL, "user_id" integer NOT NULL, "vehicle_id" integer NOT NULL, CONSTRAINT "fk_rails_74a66bd6c5"
FOREIGN KEY ("user_id")
  REFERENCES "users" ("id")
, CONSTRAINT "fk_rails_628a43e51f"
FOREIGN KEY ("reservation_id")
  REFERENCES "reservations" ("id")
, CONSTRAINT "fk_rails_62e13c78fd"
FOREIGN KEY ("vehicle_id")
  REFERENCES "vehicles" ("id")
) /*application='J2cRentals'*/[0m
  [1m[35m (0.1ms)[0m  [1m[35mCREATE INDEX "index_reviews_on_approved" ON "reviews" ("approved") /*application='J2cRentals'*/[0m
  [1m[35m (0.2ms)[0m  [1m[35mCREATE INDEX "index_reviews_on_rating" ON "reviews" ("rating") /*application='J2cRentals'*/[0m
  [1m[35m (0.1ms)[0m  [1m[35mCREATE INDEX "index_reviews_on_reservation_id" ON "reviews" ("reservation_id") /*application='J2cRentals'*/[0m
  [1m[35m (0.1ms)[0m  [1m[35mCREATE INDEX "index_reviews_on_user_id" ON "reviews" ("user_id") /*application='J2cRentals'*/[0m
  [1m[35m (0.1ms)[0m  [1m[35mCREATE INDEX "index_reviews_on_vehicle_id" ON "reviews" ("vehicle_id") /*application='J2cRentals'*/[0m
  [1m[35mSQL (0.0ms)[0m  [1m[32mINSERT INTO "reviews" ("id","approved","body","created_at","rating","reservation_id","title","updated_at","user_id","vehicle_id")
                     SELECT "id","approved","body","created_at","rating","reservation_id","title","updated_at","user_id","vehicle_id" FROM "areviews" /*application='J2cRentals'*/[0m
  [1m[35m (0.1ms)[0m  [1m[35mDROP TABLE "areviews" /*application='J2cRentals'*/[0m
  [1m[36mTRANSACTION (0.2ms)[0m  [1m[35mCOMMIT TRANSACTION /*application='J2cRentals'*/[0m
  [1m[35m (0.0ms)[0m  [1m[35mPRAGMA defer_foreign_keys = 0 /*application='J2cRentals'*/[0m
  [1m[35m (0.0ms)[0m  [1m[35mPRAGMA foreign_keys = 1 /*application='J2cRentals'*/[0m
  [1m[35m (0.0ms)[0m  [1m[35mPRAGMA foreign_keys /*application='J2cRentals'*/[0m
  [1m[35m (0.0ms)[0m  [1m[35mPRAGMA defer_foreign_keys /*application='J2cRentals'*/[0m
  [1m[35m (0.0ms)[0m  [1m[35mPRAGMA defer_foreign_keys = ON /*application='J2cRentals'*/[0m
  [1m[35m (0.0ms)[0m  [1m[35mPRAGMA foreign_keys = OFF /*application='J2cRentals'*/[0m
  [1m[36mTRANSACTION (0.0ms)[0m  [1m[35mBEGIN immediate TRANSACTION /*application='J2cRentals'*/[0m
  [1m[35m (0.1ms)[0m  [1m[35mCREATE TEMPORARY TABLE "asupport_tickets" ("id" integer PRIMARY KEY AUTOINCREMENT NOT NULL, "assigned_to" varchar, "category" varchar, "created_at" datetime(6) NOT NULL, "message" text, "priority" varchar DEFAULT 'Medium', "reservation_id" integer, "resolved_at" datetime(6), "status" varchar DEFAULT 'Open', "subject" varchar, "updated_at" datetime(6) NOT NULL, "user_id" integer NOT NULL) /*application='J2cRentals'*/[0m
  [1m[35m (0.1ms)[0m  [1m[35mCREATE INDEX "tindex_asupport_tickets_on_user_id" ON "asupport_tickets" ("user_id") /*application='J2cRentals'*/[0m
  [1m[35m (0.1ms)[0m  [1m[35mCREATE INDEX "tindex_asupport_tickets_on_status" ON "asupport_tickets" ("status") /*application='J2cRentals'*/[0m
  [1m[35m (0.1ms)[0m  [1m[35mCREATE INDEX "tindex_asupport_tickets_on_reservation_id" ON "asupport_tickets" ("reservation_id") /*application='J2cRentals'*/[0m
  [1m[35m (0.1ms)[0m  [1m[35mCREATE INDEX "tindex_asupport_tickets_on_priority" ON "asupport_tickets" ("priority") /*application='J2cRentals'*/[0m
  [1m[35mSQL (0.0ms)[0m  [1m[32mINSERT INTO "asupport_tickets" ("id","assigned_to","category","created_at","message","priority","reservation_id","resolved_at","status","subject","updated_at","user_id")
                     SELECT "id","assigned_to","category","created_at","message","priority","reservation_id","resolved_at","status","subject","updated_at","user_id" FROM "support_tickets" /*application='J2cRentals'*/[0m
  [1m[35m (0.1ms)[0m  [1m[35mDROP TABLE "support_tickets" /*application='J2cRentals'*/[0m
  [1m[35m (0.3ms)[0m  [1m[35mCREATE TABLE "support_tickets" ("id" integer PRIMARY KEY AUTOINCREMENT NOT NULL, "assigned_to" varchar, "category" varchar, "created_at" datetime(6) NOT NULL, "message" text, "priority" varchar DEFAULT 'Medium', "reservation_id" integer, "resolved_at" datetime(6), "status" varchar DEFAULT 'Open', "subject" varchar, "updated_at" datetime(6) NOT NULL, "user_id" integer NOT NULL, CONSTRAINT "fk_rails_2865a40ba3"
FOREIGN KEY ("reservation_id")
  REFERENCES "reservations" ("id")
) /*application='J2cRentals'*/[0m
  [1m[35m (0.1ms)[0m  [1m[35mCREATE INDEX "index_support_tickets_on_priority" ON "support_tickets" ("priority") /*application='J2cRentals'*/[0m
  [1m[35m (0.1ms)[0m  [1m[35mCREATE INDEX "index_support_tickets_on_reservation_id" ON "support_tickets" ("reservation_id") /*application='J2cRentals'*/[0m
  [1m[35m (0.1ms)[0m  [1m[35mCREATE INDEX "index_support_tickets_on_status" ON "support_tickets" ("status") /*application='J2cRentals'*/[0m
  Rendering layout layouts/application.html.erb
  Rendering home/index.html.erb within layouts/application
  [1m[35m (0.1ms)[0m  [1m[35mCREATE INDEX "index_support_tickets_on_user_id" ON "support_tickets" ("user_id") /*application='J2cRentals'*/[0m
  [1m[35mSQL (0.0ms)[0m  [1m[32mINSERT INTO "support_tickets" ("id","assigned_to","category","created_at","message","priority","reservation_id","resolved_at","status","subject","updated_at","user_id")
                     SELECT "id","assigned_to","category","created_at","message","priority","reservation_id","resolved_at","status","subject","updated_at","user_id" FROM "asupport_tickets" /*application='J2cRentals'*/[0m
  [1m[35m (0.1ms)[0m  [1m[35mDROP TABLE "asupport_tickets" /*application='J2cRentals'*/[0m
  [1m[36mTRANSACTION (0.1ms)[0m  [1m[35mCOMMIT TRANSACTION /*application='J2cRentals'*/[0m
  [1m[35m (0.0ms)[0m  [1m[35mPRAGMA defer_foreign_keys = 0 /*application='J2cRentals'*/[0m
  [1m[35m (0.0ms)[0m  [1m[35mPRAGMA foreign_keys = 1 /*application='J2cRentals'*/[0m
  [1m[35m (0.0ms)[0m  [1m[35mPRAGMA foreign_keys /*application='J2cRentals'*/[0m
  [1m[36mVehicle Load (0.2ms)[0m  [1m[34mSELECT "vehicles".* FROM "vehicles" WHERE "vehicles"."featured" = TRUE LIMIT 4 /*action='index',application='J2cRentals',controller='home'*/[0m
  [1m[35m (0.0ms)[0m  [1m[35mPRAGMA defer_foreign_keys /*application='J2cRentals'*/[0m
  ↳ app/views/home/index.html.erb:56
  [1m[35m (0.0ms)[0m  [1m[35mPRAGMA defer_foreign_keys = ON /*application='J2cRentals'*/[0m
  [1m[35m (0.1ms)[0m  [1m[35mPRAGMA foreign_keys = OFF /*application='J2cRentals'*/[0m
  [1m[36mTRANSACTION (0.1ms)[0m  [1m[35mBEGIN immediate TRANSACTION /*application='J2cRentals'*/[0m
  [1m[35m (0.1ms)[0m  [1m[35mCREATE TEMPORARY TABLE "asupport_tickets" ("id" integer PRIMARY KEY AUTOINCREMENT NOT NULL, "assigned_to" varchar, "category" varchar, "created_at" datetime(6) NOT NULL, "message" text, "priority" varchar DEFAULT 'Medium', "reservation_id" integer, "resolved_at" datetime(6), "status" varchar DEFAULT 'Open', "subject" varchar, "updated_at" datetime(6) NOT NULL, "user_id" integer NOT NULL) /*application='J2cRentals'*/[0m
  [1m[35m (0.1ms)[0m  [1m[35mCREATE INDEX "tindex_asupport_tickets_on_user_id" ON "asupport_tickets" ("user_id") /*application='J2cRentals'*/[0m
  [1m[35m (0.1ms)[0m  [1m[35mCREATE INDEX "tindex_asupport_tickets_on_status" ON "asupport_tickets" ("status") /*application='J2cRentals'*/[0m
  Rendered collection of vehicles/_vehicle.html.erb [4 times] (Duration: 3.3ms | GC: 0.0ms)
  Rendered home/index.html.erb within layouts/application (Duration: 23.9ms | GC: 0.0ms)
  [1m[35m (0.1ms)[0m  [1m[35mCREATE INDEX "tindex_asupport_tickets_on_reservation_id" ON "asupport_tickets" ("reservation_id") /*application='J2cRentals'*/[0m
  [1m[35m (0.1ms)[0m  [1m[35mCREATE INDEX "tindex_asupport_tickets_on_priority" ON "asupport_tickets" ("priority") /*application='J2cRentals'*/[0m
  Rendered layout layouts/application.html.erb (Duration: 29.8ms | GC: 0.0ms)
  [1m[35mSQL (0.0ms)[0m  [1m[32mINSERT INTO "asupport_tickets" ("id","assigned_to","category","created_at","message","priority","reservation_id","resolved_at","status","subject","updated_at","user_id")
                     SELECT "id","assigned_to","category","created_at","message","priority","reservation_id","resolved_at","status","subject","updated_at","user_id" FROM "support_tickets" /*application='J2cRentals'*/[0m
Completed 200 OK in 163ms (Views: 32.6ms | ActiveRecord: 4.0ms (1 query, 0 cached) | GC: 0.3ms)


  [1m[35m (0.1ms)[0m  [1m[35mDROP TABLE "support_tickets" /*application='J2cRentals'*/[0m
  [1m[35m (0.1ms)[0m  [1m[35mCREATE TABLE "support_tickets" ("id" integer PRIMARY KEY AUTOINCREMENT NOT NULL, "assigned_to" varchar, "category" varchar, "created_at" datetime(6) NOT NULL, "message" text, "priority" varchar DEFAULT 'Medium', "reservation_id" integer, "resolved_at" datetime(6), "status" varchar DEFAULT 'Open', "subject" varchar, "updated_at" datetime(6) NOT NULL, "user_id" integer NOT NULL, CONSTRAINT "fk_rails_2865a40ba3"
FOREIGN KEY ("reservation_id")
  REFERENCES "reservations" ("id")
, CONSTRAINT "fk_rails_d445c1f8e8"
FOREIGN KEY ("user_id")
  REFERENCES "users" ("id")
) /*application='J2cRentals'*/[0m
  [1m[35m (0.1ms)[0m  [1m[35mCREATE INDEX "index_support_tickets_on_priority" ON "support_tickets" ("priority") /*application='J2cRentals'*/[0m
  [1m[35m (0.1ms)[0m  [1m[35mCREATE INDEX "index_support_tickets_on_reservation_id" ON "support_tickets" ("reservation_id") /*application='J2cRentals'*/[0m
  [1m[35m (0.1ms)[0m  [1m[35mCREATE INDEX "index_support_tickets_on_status" ON "support_tickets" ("status") /*application='J2cRentals'*/[0m
  [1m[35m (0.1ms)[0m  [1m[35mCREATE INDEX "index_support_tickets_on_user_id" ON "support_tickets" ("user_id") /*application='J2cRentals'*/[0m
  [1m[35mSQL (0.0ms)[0m  [1m[32mINSERT INTO "support_tickets" ("id","assigned_to","category","created_at","message","priority","reservation_id","resolved_at","status","subject","updated_at","user_id")
                     SELECT "id","assigned_to","category","created_at","message","priority","reservation_id","resolved_at","status","subject","updated_at","user_id" FROM "asupport_tickets" /*application='J2cRentals'*/[0m
  [1m[35m (0.2ms)[0m  [1m[35mDROP TABLE "asupport_tickets" /*application='J2cRentals'*/[0m
  [1m[36mTRANSACTION (0.2ms)[0m  [1m[35mCOMMIT TRANSACTION /*application='J2cRentals'*/[0m
  [1m[35m (0.0ms)[0m  [1m[35mPRAGMA defer_foreign_keys = 0 /*application='J2cRentals'*/[0m
  [1m[35m (0.0ms)[0m  [1m[35mPRAGMA foreign_keys = 1 /*application='J2cRentals'*/[0m
  [1m[35m (0.0ms)[0m  [1m[35mPRAGMA foreign_keys /*application='J2cRentals'*/[0m
  [1m[35m (0.0ms)[0m  [1m[35mPRAGMA defer_foreign_keys /*application='J2cRentals'*/[0m
  [1m[35m (0.0ms)[0m  [1m[35mPRAGMA defer_foreign_keys = ON /*application='J2cRentals'*/[0m
  [1m[35m (0.0ms)[0m  [1m[35mPRAGMA foreign_keys = OFF /*application='J2cRentals'*/[0m
  [1m[36mTRANSACTION (0.0ms)[0m  [1m[35mBEGIN immediate TRANSACTION /*application='J2cRentals'*/[0m
  [1m[35m (0.1ms)[0m  [1m[35mCREATE TEMPORARY TABLE "auser_permissions" ("id" integer PRIMARY KEY AUTOINCREMENT NOT NULL, "created_at" datetime(6) NOT NULL, "permission_id" integer NOT NULL, "updated_at" datetime(6) NOT NULL, "user_id" integer NOT NULL) /*application='J2cRentals'*/[0m
  [1m[35m (0.1ms)[0m  [1m[35mCREATE INDEX "tindex_auser_permissions_on_user_id" ON "auser_permissions" ("user_id") /*application='J2cRentals'*/[0m
  [1m[35m (0.1ms)[0m  [1m[35mCREATE UNIQUE INDEX "tindex_auser_permissions_on_user_id_and_permission_id" ON "auser_permissions" ("user_id", "permission_id") /*application='J2cRentals'*/[0m
  [1m[35m (0.1ms)[0m  [1m[35mCREATE INDEX "tindex_auser_permissions_on_permission_id" ON "auser_permissions" ("permission_id") /*application='J2cRentals'*/[0m
  [1m[35mSQL (0.0ms)[0m  [1m[32mINSERT INTO "auser_permissions" ("id","created_at","permission_id","updated_at","user_id")
                     SELECT "id","created_at","permission_id","updated_at","user_id" FROM "user_permissions" /*application='J2cRentals'*/[0m
  [1m[35m (0.1ms)[0m  [1m[35mDROP TABLE "user_permissions" /*application='J2cRentals'*/[0m
  [1m[35m (0.1ms)[0m  [1m[35mCREATE TABLE "user_permissions" ("id" integer PRIMARY KEY AUTOINCREMENT NOT NULL, "created_at" datetime(6) NOT NULL, "permission_id" integer NOT NULL, "updated_at" datetime(6) NOT NULL, "user_id" integer NOT NULL, CONSTRAINT "fk_rails_e2cb0687d2"
FOREIGN KEY ("permission_id")
  REFERENCES "permissions" ("id")
) /*application='J2cRentals'*/[0m
  [1m[35m (0.1ms)[0m  [1m[35mCREATE INDEX "index_user_permissions_on_permission_id" ON "user_permissions" ("permission_id") /*application='J2cRentals'*/[0m
  [1m[35m (0.1ms)[0m  [1m[35mCREATE UNIQUE INDEX "index_user_permissions_on_user_id_and_permission_id" ON "user_permissions" ("user_id", "permission_id") /*application='J2cRentals'*/[0m
  [1m[35m (0.1ms)[0m  [1m[35mCREATE INDEX "index_user_permissions_on_user_id" ON "user_permissions" ("user_id") /*application='J2cRentals'*/[0m
  [1m[35mSQL (0.0ms)[0m  [1m[32mINSERT INTO "user_permissions" ("id","created_at","permission_id","updated_at","user_id")
                     SELECT "id","created_at","permission_id","updated_at","user_id" FROM "auser_permissions" /*application='J2cRentals'*/[0m
  [1m[35m (0.1ms)[0m  [1m[35mDROP TABLE "auser_permissions" /*application='J2cRentals'*/[0m
  [1m[36mTRANSACTION (0.2ms)[0m  [1m[35mCOMMIT TRANSACTION /*application='J2cRentals'*/[0m
  [1m[35m (0.0ms)[0m  [1m[35mPRAGMA defer_foreign_keys = 0 /*application='J2cRentals'*/[0m
  [1m[35m (0.1ms)[0m  [1m[35mPRAGMA foreign_keys = 1 /*application='J2cRentals'*/[0m
  [1m[35m (0.0ms)[0m  [1m[35mPRAGMA foreign_keys /*application='J2cRentals'*/[0m
  [1m[35m (0.0ms)[0m  [1m[35mPRAGMA defer_foreign_keys /*application='J2cRentals'*/[0m
  [1m[35m (0.0ms)[0m  [1m[35mPRAGMA defer_foreign_keys = ON /*application='J2cRentals'*/[0m
  [1m[35m (0.0ms)[0m  [1m[35mPRAGMA foreign_keys = OFF /*application='J2cRentals'*/[0m
  [1m[36mTRANSACTION (0.0ms)[0m  [1m[35mBEGIN immediate TRANSACTION /*application='J2cRentals'*/[0m
  [1m[35m (0.1ms)[0m  [1m[35mCREATE TEMPORARY TABLE "auser_permissions" ("id" integer PRIMARY KEY AUTOINCREMENT NOT NULL, "created_at" datetime(6) NOT NULL, "permission_id" integer NOT NULL, "updated_at" datetime(6) NOT NULL, "user_id" integer NOT NULL) /*application='J2cRentals'*/[0m
  [1m[35m (0.1ms)[0m  [1m[35mCREATE INDEX "tindex_auser_permissions_on_user_id" ON "auser_permissions" ("user_id") /*application='J2cRentals'*/[0m
  [1m[35m (0.1ms)[0m  [1m[35mCREATE UNIQUE INDEX "tindex_auser_permissions_on_user_id_and_permission_id" ON "auser_permissions" ("user_id", "permission_id") /*application='J2cRentals'*/[0m
  [1m[35m (0.1ms)[0m  [1m[35mCREATE INDEX "tindex_auser_permissions_on_permission_id" ON "auser_permissions" ("permission_id") /*application='J2cRentals'*/[0m
  [1m[35mSQL (0.0ms)[0m  [1m[32mINSERT INTO "auser_permissions" ("id","created_at","permission_id","updated_at","user_id")
                     SELECT "id","created_at","permission_id","updated_at","user_id" FROM "user_permissions" /*application='J2cRentals'*/[0m
  [1m[35m (0.1ms)[0m  [1m[35mDROP TABLE "user_permissions" /*application='J2cRentals'*/[0m
  [1m[35m (0.1ms)[0m  [1m[35mCREATE TABLE "user_permissions" ("id" integer PRIMARY KEY AUTOINCREMENT NOT NULL, "created_at" datetime(6) NOT NULL, "permission_id" integer NOT NULL, "updated_at" datetime(6) NOT NULL, "user_id" integer NOT NULL, CONSTRAINT "fk_rails_e2cb0687d2"
FOREIGN KEY ("permission_id")
  REFERENCES "permissions" ("id")
, CONSTRAINT "fk_rails_b29e483ce4"
FOREIGN KEY ("user_id")
  REFERENCES "users" ("id")
) /*application='J2cRentals'*/[0m
  [1m[35m (0.1ms)[0m  [1m[35mCREATE INDEX "index_user_permissions_on_permission_id" ON "user_permissions" ("permission_id") /*application='J2cRentals'*/[0m
  [1m[35m (0.1ms)[0m  [1m[35mCREATE UNIQUE INDEX "index_user_permissions_on_user_id_and_permission_id" ON "user_permissions" ("user_id", "permission_id") /*application='J2cRentals'*/[0m
  [1m[35m (0.1ms)[0m  [1m[35mCREATE INDEX "index_user_permissions_on_user_id" ON "user_permissions" ("user_id") /*application='J2cRentals'*/[0m
  [1m[35mSQL (0.0ms)[0m  [1m[32mINSERT INTO "user_permissions" ("id","created_at","permission_id","updated_at","user_id")
                     SELECT "id","created_at","permission_id","updated_at","user_id" FROM "auser_permissions" /*application='J2cRentals'*/[0m
  [1m[35m (0.1ms)[0m  [1m[35mDROP TABLE "auser_permissions" /*application='J2cRentals'*/[0m
  [1m[36mTRANSACTION (0.1ms)[0m  [1m[35mCOMMIT TRANSACTION /*application='J2cRentals'*/[0m
  [1m[35m (0.0ms)[0m  [1m[35mPRAGMA defer_foreign_keys = 0 /*application='J2cRentals'*/[0m
  [1m[35m (0.0ms)[0m  [1m[35mPRAGMA foreign_keys = 1 /*application='J2cRentals'*/[0m
  [1m[35m (0.1ms)[0m  [1m[35mCREATE TABLE "schema_migrations" ("version" varchar NOT NULL PRIMARY KEY) /*application='J2cRentals'*/[0m
  [1m[36mActiveRecord::SchemaMigration Load (0.0ms)[0m  [1m[34mSELECT "schema_migrations"."version" FROM "schema_migrations" ORDER BY "schema_migrations"."version" ASC /*application='J2cRentals'*/[0m
  [1m[35m (0.2ms)[0m  [1m[32mINSERT INTO "schema_migrations" (version) VALUES (20260525095409) /*application='J2cRentals'*/[0m
  [1m[35m (0.2ms)[0m  [1m[32mINSERT INTO "schema_migrations" (version) VALUES
(20260525095408),
(20260525095407),
(20260525092920),
(20260525092449),
(20260525092437),
(20260525092435),
(20260525092434),
(20260525092433),
(20260525092432),
(20260525092422),
(20260525092421),
(20260525092420),
(20260525092419),
(20260525091659),
(20260525091649),
(20260525091648),
(20260525085448),
(20260525085447); /*application='J2cRentals'*/[0m
  [1m[35m (0.5ms)[0m  [1m[35mCREATE TABLE "ar_internal_metadata" ("key" varchar NOT NULL PRIMARY KEY, "value" varchar, "created_at" datetime(6) NOT NULL, "updated_at" datetime(6) NOT NULL) /*application='J2cRentals'*/[0m
  [1m[36mActiveRecord::InternalMetadata Load (0.1ms)[0m  [1m[34mSELECT * FROM "ar_internal_metadata" WHERE "ar_internal_metadata"."key" = 'environment' ORDER BY "ar_internal_metadata"."key" ASC LIMIT 1 /*application='J2cRentals'*/[0m
  [1m[36mActiveRecord::InternalMetadata Create (0.2ms)[0m  [1m[32mINSERT INTO "ar_internal_metadata" ("key", "value", "created_at", "updated_at") VALUES ('environment', 'development', '2026-05-25 09:56:16.250104', '2026-05-25 09:56:16.250108') RETURNING "key" /*application='J2cRentals'*/[0m
  [1m[36mActiveRecord::InternalMetadata Load (0.1ms)[0m  [1m[34mSELECT * FROM "ar_internal_metadata" WHERE "ar_internal_metadata"."key" = 'environment' ORDER BY "ar_internal_metadata"."key" ASC LIMIT 1 /*application='J2cRentals'*/[0m
  [1m[36mActiveRecord::InternalMetadata Update (0.2ms)[0m  [1m[33mUPDATE "ar_internal_metadata" SET "value" = 'test', "updated_at" = '2026-05-25 09:56:16.253880' WHERE "ar_internal_metadata"."key" = 'environment' /*application='J2cRentals'*/[0m
  [1m[36mActiveRecord::InternalMetadata Load (0.1ms)[0m  [1m[34mSELECT * FROM "ar_internal_metadata" WHERE "ar_internal_metadata"."key" = 'schema_sha1' ORDER BY "ar_internal_metadata"."key" ASC LIMIT 1 /*application='J2cRentals'*/[0m
  [1m[36mActiveRecord::InternalMetadata Create (0.2ms)[0m  [1m[32mINSERT INTO "ar_internal_metadata" ("key", "value", "created_at", "updated_at") VALUES ('schema_sha1', 'd5d05269e62560697c456f1ffb4ead33ffb38718', '2026-05-25 09:56:16.257542', '2026-05-25 09:56:16.257544') RETURNING "key" /*application='J2cRentals'*/[0m
Started GET "/" for 127.0.0.1 at 2026-05-25 15:26:38 +0530
Processing by HomeController#index as HTML
  Rendering layout layouts/application.html.erb
  Rendering home/index.html.erb within layouts/application
  [1m[36mVehicle Load (0.2ms)[0m  [1m[34mSELECT "vehicles".* FROM "vehicles" WHERE "vehicles"."featured" = TRUE LIMIT 4 /*action='index',application='J2cRentals',controller='home'*/[0m
  ↳ app/views/home/index.html.erb:56
  [1m[36mUser Load (0.1ms)[0m  [1m[34mSELECT "users".* FROM "users" WHERE "users"."id" = 1 LIMIT 1 /*action='index',application='J2cRentals',controller='home'*/[0m
  ↳ app/controllers/application_controller.rb:10:in 'ApplicationController#current_user'
  [1m[36mCACHE User Load (0.0ms)[0m  [1m[34mSELECT "users".* FROM "users" WHERE "users"."id" = 1 LIMIT 1[0m
  ↳ app/controllers/application_controller.rb:10:in 'ApplicationController#current_user'
  [1m[36mCACHE User Load (0.0ms)[0m  [1m[34mSELECT "users".* FROM "users" WHERE "users"."id" = 1 LIMIT 1[0m
  ↳ app/controllers/application_controller.rb:10:in 'ApplicationController#current_user'
  [1m[36mCACHE User Load (0.0ms)[0m  [1m[34mSELECT "users".* FROM "users" WHERE "users"."id" = 1 LIMIT 1[0m
  ↳ app/controllers/application_controller.rb:10:in 'ApplicationController#current_user'
  Rendered collection of vehicles/_vehicle.html.erb [4 times] (Duration: 72.0ms | GC: 0.0ms)
  Rendered home/index.html.erb within layouts/application (Duration: 75.8ms | GC: 0.0ms)
  [1m[36mCACHE User Load (0.0ms)[0m  [1m[34mSELECT "users".* FROM "users" WHERE "users"."id" = 1 LIMIT 1[0m
  ↳ app/controllers/application_controller.rb:10:in 'ApplicationController#current_user'
  Rendered layout layouts/application.html.erb (Duration: 78.3ms | GC: 0.0ms)
Completed 200 OK in 85ms (Views: 78.9ms | ActiveRecord: 0.6ms (6 queries, 4 cached) | GC: 0.0ms)


Started GET "/vehicles" for 127.0.0.1 at 2026-05-25 15:26:40 +0530
Processing by VehiclesController#index as HTML
  Rendering layout layouts/application.html.erb
  Rendering vehicles/index.html.erb within layouts/application
  [1m[36mVehicle Count (0.2ms)[0m  [1m[34mSELECT COUNT(*) FROM "vehicles" WHERE "vehicles"."available" = TRUE /*action='index',application='J2cRentals',controller='vehicles'*/[0m
  ↳ app/views/vehicles/index.html.erb:20
  [1m[36mVehicle Load (0.3ms)[0m  [1m[34mSELECT "vehicles".* FROM "vehicles" WHERE "vehicles"."available" = TRUE ORDER BY "vehicles"."featured" DESC, "vehicles"."daily_rate" ASC /*action='index',application='J2cRentals',controller='vehicles'*/[0m
  ↳ app/views/vehicles/index.html.erb:23
  [1m[36mUser Load (0.1ms)[0m  [1m[34mSELECT "users".* FROM "users" WHERE "users"."id" = 1 LIMIT 1 /*action='index',application='J2cRentals',controller='vehicles'*/[0m
  ↳ app/controllers/application_controller.rb:10:in 'ApplicationController#current_user'
  [1m[36mCACHE User Load (0.0ms)[0m  [1m[34mSELECT "users".* FROM "users" WHERE "users"."id" = 1 LIMIT 1[0m
  ↳ app/controllers/application_controller.rb:10:in 'ApplicationController#current_user'
  [1m[36mCACHE User Load (0.0ms)[0m  [1m[34mSELECT "users".* FROM "users" WHERE "users"."id" = 1 LIMIT 1[0m
  ↳ app/controllers/application_controller.rb:10:in 'ApplicationController#current_user'
  [1m[36mCACHE User Load (0.0ms)[0m  [1m[34mSELECT "users".* FROM "users" WHERE "users"."id" = 1 LIMIT 1[0m
  ↳ app/controllers/application_controller.rb:10:in 'ApplicationController#current_user'
  [1m[36mCACHE User Load (0.0ms)[0m  [1m[34mSELECT "users".* FROM "users" WHERE "users"."id" = 1 LIMIT 1[0m
  ↳ app/controllers/application_controller.rb:10:in 'ApplicationController#current_user'
  [1m[36mCACHE User Load (0.0ms)[0m  [1m[34mSELECT "users".* FROM "users" WHERE "users"."id" = 1 LIMIT 1[0m
  ↳ app/controllers/application_controller.rb:10:in 'ApplicationController#current_user'
  [1m[36mCACHE User Load (0.0ms)[0m  [1m[34mSELECT "users".* FROM "users" WHERE "users"."id" = 1 LIMIT 1[0m
  ↳ app/controllers/application_controller.rb:10:in 'ApplicationController#current_user'
  [1m[36mCACHE User Load (0.0ms)[0m  [1m[34mSELECT "users".* FROM "users" WHERE "users"."id" = 1 LIMIT 1[0m
  ↳ app/controllers/application_controller.rb:10:in 'ApplicationController#current_user'
  Rendered collection of vehicles/_vehicle.html.erb [8 times] (Duration: 13.1ms | GC: 0.0ms)
  Rendered vehicles/index.html.erb within layouts/application (Duration: 19.2ms | GC: 0.0ms)
  [1m[36mCACHE User Load (0.0ms)[0m  [1m[34mSELECT "users".* FROM "users" WHERE "users"."id" = 1 LIMIT 1[0m
  ↳ app/controllers/application_controller.rb:10:in 'ApplicationController#current_user'
  Rendered layout layouts/application.html.erb (Duration: 21.1ms | GC: 0.0ms)
Completed 200 OK in 32ms (Views: 23.6ms | ActiveRecord: 0.7ms (11 queries, 8 cached) | GC: 0.0ms)


Started GET "/admin-portal/session/new" for 127.0.0.1 at 2026-05-25 15:26:40 +0530
Processing by Admin::SessionsController#new as HTML
  Rendering layout layouts/admin_auth.html.erb
  Rendering admin/sessions/new.html.erb within layouts/admin_auth
  Rendered admin/sessions/new.html.erb within layouts/admin_auth (Duration: 6.9ms | GC: 0.0ms)
  Rendered layout layouts/admin_auth.html.erb (Duration: 9.9ms | GC: 0.0ms)
Completed 200 OK in 19ms (Views: 12.3ms | ActiveRecord: 0.0ms (0 queries, 0 cached) | GC: 0.0ms)


Started GET "/admin-portal/session/new" for 127.0.0.1 at 2026-05-25 15:26:46 +0530
Processing by Admin::SessionsController#new as HTML
  Rendering layout layouts/admin_auth.html.erb
  Rendering admin/sessions/new.html.erb within layouts/admin_auth
  Rendered admin/sessions/new.html.erb within layouts/admin_auth (Duration: 0.7ms | GC: 0.0ms)
  Rendered layout layouts/admin_auth.html.erb (Duration: 1.4ms | GC: 0.0ms)
Completed 200 OK in 7ms (Views: 2.3ms | ActiveRecord: 0.0ms (0 queries, 0 cached) | GC: 0.0ms)


Started GET "/admin-portal/customers" for 127.0.0.1 at 2026-05-25 15:26:56 +0530
Processing by Admin::CustomersController#index as HTML
  [1m[36mUser Load (0.3ms)[0m  [1m[34mSELECT "users".* FROM "users" WHERE "users"."id" = 1 LIMIT 1 /*action='index',application='J2cRentals',controller='customers'*/[0m
  ↳ app/controllers/application_controller.rb:10:in 'ApplicationController#current_user'
Redirected to http://127.0.0.1:3000/admin-portal/session/new
↳ app/controllers/admin/base_controller.rb:12:in 'Admin::BaseController#require_admin!'
Filter chain halted as :require_admin! rendered or redirected
Completed 302 Found in 50ms (ActiveRecord: 0.3ms (1 query, 0 cached) | GC: 0.0ms)


Started GET "/admin-portal/session/new" for 127.0.0.1 at 2026-05-25 15:26:57 +0530
Processing by Admin::SessionsController#new as HTML
  Rendering layout layouts/admin_auth.html.erb
  Rendering admin/sessions/new.html.erb within layouts/admin_auth
  Rendered admin/sessions/new.html.erb within layouts/admin_auth (Duration: 2.4ms | GC: 0.0ms)
  Rendered layout layouts/admin_auth.html.erb (Duration: 7.2ms | GC: 0.0ms)
Completed 200 OK in 25ms (Views: 12.9ms | ActiveRecord: 0.0ms (0 queries, 0 cached) | GC: 0.0ms)


Started POST "/admin-portal/session" for 127.0.0.1 at 2026-05-25 15:27:08 +0530
Processing by Admin::SessionsController#create as HTML
  Parameters: {"authenticity_token" => "[FILTERED]", "email" => "[FILTERED]", "password" => "[FILTERED]", "commit" => "Enter admin portal"}
  [1m[36mUser Load (0.7ms)[0m  [1m[34mSELECT "users".* FROM "users" WHERE "users"."email" = 'admin@j2c.test' LIMIT 1 /*action='create',application='J2cRentals',controller='sessions'*/[0m
  ↳ app/controllers/admin/sessions_controller.rb:9:in 'Admin::SessionsController#create'
Redirected to http://127.0.0.1:3000/admin-portal/session/new
↳ app/controllers/admin/sessions_controller.rb:18:in 'Admin::SessionsController#create'
Completed 302 Found in 498ms (ActiveRecord: 1.2ms (1 query, 0 cached) | GC: 0.0ms)


Started GET "/admin-portal/session/new" for 127.0.0.1 at 2026-05-25 15:27:09 +0530
Processing by Admin::SessionsController#new as HTML
  Rendering layout layouts/admin_auth.html.erb
  Rendering admin/sessions/new.html.erb within layouts/admin_auth
  Rendered admin/sessions/new.html.erb within layouts/admin_auth (Duration: 2.5ms | GC: 0.0ms)
  Rendered layout layouts/admin_auth.html.erb (Duration: 6.3ms | GC: 0.0ms)
Completed 200 OK in 29ms (Views: 13.5ms | ActiveRecord: 0.0ms (0 queries, 0 cached) | GC: 0.0ms)


Started GET "/vehicles" for 127.0.0.1 at 2026-05-25 15:27:17 +0530
Processing by VehiclesController#index as HTML
  Rendering layout layouts/application.html.erb
  Rendering vehicles/index.html.erb within layouts/application
  [1m[36mVehicle Count (0.1ms)[0m  [1m[34mSELECT COUNT(*) FROM "vehicles" WHERE "vehicles"."available" = TRUE /*action='index',application='J2cRentals',controller='vehicles'*/[0m
  ↳ app/views/vehicles/index.html.erb:20
  [1m[36mVehicle Load (0.2ms)[0m  [1m[34mSELECT "vehicles".* FROM "vehicles" WHERE "vehicles"."available" = TRUE ORDER BY "vehicles"."featured" DESC, "vehicles"."daily_rate" ASC /*action='index',application='J2cRentals',controller='vehicles'*/[0m
  ↳ app/views/vehicles/index.html.erb:23
  Rendered collection of vehicles/_vehicle.html.erb [8 times] (Duration: 0.7ms | GC: 0.0ms)
  Rendered vehicles/index.html.erb within layouts/application (Duration: 4.4ms | GC: 0.0ms)
  Rendered layout layouts/application.html.erb (Duration: 5.4ms | GC: 0.0ms)
Completed 200 OK in 11ms (Views: 6.5ms | ActiveRecord: 0.3ms (2 queries, 0 cached) | GC: 0.0ms)


  [1m[36mUser Load (0.3ms)[0m  [1m[34mSELECT "users".* FROM "users" WHERE "users"."email" = 'admin@j2c.test' LIMIT 1 /*application='J2cRentals'*/[0m
  [1m[36mPermission Exists? (0.1ms)[0m  [1m[34mSELECT 1 AS one FROM "permissions" INNER JOIN "user_permissions" ON "permissions"."id" = "user_permissions"."permission_id" WHERE "user_permissions"."user_id" = 5 AND "permissions"."key" = 'team.manage' LIMIT 1 /*application='J2cRentals'*/[0m
  ↳ app/models/user.rb:50:in 'User#can?'
  [1m[36mReservation Load (0.2ms)[0m  [1m[34mSELECT "reservations".* FROM "reservations" ORDER BY "reservations"."id" ASC LIMIT 1 /*application='J2cRentals'*/[0m
  [1m[36mVehicle Load (0.2ms)[0m  [1m[34mSELECT "vehicles".* FROM "vehicles" WHERE "vehicles"."id" = 27 LIMIT 1 /*application='J2cRentals'*/[0m
  ↳ app/models/reservation.rb:84:in 'Reservation#calculate_total'
  [1m[36mCoupon Load (0.1ms)[0m  [1m[34mSELECT "coupons".* FROM "coupons" WHERE "coupons"."id" = 2 LIMIT 1 /*application='J2cRentals'*/[0m
  ↳ app/models/reservation.rb:89:in 'Reservation#calculate_total'
  [1m[36mReservation Exists? (0.2ms)[0m  [1m[34mSELECT 1 AS one FROM "reservations" WHERE "reservations"."vehicle_id" = 27 AND "reservations"."status" IN ('pending', 'approved', 'active') AND (pickup_date < '2026-05-30' AND dropoff_date > '2026-05-27') AND "reservations"."id" != 5 LIMIT 1 /*application='J2cRentals'*/[0m
  ↳ app/models/reservation.rb:112:in 'Reservation#vehicle_available_for_dates'
Started GET "/" for 127.0.0.1 at 2026-05-25 15:27:27 +0530
Processing by HomeController#index as HTML
  Rendering layout layouts/application.html.erb
  Rendering home/index.html.erb within layouts/application
  [1m[36mVehicle Load (0.3ms)[0m  [1m[34mSELECT "vehicles".* FROM "vehicles" WHERE "vehicles"."featured" = TRUE LIMIT 4 /*action='index',application='J2cRentals',controller='home'*/[0m
  ↳ app/views/home/index.html.erb:56
  Rendered collection of vehicles/_vehicle.html.erb [4 times] (Duration: 1.9ms | GC: 0.0ms)
  Rendered home/index.html.erb within layouts/application (Duration: 8.5ms | GC: 0.0ms)
  Rendered layout layouts/application.html.erb (Duration: 10.4ms | GC: 0.0ms)
Completed 200 OK in 19ms (Views: 11.7ms | ActiveRecord: 0.3ms (1 query, 0 cached) | GC: 0.0ms)


Started GET "/" for 127.0.0.1 at 2026-05-25 15:27:31 +0530
Processing by HomeController#index as HTML
  Rendering layout layouts/application.html.erb
  Rendering home/index.html.erb within layouts/application
  [1m[36mVehicle Load (0.7ms)[0m  [1m[34mSELECT "vehicles".* FROM "vehicles" WHERE "vehicles"."featured" = TRUE LIMIT 4 /*action='index',application='J2cRentals',controller='home'*/[0m
  ↳ app/views/home/index.html.erb:56
  [1m[36mUser Load (0.4ms)[0m  [1m[34mSELECT "users".* FROM "users" WHERE "users"."id" = 1 LIMIT 1 /*action='index',application='J2cRentals',controller='home'*/[0m
  ↳ app/controllers/application_controller.rb:10:in 'ApplicationController#current_user'
  [1m[36mCACHE User Load (0.0ms)[0m  [1m[34mSELECT "users".* FROM "users" WHERE "users"."id" = 1 LIMIT 1[0m
  ↳ app/controllers/application_controller.rb:10:in 'ApplicationController#current_user'
  [1m[36mCACHE User Load (0.0ms)[0m  [1m[34mSELECT "users".* FROM "users" WHERE "users"."id" = 1 LIMIT 1[0m
  ↳ app/controllers/application_controller.rb:10:in 'ApplicationController#current_user'
  [1m[36mCACHE User Load (0.0ms)[0m  [1m[34mSELECT "users".* FROM "users" WHERE "users"."id" = 1 LIMIT 1[0m
  ↳ app/controllers/application_controller.rb:10:in 'ApplicationController#current_user'
  Rendered collection of vehicles/_vehicle.html.erb [4 times] (Duration: 14.4ms | GC: 0.0ms)
  Rendered home/index.html.erb within layouts/application (Duration: 23.5ms | GC: 0.0ms)
  [1m[36mCACHE User Load (0.0ms)[0m  [1m[34mSELECT "users".* FROM "users" WHERE "users"."id" = 1 LIMIT 1[0m
  ↳ app/controllers/application_controller.rb:10:in 'ApplicationController#current_user'
  Rendered layout layouts/application.html.erb (Duration: 29.6ms | GC: 0.0ms)
Completed 200 OK in 43ms (Views: 30.8ms | ActiveRecord: 1.1ms (6 queries, 4 cached) | GC: 0.0ms)


Started GET "/vehicles" for 127.0.0.1 at 2026-05-25 15:27:33 +0530
Processing by VehiclesController#index as HTML
  Rendering layout layouts/application.html.erb
  Rendering vehicles/index.html.erb within layouts/application
  [1m[36mVehicle Count (0.4ms)[0m  [1m[34mSELECT COUNT(*) FROM "vehicles" WHERE "vehicles"."available" = TRUE /*action='index',application='J2cRentals',controller='vehicles'*/[0m
  ↳ app/views/vehicles/index.html.erb:20
  [1m[36mVehicle Load (0.6ms)[0m  [1m[34mSELECT "vehicles".* FROM "vehicles" WHERE "vehicles"."available" = TRUE ORDER BY "vehicles"."featured" DESC, "vehicles"."daily_rate" ASC /*action='index',application='J2cRentals',controller='vehicles'*/[0m
  ↳ app/views/vehicles/index.html.erb:23
  [1m[36mUser Load (0.3ms)[0m  [1m[34mSELECT "users".* FROM "users" WHERE "users"."id" = 1 LIMIT 1 /*action='index',application='J2cRentals',controller='vehicles'*/[0m
  ↳ app/controllers/application_controller.rb:10:in 'ApplicationController#current_user'
  [1m[36mCACHE User Load (0.0ms)[0m  [1m[34mSELECT "users".* FROM "users" WHERE "users"."id" = 1 LIMIT 1[0m
  ↳ app/controllers/application_controller.rb:10:in 'ApplicationController#current_user'
  [1m[36mCACHE User Load (0.0ms)[0m  [1m[34mSELECT "users".* FROM "users" WHERE "users"."id" = 1 LIMIT 1[0m
  ↳ app/controllers/application_controller.rb:10:in 'ApplicationController#current_user'
  [1m[36mCACHE User Load (0.0ms)[0m  [1m[34mSELECT "users".* FROM "users" WHERE "users"."id" = 1 LIMIT 1[0m
  ↳ app/controllers/application_controller.rb:10:in 'ApplicationController#current_user'
  [1m[36mCACHE User Load (0.0ms)[0m  [1m[34mSELECT "users".* FROM "users" WHERE "users"."id" = 1 LIMIT 1[0m
  ↳ app/controllers/application_controller.rb:10:in 'ApplicationController#current_user'
  [1m[36mCACHE User Load (0.0ms)[0m  [1m[34mSELECT "users".* FROM "users" WHERE "users"."id" = 1 LIMIT 1[0m
  ↳ app/controllers/application_controller.rb:10:in 'ApplicationController#current_user'
  [1m[36mCACHE User Load (0.0ms)[0m  [1m[34mSELECT "users".* FROM "users" WHERE "users"."id" = 1 LIMIT 1[0m
  ↳ app/controllers/application_controller.rb:10:in 'ApplicationController#current_user'
  [1m[36mCACHE User Load (0.0ms)[0m  [1m[34mSELECT "users".* FROM "users" WHERE "users"."id" = 1 LIMIT 1[0m
  ↳ app/controllers/application_controller.rb:10:in 'ApplicationController#current_user'
  Rendered collection of vehicles/_vehicle.html.erb [8 times] (Duration: 26.4ms | GC: 0.0ms)
  Rendered vehicles/index.html.erb within layouts/application (Duration: 39.1ms | GC: 0.0ms)
  [1m[36mCACHE User Load (0.0ms)[0m  [1m[34mSELECT "users".* FROM "users" WHERE "users"."id" = 1 LIMIT 1[0m
  ↳ app/controllers/application_controller.rb:10:in 'ApplicationController#current_user'
  Rendered layout layouts/application.html.erb (Duration: 46.2ms | GC: 0.0ms)
Completed 200 OK in 63ms (Views: 48.1ms | ActiveRecord: 1.4ms (11 queries, 8 cached) | GC: 0.0ms)


Started GET "/reservations/lookup" for 127.0.0.1 at 2026-05-25 15:27:42 +0530
Processing by ReservationsController#lookup as HTML
  Rendering layout layouts/application.html.erb
  Rendering reservations/lookup.html.erb within layouts/application
  Rendered reservations/lookup.html.erb within layouts/application (Duration: 16.1ms | GC: 0.0ms)
  Rendered layout layouts/application.html.erb (Duration: 19.7ms | GC: 0.0ms)
Completed 200 OK in 54ms (Views: 26.2ms | ActiveRecord: 0.0ms (0 queries, 0 cached) | GC: 0.0ms)


Started GET "/session/new" for 127.0.0.1 at 2026-05-25 15:27:47 +0530
Processing by SessionsController#new as HTML
  Rendering layout layouts/application.html.erb
  Rendering sessions/new.html.erb within layouts/application
  Rendered sessions/new.html.erb within layouts/application (Duration: 7.2ms | GC: 0.0ms)
  Rendered layout layouts/application.html.erb (Duration: 20.8ms | GC: 0.0ms)
Completed 200 OK in 80ms (Views: 37.9ms | ActiveRecord: 0.0ms (0 queries, 0 cached) | GC: 0.0ms)


Started GET "/admin-portal" for 127.0.0.1 at 2026-05-25 15:27:50 +0530
Started GET "/admin" for 127.0.0.1 at 2026-05-25 15:27:50 +0530
  
ActionController::RoutingError (No route matches [GET] "/admin"):
  
Processing by Admin::DashboardController#index as HTML
Redirected to http://127.0.0.1:3000/admin-portal/session/new
↳ app/controllers/admin/base_controller.rb:12:in 'Admin::BaseController#require_admin!'
Filter chain halted as :require_admin! rendered or redirected
Completed 302 Found in 63ms (ActiveRecord: 0.0ms (0 queries, 0 cached) | GC: 0.2ms)


Started GET "/admin-portal/session/new" for 127.0.0.1 at 2026-05-25 15:27:50 +0530
Processing by Admin::SessionsController#new as HTML
  Rendering layout layouts/admin_auth.html.erb
  Rendering admin/sessions/new.html.erb within layouts/admin_auth
  Rendered admin/sessions/new.html.erb within layouts/admin_auth (Duration: 1.3ms | GC: 0.0ms)
  Rendered layout layouts/admin_auth.html.erb (Duration: 2.8ms | GC: 0.0ms)
Completed 200 OK in 12ms (Views: 4.1ms | ActiveRecord: 0.0ms (0 queries, 0 cached) | GC: 0.0ms)


  [1m[36mPermission Count (14.3ms)[0m  [1m[34mSELECT COUNT(*) FROM "permissions" /*application='J2cRentals'*/[0m
  [1m[36mAdminInvitation Load (1.2ms)[0m  [1m[34mSELECT "admin_invitations".* FROM "admin_invitations" ORDER BY "admin_invitations"."id" ASC LIMIT 1 /*application='J2cRentals'*/[0m
  [1m[36mUser Load (0.4ms)[0m  [1m[34mSELECT "users".* FROM "users" WHERE "users"."email" = 'fleet@j2c.test' LIMIT 1 /*application='J2cRentals'*/[0m
  [1m[36mPermission Exists? (0.3ms)[0m  [1m[34mSELECT 1 AS one FROM "permissions" INNER JOIN "user_permissions" ON "permissions"."id" = "user_permissions"."permission_id" WHERE "user_permissions"."user_id" = 7 AND "permissions"."key" = 'fleet.manage' LIMIT 1 /*application='J2cRentals'*/[0m
  ↳ app/models/user.rb:50:in 'User#can?'
  [1m[36mUser Load (0.3ms)[0m  [1m[34mSELECT "users".* FROM "users" WHERE "users"."email" = 'support@j2c.test' LIMIT 1 /*application='J2cRentals'*/[0m
  [1m[36mPermission Exists? (0.3ms)[0m  [1m[34mSELECT 1 AS one FROM "permissions" INNER JOIN "user_permissions" ON "permissions"."id" = "user_permissions"."permission_id" WHERE "user_permissions"."user_id" = 8 AND "permissions"."key" = 'support.manage' LIMIT 1 /*application='J2cRentals'*/[0m
  ↳ app/models/user.rb:50:in 'User#can?'
Started GET "/admin-portal" for 127.0.0.1 at 2026-05-25 15:27:54 +0530
Processing by Admin::DashboardController#index as HTML
Redirected to http://127.0.0.1:3000/admin-portal/session/new
↳ app/controllers/admin/base_controller.rb:12:in 'Admin::BaseController#require_admin!'
Filter chain halted as :require_admin! rendered or redirected
Completed 302 Found in 17ms (ActiveRecord: 0.0ms (0 queries, 0 cached) | GC: 0.0ms)


Started GET "/admin-portal/session/new" for 127.0.0.1 at 2026-05-25 15:27:54 +0530
Processing by Admin::SessionsController#new as HTML
  Rendering layout layouts/admin_auth.html.erb
  Rendering admin/sessions/new.html.erb within layouts/admin_auth
  Rendered admin/sessions/new.html.erb within layouts/admin_auth (Duration: 1.7ms | GC: 0.0ms)
  Rendered layout layouts/admin_auth.html.erb (Duration: 5.6ms | GC: 0.0ms)
Completed 200 OK in 21ms (Views: 7.4ms | ActiveRecord: 0.0ms (0 queries, 0 cached) | GC: 0.0ms)


Started POST "/admin-portal/session" for 127.0.0.1 at 2026-05-25 15:28:34 +0530
Processing by Admin::SessionsController#create as HTML
  Parameters: {"authenticity_token" => "[FILTERED]", "email" => "[FILTERED]", "password" => "[FILTERED]", "commit" => "Enter admin portal"}
  [1m[36mUser Load (0.6ms)[0m  [1m[34mSELECT "users".* FROM "users" WHERE "users"."email" = 'admin@j2c.test' LIMIT 1 /*action='create',application='J2cRentals',controller='sessions'*/[0m
  ↳ app/controllers/admin/sessions_controller.rb:9:in 'Admin::SessionsController#create'
Redirected to http://127.0.0.1:3000/admin-portal/session/new
↳ app/controllers/admin/sessions_controller.rb:18:in 'Admin::SessionsController#create'
Completed 302 Found in 504ms (ActiveRecord: 0.6ms (1 query, 0 cached) | GC: 0.0ms)


Started GET "/admin-portal/session/new" for 127.0.0.1 at 2026-05-25 15:28:34 +0530
Processing by Admin::SessionsController#new as HTML
  Rendering layout layouts/admin_auth.html.erb
  Rendering admin/sessions/new.html.erb within layouts/admin_auth
  Rendered admin/sessions/new.html.erb within layouts/admin_auth (Duration: 3.1ms | GC: 0.0ms)
  Rendered layout layouts/admin_auth.html.erb (Duration: 6.6ms | GC: 0.0ms)
Completed 200 OK in 31ms (Views: 9.6ms | ActiveRecord: 0.0ms (0 queries, 0 cached) | GC: 0.0ms)


  [1m[36mAdminAction Load (0.1ms)[0m  [1m[34mSELECT "admin_actions".* FROM "admin_actions" ORDER BY "admin_actions"."id" DESC LIMIT 1 /*application='J2cRentals'*/[0m
  [1m[36mUser Load (0.3ms)[0m  [1m[34mSELECT "users".* FROM "users" ORDER BY "users"."id" DESC LIMIT 1 /*application='J2cRentals'*/[0m
  [1m[36mUser Load (0.3ms)[0m  [1m[34mSELECT "users".* FROM "users" /* loading for pp */ LIMIT 11 /*application='J2cRentals'*/[0m
  [1m[36mUser Load (0.2ms)[0m  [1m[34mSELECT "users".* FROM "users" WHERE "users"."id" = 6 LIMIT 1 /*application='J2cRentals'*/[0m
  [1m[36mUser Load (0.3ms)[0m  [1m[34mSELECT "users".* FROM "users" WHERE "users"."id" = 6 LIMIT 1 /*application='J2cRentals'*/[0m
  [1m[36mTRANSACTION (0.2ms)[0m  [1m[35mBEGIN immediate TRANSACTION /*application='J2cRentals'*/[0m
  [1m[36mUser Update (1.5ms)[0m  [1m[33mUPDATE "users" SET "password_digest" = '$2a$12$wAESGshf3XHyWpOcincydOqb04lzm1SYqPboWPG5KSb0sb6vNwdM.', "updated_at" = '2026-05-25 10:02:10.138795' WHERE "users"."id" = 6 /*application='J2cRentals'*/[0m
  [1m[36mTRANSACTION (36.4ms)[0m  [1m[35mCOMMIT TRANSACTION /*application='J2cRentals'*/[0m
Started POST "/admin-portal/session" for 127.0.0.1 at 2026-05-25 15:32:30 +0530
Processing by Admin::SessionsController#create as HTML
  Parameters: {"authenticity_token" => "[FILTERED]", "email" => "[FILTERED]", "password" => "[FILTERED]", "commit" => "Enter admin portal"}
  [1m[36mUser Load (1.3ms)[0m  [1m[34mSELECT "users".* FROM "users" WHERE "users"."email" = 'owner@j2c.test' LIMIT 1 /*action='create',application='J2cRentals',controller='sessions'*/[0m
  ↳ app/controllers/admin/sessions_controller.rb:9:in 'Admin::SessionsController#create'
  [1m[36mTRANSACTION (0.3ms)[0m  [1m[35mBEGIN immediate TRANSACTION /*action='create',application='J2cRentals',controller='sessions'*/[0m
  ↳ app/controllers/admin/sessions_controller.rb:13:in 'Admin::SessionsController#create'
  [1m[36mUser Update (0.3ms)[0m  [1m[33mUPDATE "users" SET "last_login_at" = '2026-05-25 10:02:31.190588', "updated_at" = '2026-05-25 10:02:31.200830' WHERE "users"."id" = 6 /*action='create',application='J2cRentals',controller='sessions'*/[0m
  ↳ app/controllers/admin/sessions_controller.rb:13:in 'Admin::SessionsController#create'
  [1m[36mTRANSACTION (0.3ms)[0m  [1m[35mCOMMIT TRANSACTION /*action='create',application='J2cRentals',controller='sessions'*/[0m
  ↳ app/controllers/admin/sessions_controller.rb:13:in 'Admin::SessionsController#create'
  [1m[36mTRANSACTION (0.2ms)[0m  [1m[35mBEGIN immediate TRANSACTION /*action='create',application='J2cRentals',controller='sessions'*/[0m
  ↳ app/controllers/admin/sessions_controller.rb:14:in 'Admin::SessionsController#create'
  [1m[36mAdminAction Create (9.3ms)[0m  [1m[32mINSERT INTO "admin_actions" ("user_id", "action", "resource_type", "resource_id", "ip_address", "metadata", "created_at", "updated_at") VALUES (6, 'admin.login', NULL, NULL, '127.0.0.1', '"{\"path\":\"/admin-portal/session\"}"', '2026-05-25 10:02:31.431407', '2026-05-25 10:02:31.431407') RETURNING "id" /*action='create',application='J2cRentals',controller='sessions'*/[0m
  ↳ app/controllers/admin/sessions_controller.rb:14:in 'Admin::SessionsController#create'
  [1m[36mTRANSACTION (0.3ms)[0m  [1m[35mCOMMIT TRANSACTION /*action='create',application='J2cRentals',controller='sessions'*/[0m
  ↳ app/controllers/admin/sessions_controller.rb:14:in 'Admin::SessionsController#create'
Redirected to http://127.0.0.1:3000/admin-portal
↳ app/controllers/admin/sessions_controller.rb:15:in 'Admin::SessionsController#create'
Completed 302 Found in 763ms (ActiveRecord: 19.1ms (3 queries, 0 cached) | GC: 0.0ms)


Started GET "/admin-portal" for 127.0.0.1 at 2026-05-25 15:32:31 +0530
Processing by Admin::DashboardController#index as HTML
  [1m[36mUser Load (0.5ms)[0m  [1m[34mSELECT "users".* FROM "users" WHERE "users"."id" = 6 LIMIT 1 /*action='index',application='J2cRentals',controller='dashboard'*/[0m
  ↳ app/controllers/application_controller.rb:10:in 'ApplicationController#current_user'
  [1m[36mVehicle Count (0.3ms)[0m  [1m[34mSELECT COUNT(*) FROM "vehicles" /*action='index',application='J2cRentals',controller='dashboard'*/[0m
  ↳ app/controllers/admin/dashboard_controller.rb:4:in 'Admin::DashboardController#index'
  [1m[36mReservation Count (0.2ms)[0m  [1m[34mSELECT COUNT(*) FROM "reservations" WHERE "reservations"."status" = 'pending' /*action='index',application='J2cRentals',controller='dashboard'*/[0m
  ↳ app/controllers/admin/dashboard_controller.rb:5:in 'Admin::DashboardController#index'
  [1m[36mReservation Count (0.2ms)[0m  [1m[34mSELECT COUNT(*) FROM "reservations" WHERE "reservations"."status" = 'active' /*action='index',application='J2cRentals',controller='dashboard'*/[0m
  ↳ app/controllers/admin/dashboard_controller.rb:6:in 'Admin::DashboardController#index'
  [1m[36mReservation Count (0.2ms)[0m  [1m[34mSELECT COUNT(*) FROM "reservations" WHERE "reservations"."status" = 'active' AND (dropoff_date < '2026-05-25') /*action='index',application='J2cRentals',controller='dashboard'*/[0m
  ↳ app/controllers/admin/dashboard_controller.rb:7:in 'Admin::DashboardController#index'
  [1m[36mMaintenanceLog Count (0.3ms)[0m  [1m[34mSELECT COUNT(*) FROM "maintenance_logs" WHERE "maintenance_logs"."status" IN ('Scheduled', 'Overdue') AND (scheduled_on <= '2026-06-01') /*action='index',application='J2cRentals',controller='dashboard'*/[0m
  ↳ app/controllers/admin/dashboard_controller.rb:8:in 'Admin::DashboardController#index'
  [1m[36mReservation Sum (0.3ms)[0m  [1m[34mSELECT SUM("reservations"."deposit_amount") FROM "reservations" WHERE "reservations"."deposit_status" = 'Paid' /*action='index',application='J2cRentals',controller='dashboard'*/[0m
  ↳ app/controllers/admin/dashboard_controller.rb:9:in 'Admin::DashboardController#index'
  [1m[36mPayment Sum (0.2ms)[0m  [1m[34mSELECT SUM("payments"."amount") FROM "payments" WHERE "payments"."status" = 'Paid' AND "payments"."paid_at" BETWEEN '2026-05-01 00:00:00' AND '2026-05-31 23:59:59.999999' /*action='index',application='J2cRentals',controller='dashboard'*/[0m
  ↳ app/controllers/admin/dashboard_controller.rb:10:in 'Admin::DashboardController#index'
  [1m[36mCACHE Vehicle Count (0.0ms)[0m  [1m[34mSELECT COUNT(*) FROM "vehicles"[0m
  ↳ app/controllers/admin/dashboard_controller.rb:11:in 'Admin::DashboardController#index'
  [1m[36mVehicle Load (0.2ms)[0m  [1m[34mSELECT "vehicles".* FROM "vehicles" /*action='index',application='J2cRentals',controller='dashboard'*/[0m
  ↳ app/controllers/admin/dashboard_controller.rb:11:in 'Admin::DashboardController#index'
  [1m[36mReservation Load (0.4ms)[0m  [1m[34mSELECT "reservations".* FROM "reservations" WHERE "reservations"."vehicle_id" = 25 AND "reservations"."status" IN ('approved', 'active', 'completed') /*action='index',application='J2cRentals',controller='dashboard'*/[0m
  ↳ app/models/vehicle.rb:35:in 'Vehicle#utilization_percent'
  [1m[36mReservation Load (0.7ms)[0m  [1m[34mSELECT "reservations".* FROM "reservations" WHERE "reservations"."vehicle_id" = 26 AND "reservations"."status" IN ('approved', 'active', 'completed') /*action='index',application='J2cRentals',controller='dashboard'*/[0m
  ↳ app/models/vehicle.rb:35:in 'Vehicle#utilization_percent'
  [1m[36mReservation Load (0.4ms)[0m  [1m[34mSELECT "reservations".* FROM "reservations" WHERE "reservations"."vehicle_id" = 27 AND "reservations"."status" IN ('approved', 'active', 'completed') /*action='index',application='J2cRentals',controller='dashboard'*/[0m
  ↳ app/models/vehicle.rb:35:in 'Vehicle#utilization_percent'
  [1m[36mReservation Load (0.4ms)[0m  [1m[34mSELECT "reservations".* FROM "reservations" WHERE "reservations"."vehicle_id" = 28 AND "reservations"."status" IN ('approved', 'active', 'completed') /*action='index',application='J2cRentals',controller='dashboard'*/[0m
  ↳ app/models/vehicle.rb:35:in 'Vehicle#utilization_percent'
  [1m[36mReservation Load (0.4ms)[0m  [1m[34mSELECT "reservations".* FROM "reservations" WHERE "reservations"."vehicle_id" = 29 AND "reservations"."status" IN ('approved', 'active', 'completed') /*action='index',application='J2cRentals',controller='dashboard'*/[0m
  ↳ app/models/vehicle.rb:35:in 'Vehicle#utilization_percent'
  [1m[36mReservation Load (0.3ms)[0m  [1m[34mSELECT "reservations".* FROM "reservations" WHERE "reservations"."vehicle_id" = 30 AND "reservations"."status" IN ('approved', 'active', 'completed') /*action='index',application='J2cRentals',controller='dashboard'*/[0m
  ↳ app/models/vehicle.rb:35:in 'Vehicle#utilization_percent'
  [1m[36mReservation Load (0.2ms)[0m  [1m[34mSELECT "reservations".* FROM "reservations" WHERE "reservations"."vehicle_id" = 31 AND "reservations"."status" IN ('approved', 'active', 'completed') /*action='index',application='J2cRentals',controller='dashboard'*/[0m
  ↳ app/models/vehicle.rb:35:in 'Vehicle#utilization_percent'
  [1m[36mReservation Load (0.4ms)[0m  [1m[34mSELECT "reservations".* FROM "reservations" WHERE "reservations"."vehicle_id" = 32 AND "reservations"."status" IN ('approved', 'active', 'completed') /*action='index',application='J2cRentals',controller='dashboard'*/[0m
  ↳ app/models/vehicle.rb:35:in 'Vehicle#utilization_percent'
  [1m[36mCACHE Vehicle Count (0.0ms)[0m  [1m[34mSELECT COUNT(*) FROM "vehicles"[0m
  ↳ app/controllers/admin/dashboard_controller.rb:11:in 'Admin::DashboardController#index'
  [1m[36mLead Count (0.2ms)[0m  [1m[34mSELECT COUNT(*) FROM "leads" WHERE "leads"."status" NOT IN ('Managed', 'Lost') /*action='index',application='J2cRentals',controller='dashboard'*/[0m
  ↳ app/controllers/admin/dashboard_controller.rb:12:in 'Admin::DashboardController#index'
  [1m[36mLead Count (0.2ms)[0m  [1m[34mSELECT COUNT(*) AS "count_all", "leads"."status" AS "leads_status" FROM "leads" GROUP BY "leads"."status" /*action='index',application='J2cRentals',controller='dashboard'*/[0m
  ↳ app/controllers/admin/dashboard_controller.rb:14:in 'Admin::DashboardController#index'
  Rendering layout layouts/admin.html.erb
  Rendering admin/dashboard/index.html.erb within layouts/admin
  [1m[36mReservation Load (0.5ms)[0m  [1m[34mSELECT "reservations".* FROM "reservations" ORDER BY "reservations"."created_at" DESC LIMIT 6 /*action='index',application='J2cRentals',controller='dashboard'*/[0m
  ↳ app/views/admin/dashboard/index.html.erb:42
  [1m[36mVehicle Load (1.7ms)[0m  [1m[34mSELECT "vehicles".* FROM "vehicles" WHERE "vehicles"."id" IN (28, 27) /*action='index',application='J2cRentals',controller='dashboard'*/[0m
  ↳ app/views/admin/dashboard/index.html.erb:42
  [1m[36mAdminAction Load (0.7ms)[0m  [1m[34mSELECT "admin_actions".* FROM "admin_actions" ORDER BY "admin_actions"."created_at" DESC LIMIT 8 /*action='index',application='J2cRentals',controller='dashboard'*/[0m
  ↳ app/views/admin/dashboard/index.html.erb:66
  [1m[36mUser Load (0.3ms)[0m  [1m[34mSELECT "users".* FROM "users" WHERE "users"."id" IN (6, 5) /*action='index',application='J2cRentals',controller='dashboard'*/[0m
  ↳ app/views/admin/dashboard/index.html.erb:66
  Rendered admin/dashboard/index.html.erb within layouts/admin (Duration: 110.7ms | GC: 0.3ms)
  Rendered layout layouts/admin.html.erb (Duration: 119.1ms | GC: 0.3ms)
Completed 200 OK in 349ms (Views: 125.3ms | ActiveRecord: 12.8ms (25 queries, 2 cached) | GC: 0.3ms)


Started GET "/admin-portal/vehicles" for 127.0.0.1 at 2026-05-25 15:32:39 +0530
Processing by Admin::VehiclesController#index as HTML
  [1m[36mUser Load (0.5ms)[0m  [1m[34mSELECT "users".* FROM "users" WHERE "users"."id" = 6 LIMIT 1 /*action='index',application='J2cRentals',controller='vehicles'*/[0m
  ↳ app/controllers/application_controller.rb:10:in 'ApplicationController#current_user'
  Rendering layout layouts/admin.html.erb
  Rendering admin/vehicles/index.html.erb within layouts/admin
  [1m[36mVehicle Load (0.6ms)[0m  [1m[34mSELECT "vehicles".* FROM "vehicles" ORDER BY "vehicles"."created_at" DESC /*action='index',application='J2cRentals',controller='vehicles'*/[0m
  ↳ app/views/admin/vehicles/index.html.erb:13
  Rendered admin/vehicles/index.html.erb within layouts/admin (Duration: 12.9ms | GC: 0.0ms)
  Rendered layout layouts/admin.html.erb (Duration: 23.2ms | GC: 0.0ms)
Completed 200 OK in 55ms (Views: 26.2ms | ActiveRecord: 1.0ms (2 queries, 0 cached) | GC: 0.0ms)


Started GET "/admin-portal/reservations" for 127.0.0.1 at 2026-05-25 15:32:44 +0530
Processing by Admin::ReservationsController#index as HTML
  [1m[36mUser Load (0.4ms)[0m  [1m[34mSELECT "users".* FROM "users" WHERE "users"."id" = 6 LIMIT 1 /*action='index',application='J2cRentals',controller='reservations'*/[0m
  ↳ app/controllers/application_controller.rb:10:in 'ApplicationController#current_user'
  Rendering layout layouts/admin.html.erb
  Rendering admin/reservations/index.html.erb within layouts/admin
  [1m[36mReservation Load (0.6ms)[0m  [1m[34mSELECT "reservations".* FROM "reservations" ORDER BY "reservations"."created_at" DESC /*action='index',application='J2cRentals',controller='reservations'*/[0m
  ↳ app/views/admin/reservations/index.html.erb:18
  [1m[36mVehicle Load (0.6ms)[0m  [1m[34mSELECT "vehicles".* FROM "vehicles" WHERE "vehicles"."id" IN (28, 27) /*action='index',application='J2cRentals',controller='reservations'*/[0m
  ↳ app/views/admin/reservations/index.html.erb:18
  Rendered admin/reservations/index.html.erb within layouts/admin (Duration: 24.7ms | GC: 0.0ms)
  Rendered layout layouts/admin.html.erb (Duration: 32.7ms | GC: 0.0ms)
Completed 200 OK in 66ms (Views: 34.4ms | ActiveRecord: 1.6ms (3 queries, 0 cached) | GC: 0.0ms)


Started GET "/admin-portal" for 127.0.0.1 at 2026-05-25 15:32:47 +0530
Processing by Admin::DashboardController#index as HTML
  [1m[36mUser Load (0.5ms)[0m  [1m[34mSELECT "users".* FROM "users" WHERE "users"."id" = 6 LIMIT 1 /*action='index',application='J2cRentals',controller='dashboard'*/[0m
  ↳ app/controllers/application_controller.rb:10:in 'ApplicationController#current_user'
  [1m[36mVehicle Count (0.4ms)[0m  [1m[34mSELECT COUNT(*) FROM "vehicles" /*action='index',application='J2cRentals',controller='dashboard'*/[0m
  ↳ app/controllers/admin/dashboard_controller.rb:4:in 'Admin::DashboardController#index'
  [1m[36mReservation Count (0.3ms)[0m  [1m[34mSELECT COUNT(*) FROM "reservations" WHERE "reservations"."status" = 'pending' /*action='index',application='J2cRentals',controller='dashboard'*/[0m
  ↳ app/controllers/admin/dashboard_controller.rb:5:in 'Admin::DashboardController#index'
  [1m[36mReservation Count (0.3ms)[0m  [1m[34mSELECT COUNT(*) FROM "reservations" WHERE "reservations"."status" = 'active' /*action='index',application='J2cRentals',controller='dashboard'*/[0m
  ↳ app/controllers/admin/dashboard_controller.rb:6:in 'Admin::DashboardController#index'
  [1m[36mReservation Count (0.3ms)[0m  [1m[34mSELECT COUNT(*) FROM "reservations" WHERE "reservations"."status" = 'active' AND (dropoff_date < '2026-05-25') /*action='index',application='J2cRentals',controller='dashboard'*/[0m
  ↳ app/controllers/admin/dashboard_controller.rb:7:in 'Admin::DashboardController#index'
  [1m[36mMaintenanceLog Count (0.4ms)[0m  [1m[34mSELECT COUNT(*) FROM "maintenance_logs" WHERE "maintenance_logs"."status" IN ('Scheduled', 'Overdue') AND (scheduled_on <= '2026-06-01') /*action='index',application='J2cRentals',controller='dashboard'*/[0m
  ↳ app/controllers/admin/dashboard_controller.rb:8:in 'Admin::DashboardController#index'
  [1m[36mReservation Sum (0.4ms)[0m  [1m[34mSELECT SUM("reservations"."deposit_amount") FROM "reservations" WHERE "reservations"."deposit_status" = 'Paid' /*action='index',application='J2cRentals',controller='dashboard'*/[0m
  ↳ app/controllers/admin/dashboard_controller.rb:9:in 'Admin::DashboardController#index'
  [1m[36mPayment Sum (0.3ms)[0m  [1m[34mSELECT SUM("payments"."amount") FROM "payments" WHERE "payments"."status" = 'Paid' AND "payments"."paid_at" BETWEEN '2026-05-01 00:00:00' AND '2026-05-31 23:59:59.999999' /*action='index',application='J2cRentals',controller='dashboard'*/[0m
  ↳ app/controllers/admin/dashboard_controller.rb:10:in 'Admin::DashboardController#index'
  [1m[36mCACHE Vehicle Count (0.0ms)[0m  [1m[34mSELECT COUNT(*) FROM "vehicles"[0m
  ↳ app/controllers/admin/dashboard_controller.rb:11:in 'Admin::DashboardController#index'
  [1m[36mVehicle Load (0.4ms)[0m  [1m[34mSELECT "vehicles".* FROM "vehicles" /*action='index',application='J2cRentals',controller='dashboard'*/[0m
  ↳ app/controllers/admin/dashboard_controller.rb:11:in 'Admin::DashboardController#index'
  [1m[36mReservation Load (0.6ms)[0m  [1m[34mSELECT "reservations".* FROM "reservations" WHERE "reservations"."vehicle_id" = 25 AND "reservations"."status" IN ('approved', 'active', 'completed') /*action='index',application='J2cRentals',controller='dashboard'*/[0m
  ↳ app/models/vehicle.rb:35:in 'Vehicle#utilization_percent'
  [1m[36mReservation Load (0.5ms)[0m  [1m[34mSELECT "reservations".* FROM "reservations" WHERE "reservations"."vehicle_id" = 26 AND "reservations"."status" IN ('approved', 'active', 'completed') /*action='index',application='J2cRentals',controller='dashboard'*/[0m
  ↳ app/models/vehicle.rb:35:in 'Vehicle#utilization_percent'
  [1m[36mReservation Load (0.4ms)[0m  [1m[34mSELECT "reservations".* FROM "reservations" WHERE "reservations"."vehicle_id" = 27 AND "reservations"."status" IN ('approved', 'active', 'completed') /*action='index',application='J2cRentals',controller='dashboard'*/[0m
  ↳ app/models/vehicle.rb:35:in 'Vehicle#utilization_percent'
  [1m[36mReservation Load (0.5ms)[0m  [1m[34mSELECT "reservations".* FROM "reservations" WHERE "reservations"."vehicle_id" = 28 AND "reservations"."status" IN ('approved', 'active', 'completed') /*action='index',application='J2cRentals',controller='dashboard'*/[0m
  ↳ app/models/vehicle.rb:35:in 'Vehicle#utilization_percent'
  [1m[36mReservation Load (0.4ms)[0m  [1m[34mSELECT "reservations".* FROM "reservations" WHERE "reservations"."vehicle_id" = 29 AND "reservations"."status" IN ('approved', 'active', 'completed') /*action='index',application='J2cRentals',controller='dashboard'*/[0m
  ↳ app/models/vehicle.rb:35:in 'Vehicle#utilization_percent'
  [1m[36mReservation Load (0.4ms)[0m  [1m[34mSELECT "reservations".* FROM "reservations" WHERE "reservations"."vehicle_id" = 30 AND "reservations"."status" IN ('approved', 'active', 'completed') /*action='index',application='J2cRentals',controller='dashboard'*/[0m
  ↳ app/models/vehicle.rb:35:in 'Vehicle#utilization_percent'
  [1m[36mReservation Load (0.4ms)[0m  [1m[34mSELECT "reservations".* FROM "reservations" WHERE "reservations"."vehicle_id" = 31 AND "reservations"."status" IN ('approved', 'active', 'completed') /*action='index',application='J2cRentals',controller='dashboard'*/[0m
  ↳ app/models/vehicle.rb:35:in 'Vehicle#utilization_percent'
  [1m[36mReservation Load (0.4ms)[0m  [1m[34mSELECT "reservations".* FROM "reservations" WHERE "reservations"."vehicle_id" = 32 AND "reservations"."status" IN ('approved', 'active', 'completed') /*action='index',application='J2cRentals',controller='dashboard'*/[0m
  ↳ app/models/vehicle.rb:35:in 'Vehicle#utilization_percent'
  [1m[36mCACHE Vehicle Count (0.0ms)[0m  [1m[34mSELECT COUNT(*) FROM "vehicles"[0m
  ↳ app/controllers/admin/dashboard_controller.rb:11:in 'Admin::DashboardController#index'
  [1m[36mLead Count (0.2ms)[0m  [1m[34mSELECT COUNT(*) FROM "leads" WHERE "leads"."status" NOT IN ('Managed', 'Lost') /*action='index',application='J2cRentals',controller='dashboard'*/[0m
  ↳ app/controllers/admin/dashboard_controller.rb:12:in 'Admin::DashboardController#index'
  [1m[36mLead Count (0.2ms)[0m  [1m[34mSELECT COUNT(*) AS "count_all", "leads"."status" AS "leads_status" FROM "leads" GROUP BY "leads"."status" /*action='index',application='J2cRentals',controller='dashboard'*/[0m
  ↳ app/controllers/admin/dashboard_controller.rb:14:in 'Admin::DashboardController#index'
  Rendering layout layouts/admin.html.erb
  Rendering admin/dashboard/index.html.erb within layouts/admin
  [1m[36mReservation Load (0.5ms)[0m  [1m[34mSELECT "reservations".* FROM "reservations" ORDER BY "reservations"."created_at" DESC LIMIT 6 /*action='index',application='J2cRentals',controller='dashboard'*/[0m
  ↳ app/views/admin/dashboard/index.html.erb:42
  [1m[36mVehicle Load (0.4ms)[0m  [1m[34mSELECT "vehicles".* FROM "vehicles" WHERE "vehicles"."id" IN (28, 27) /*action='index',application='J2cRentals',controller='dashboard'*/[0m
  ↳ app/views/admin/dashboard/index.html.erb:42
  [1m[36mAdminAction Load (0.3ms)[0m  [1m[34mSELECT "admin_actions".* FROM "admin_actions" ORDER BY "admin_actions"."created_at" DESC LIMIT 8 /*action='index',application='J2cRentals',controller='dashboard'*/[0m
  ↳ app/views/admin/dashboard/index.html.erb:66
  [1m[36mUser Load (1.1ms)[0m  [1m[34mSELECT "users".* FROM "users" WHERE "users"."id" IN (6, 5) /*action='index',application='J2cRentals',controller='dashboard'*/[0m
  ↳ app/views/admin/dashboard/index.html.erb:66
  Rendered admin/dashboard/index.html.erb within layouts/admin (Duration: 23.2ms | GC: 0.0ms)
  Rendered layout layouts/admin.html.erb (Duration: 28.3ms | GC: 0.0ms)
Completed 200 OK in 210ms (Views: 30.2ms | ActiveRecord: 9.5ms (25 queries, 2 cached) | GC: 0.3ms)


Started GET "/admin-portal/vehicles" for 127.0.0.1 at 2026-05-25 15:32:48 +0530
Processing by Admin::VehiclesController#index as HTML
  [1m[36mUser Load (0.5ms)[0m  [1m[34mSELECT "users".* FROM "users" WHERE "users"."id" = 6 LIMIT 1 /*action='index',application='J2cRentals',controller='vehicles'*/[0m
  ↳ app/controllers/application_controller.rb:10:in 'ApplicationController#current_user'
  Rendering layout layouts/admin.html.erb
  Rendering admin/vehicles/index.html.erb within layouts/admin
  [1m[36mVehicle Load (0.6ms)[0m  [1m[34mSELECT "vehicles".* FROM "vehicles" ORDER BY "vehicles"."created_at" DESC /*action='index',application='J2cRentals',controller='vehicles'*/[0m
  ↳ app/views/admin/vehicles/index.html.erb:13
  Rendered admin/vehicles/index.html.erb within layouts/admin (Duration: 9.1ms | GC: 0.0ms)
  Rendered layout layouts/admin.html.erb (Duration: 15.3ms | GC: 0.0ms)
Completed 200 OK in 43ms (Views: 17.3ms | ActiveRecord: 1.0ms (2 queries, 0 cached) | GC: 0.0ms)


Started GET "/" for 127.0.0.1 at 2026-05-25 15:33:09 +0530
Processing by HomeController#index as HTML
  Rendering layout layouts/application.html.erb
  Rendering home/index.html.erb within layouts/application
  [1m[36mVehicle Load (0.4ms)[0m  [1m[34mSELECT "vehicles".* FROM "vehicles" WHERE "vehicles"."featured" = TRUE LIMIT 4 /*action='index',application='J2cRentals',controller='home'*/[0m
  ↳ app/views/home/index.html.erb:56
  [1m[36mUser Load (0.4ms)[0m  [1m[34mSELECT "users".* FROM "users" WHERE "users"."id" = 6 LIMIT 1 /*action='index',application='J2cRentals',controller='home'*/[0m
  ↳ app/controllers/application_controller.rb:10:in 'ApplicationController#current_user'
  Rendered collection of vehicles/_vehicle.html.erb [4 times] (Duration: 11.7ms | GC: 0.0ms)
  Rendered home/index.html.erb within layouts/application (Duration: 20.4ms | GC: 0.0ms)
  Rendered layout layouts/application.html.erb (Duration: 24.5ms | GC: 0.0ms)
Completed 200 OK in 42ms (Views: 27.2ms | ActiveRecord: 0.8ms (2 queries, 0 cached) | GC: 0.0ms)


Started GET "/session" for 127.0.0.1 at 2026-05-25 15:33:13 +0530
  
ActionController::RoutingError (No route matches [GET] "/session"):
  
Started GET "/" for 127.0.0.1 at 2026-05-25 15:45:01 +0530
  [1m[36mActiveRecord::SchemaMigration Load (0.5ms)[0m  [1m[34mSELECT "schema_migrations"."version" FROM "schema_migrations" ORDER BY "schema_migrations"."version" ASC /*application='J2cRentals'*/[0m
Processing by HomeController#index as HTML
  Rendering layout layouts/application.html.erb
  Rendering home/index.html.erb within layouts/application
  [1m[36mVehicle Load (0.5ms)[0m  [1m[34mSELECT "vehicles".* FROM "vehicles" WHERE "vehicles"."featured" = TRUE LIMIT 4 /*action='index',application='J2cRentals',controller='home'*/[0m
  ↳ app/views/home/index.html.erb:56
  [1m[36mUser Load (0.2ms)[0m  [1m[34mSELECT "users".* FROM "users" WHERE "users"."id" = 6 LIMIT 1 /*action='index',application='J2cRentals',controller='home'*/[0m
  ↳ app/controllers/application_controller.rb:10:in 'ApplicationController#current_user'
  Rendered collection of vehicles/_vehicle.html.erb [4 times] (Duration: 165.7ms | GC: 0.0ms)
  Rendered home/index.html.erb within layouts/application (Duration: 388.1ms | GC: 0.0ms)
  Rendered layout layouts/application.html.erb (Duration: 411.8ms | GC: 0.0ms)
Completed 200 OK in 1380ms (Views: 449.0ms | ActiveRecord: 14.3ms (2 queries, 0 cached) | GC: 0.5ms)


  [1m[36mVehicle Load (0.2ms)[0m  [1m[34mSELECT "vehicles".* FROM "vehicles" ORDER BY "vehicles"."id" DESC LIMIT 1 /*application='J2cRentals'*/[0m
Started GET "/vehicles?location=Delhi+Airport&pickup_date=2026-05-30&dropoff_date=2026-06-06&category=Economy&driver_age=28&commit=Search+cars" for 127.0.0.1 at 2026-05-25 15:50:51 +0530
  [1m[36mActiveRecord::SchemaMigration Load (0.8ms)[0m  [1m[34mSELECT "schema_migrations"."version" FROM "schema_migrations" ORDER BY "schema_migrations"."version" ASC /*application='J2cRentals'*/[0m
Processing by VehiclesController#index as HTML
  Parameters: {"location" => "Delhi Airport", "pickup_date" => "2026-05-30", "dropoff_date" => "2026-06-06", "category" => "Economy", "driver_age" => "28", "commit" => "Search cars"}
[31mUnpermitted parameter: :commit. Context: { controller: VehiclesController, action: index, request: #<ActionDispatch::Request:0x00000206231747f8>, params: {"location" => "Delhi Airport", "pickup_date" => "2026-05-30", "dropoff_date" => "2026-06-06", "category" => "Economy", "driver_age" => "28", "commit" => "Search cars", "controller" => "vehicles", "action" => "index"} }[0m
  Rendering layout layouts/application.html.erb
  Rendering vehicles/index.html.erb within layouts/application
  [1m[36mVehicle Count (0.8ms)[0m  [1m[34mSELECT COUNT(*) FROM "vehicles" WHERE "vehicles"."available" = TRUE AND "vehicles"."location" = 'Delhi Airport' AND "vehicles"."category" = 'Economy' /*action='index',application='J2cRentals',controller='vehicles'*/[0m
  ↳ app/views/vehicles/index.html.erb:20
  [1m[36mVehicle Load (0.5ms)[0m  [1m[34mSELECT "vehicles".* FROM "vehicles" WHERE "vehicles"."available" = TRUE AND "vehicles"."location" = 'Delhi Airport' AND "vehicles"."category" = 'Economy' ORDER BY "vehicles"."featured" DESC, "vehicles"."daily_rate" ASC /*action='index',application='J2cRentals',controller='vehicles'*/[0m
  ↳ app/views/vehicles/index.html.erb:23
  [1m[36mUser Load (0.3ms)[0m  [1m[34mSELECT "users".* FROM "users" WHERE "users"."id" = 6 LIMIT 1 /*action='index',application='J2cRentals',controller='vehicles'*/[0m
  ↳ app/controllers/application_controller.rb:10:in 'ApplicationController#current_user'
  Rendered collection of vehicles/_vehicle.html.erb [1 times] (Duration: 74.6ms | GC: 0.0ms)
  Rendered vehicles/index.html.erb within layouts/application (Duration: 169.1ms | GC: 0.0ms)
  Rendered layout layouts/application.html.erb (Duration: 185.4ms | GC: 0.0ms)
Completed 200 OK in 430ms (Views: 212.5ms | ActiveRecord: 15.8ms (3 queries, 0 cached) | GC: 0.0ms)


Started GET "/vehicles/25" for 127.0.0.1 at 2026-05-25 15:51:03 +0530
Processing by VehiclesController#show as HTML
  Parameters: {"id" => "25"}
  [1m[36mVehicle Load (0.5ms)[0m  [1m[34mSELECT "vehicles".* FROM "vehicles" WHERE "vehicles"."id" = 25 LIMIT 1 /*action='show',application='J2cRentals',controller='vehicles'*/[0m
  ↳ app/controllers/vehicles_controller.rb:12:in 'VehiclesController#show'
  Rendering layout layouts/application.html.erb
  Rendering vehicles/show.html.erb within layouts/application
  [1m[36mUser Load (0.5ms)[0m  [1m[34mSELECT "users".* FROM "users" WHERE "users"."id" = 6 LIMIT 1 /*action='show',application='J2cRentals',controller='vehicles'*/[0m
  ↳ app/controllers/application_controller.rb:10:in 'ApplicationController#current_user'
  Rendered reservations/_form.html.erb (Duration: 73.3ms | GC: 0.0ms)
  Rendered vehicles/show.html.erb within layouts/application (Duration: 198.7ms | GC: 0.3ms)
  Rendered layout layouts/application.html.erb (Duration: 202.2ms | GC: 0.3ms)
Completed 200 OK in 355ms (Views: 204.2ms | ActiveRecord: 3.0ms (2 queries, 0 cached) | GC: 0.3ms)


Started POST "/vehicles/25/reservations" for 127.0.0.1 at 2026-05-25 15:51:41 +0530
Processing by ReservationsController#create as HTML
  Parameters: {"authenticity_token" => "[FILTERED]", "reservation" => {"first_name" => "Ram", "last_name" => "Ram", "email" => "[FILTERED]", "phone" => "9340qwrqwerqwerqwerqwerqwe", "pickup_location" => "Gurugram Cyber City", "dropoff_location" => "Bengaluru Indiranagar", "pickup_date" => "2026-05-26", "dropoff_date" => "2026-05-29", "pickup_time" => "10:00", "dropoff_time" => "10:00", "driver_age" => "28", "protection_plan" => "Plus", "notes" => ""}, "commit" => "Confirm reservation", "vehicle_id" => "25"}
  [1m[36mVehicle Load (1.8ms)[0m  [1m[34mSELECT "vehicles".* FROM "vehicles" WHERE "vehicles"."id" = 25 LIMIT 1 /*action='create',application='J2cRentals',controller='reservations'*/[0m
  ↳ app/controllers/reservations_controller.rb:8:in 'ReservationsController#create'
  [1m[36mUser Load (0.4ms)[0m  [1m[34mSELECT "users".* FROM "users" WHERE "users"."id" = 6 LIMIT 1 /*action='create',application='J2cRentals',controller='reservations'*/[0m
  ↳ app/controllers/application_controller.rb:10:in 'ApplicationController#current_user'
  [1m[36mTRANSACTION (0.4ms)[0m  [1m[35mBEGIN immediate TRANSACTION /*action='create',application='J2cRentals',controller='reservations'*/[0m
  ↳ app/models/reservation.rb:89:in 'Reservation#calculate_total'
  [1m[36mReservation Exists? (0.3ms)[0m  [1m[34mSELECT 1 AS one FROM "reservations" WHERE "reservations"."vehicle_id" = 25 AND "reservations"."status" IN ('pending', 'approved', 'active') AND (pickup_date < '2026-05-29' AND dropoff_date > '2026-05-26') LIMIT 1 /*action='create',application='J2cRentals',controller='reservations'*/[0m
  ↳ app/models/reservation.rb:112:in 'Reservation#vehicle_available_for_dates'
  [1m[36mReservation Create (0.7ms)[0m  [1m[32mINSERT INTO "reservations" ("vehicle_id", "first_name", "last_name", "email", "phone", "pickup_location", "dropoff_location", "pickup_date", "dropoff_date", "pickup_time", "dropoff_time", "driver_age", "protection_plan", "extras", "status", "confirmation_code", "total_price", "notes", "created_at", "updated_at", "deposit_amount", "deposit_status", "document_status", "admin_notes", "reviewed_at", "reviewed_by", "user_id", "coupon_id", "cancelled_at", "cancellation_reason", "invoice_number", "pricing_snapshot") VALUES (25, 'Ram', 'Ram', 'abhishek@ram.com', '9340qwrqwerqwerqwerqwerqwe', 'Gurugram Cyber City', 'Bengaluru Indiranagar', '2026-05-26', '2026-05-29', '10:00', '10:00', 28, 'Plus', '[]', 'pending', 'J2C26QALP', 7496.0, '', '2026-05-25 10:21:42.051424', '2026-05-25 10:21:42.051424', 2199.0, 'Pending', 'Pending review', NULL, NULL, NULL, 6, NULL, NULL, NULL, 'INV-202605-5MNTE', '{"daily_rate":"2199.0","days":3,"protection":899,"extras":[],"extra_total":0,"discount":"0.0"}') RETURNING "id" /*action='create',application='J2cRentals',controller='reservations'*/[0m
  ↳ app/controllers/reservations_controller.rb:11:in 'ReservationsController#create'
  [1m[36mTRANSACTION (41.8ms)[0m  [1m[35mCOMMIT TRANSACTION /*action='create',application='J2cRentals',controller='reservations'*/[0m
  ↳ app/controllers/reservations_controller.rb:11:in 'ReservationsController#create'
Redirected to http://127.0.0.1:3000/reservations/J2C26QALP
↳ app/controllers/reservations_controller.rb:12:in 'ReservationsController#create'
Completed 302 Found in 300ms (ActiveRecord: 51.6ms (4 queries, 0 cached) | GC: 0.0ms)


Started GET "/reservations/J2C26QALP" for 127.0.0.1 at 2026-05-25 15:51:42 +0530
Processing by ReservationsController#show as HTML
  Parameters: {"id" => "J2C26QALP"}
  [1m[36mReservation Load (0.7ms)[0m  [1m[34mSELECT "reservations".* FROM "reservations" WHERE "reservations"."confirmation_code" = 'J2C26QALP' LIMIT 1 /*action='show',application='J2cRentals',controller='reservations'*/[0m
  ↳ app/controllers/reservations_controller.rb:19:in 'ReservationsController#show'
  Rendering layout layouts/application.html.erb
  Rendering reservations/show.html.erb within layouts/application
  [1m[36mVehicle Load (0.4ms)[0m  [1m[34mSELECT "vehicles".* FROM "vehicles" WHERE "vehicles"."id" = 25 LIMIT 1 /*action='show',application='J2cRentals',controller='reservations'*/[0m
  ↳ app/views/reservations/show.html.erb:6
  Rendered reservations/show.html.erb within layouts/application (Duration: 16.7ms | GC: 0.0ms)
  [1m[36mUser Load (0.3ms)[0m  [1m[34mSELECT "users".* FROM "users" WHERE "users"."id" = 6 LIMIT 1 /*action='show',application='J2cRentals',controller='reservations'*/[0m
  ↳ app/controllers/application_controller.rb:10:in 'ApplicationController#current_user'
  Rendered layout layouts/application.html.erb (Duration: 34.4ms | GC: 0.0ms)
Completed 200 OK in 108ms (Views: 46.4ms | ActiveRecord: 1.4ms (3 queries, 0 cached) | GC: 0.0ms)


Started GET "/reservations/lookup" for 127.0.0.1 at 2026-05-25 15:51:56 +0530
Processing by ReservationsController#lookup as HTML
  Rendering layout layouts/application.html.erb
  Rendering reservations/lookup.html.erb within layouts/application
  Rendered reservations/lookup.html.erb within layouts/application (Duration: 3.6ms | GC: 0.0ms)
  [1m[36mUser Load (0.3ms)[0m  [1m[34mSELECT "users".* FROM "users" WHERE "users"."id" = 6 LIMIT 1 /*action='lookup',application='J2cRentals',controller='reservations'*/[0m
  ↳ app/controllers/application_controller.rb:10:in 'ApplicationController#current_user'
  Rendered layout layouts/application.html.erb (Duration: 25.4ms | GC: 0.0ms)
Completed 200 OK in 99ms (Views: 52.6ms | ActiveRecord: 0.3ms (1 query, 0 cached) | GC: 0.0ms)


Started POST "/reservations/find" for 127.0.0.1 at 2026-05-25 15:51:59 +0530
Processing by ReservationsController#find as HTML
  Parameters: {"authenticity_token" => "[FILTERED]", "confirmation_code" => "J2C26QALP", "commit" => "Find"}
  [1m[36mReservation Load (0.6ms)[0m  [1m[34mSELECT "reservations".* FROM "reservations" WHERE "reservations"."confirmation_code" = 'J2C26QALP' LIMIT 1 /*action='find',application='J2cRentals',controller='reservations'*/[0m
  ↳ app/controllers/reservations_controller.rb:26:in 'ReservationsController#find'
Redirected to http://127.0.0.1:3000/reservations/J2C26QALP
↳ app/controllers/reservations_controller.rb:29:in 'ReservationsController#find'
Completed 302 Found in 23ms (ActiveRecord: 0.6ms (1 query, 0 cached) | GC: 0.0ms)


Started GET "/reservations/J2C26QALP" for 127.0.0.1 at 2026-05-25 15:51:59 +0530
Processing by ReservationsController#show as HTML
  Parameters: {"id" => "J2C26QALP"}
  [1m[36mReservation Load (0.4ms)[0m  [1m[34mSELECT "reservations".* FROM "reservations" WHERE "reservations"."confirmation_code" = 'J2C26QALP' LIMIT 1 /*action='show',application='J2cRentals',controller='reservations'*/[0m
  ↳ app/controllers/reservations_controller.rb:19:in 'ReservationsController#show'
  Rendering layout layouts/application.html.erb
  Rendering reservations/show.html.erb within layouts/application
  [1m[36mVehicle Load (0.3ms)[0m  [1m[34mSELECT "vehicles".* FROM "vehicles" WHERE "vehicles"."id" = 25 LIMIT 1 /*action='show',application='J2cRentals',controller='reservations'*/[0m
  ↳ app/views/reservations/show.html.erb:6
  Rendered reservations/show.html.erb within layouts/application (Duration: 3.8ms | GC: 0.0ms)
  [1m[36mUser Load (0.3ms)[0m  [1m[34mSELECT "users".* FROM "users" WHERE "users"."id" = 6 LIMIT 1 /*action='show',application='J2cRentals',controller='reservations'*/[0m
  ↳ app/controllers/application_controller.rb:10:in 'ApplicationController#current_user'
  Rendered layout layouts/application.html.erb (Duration: 13.5ms | GC: 0.0ms)
Completed 200 OK in 31ms (Views: 14.0ms | ActiveRecord: 1.0ms (3 queries, 0 cached) | GC: 0.0ms)


Started GET "/session" for 127.0.0.1 at 2026-05-25 15:52:07 +0530
  
ActionController::RoutingError (No route matches [GET] "/session"):
  
Started GET "/admin-portal" for 127.0.0.1 at 2026-05-25 15:52:13 +0530
Processing by Admin::DashboardController#index as HTML
  [1m[36mUser Load (0.7ms)[0m  [1m[34mSELECT "users".* FROM "users" WHERE "users"."id" = 6 LIMIT 1 /*action='index',application='J2cRentals',controller='dashboard'*/[0m
  ↳ app/controllers/application_controller.rb:10:in 'ApplicationController#current_user'
  [1m[36mVehicle Count (0.3ms)[0m  [1m[34mSELECT COUNT(*) FROM "vehicles" /*action='index',application='J2cRentals',controller='dashboard'*/[0m
  ↳ app/controllers/admin/dashboard_controller.rb:4:in 'Admin::DashboardController#index'
  [1m[36mReservation Count (0.2ms)[0m  [1m[34mSELECT COUNT(*) FROM "reservations" WHERE "reservations"."status" = 'pending' /*action='index',application='J2cRentals',controller='dashboard'*/[0m
  ↳ app/controllers/admin/dashboard_controller.rb:5:in 'Admin::DashboardController#index'
  [1m[36mReservation Count (0.2ms)[0m  [1m[34mSELECT COUNT(*) FROM "reservations" WHERE "reservations"."status" = 'active' /*action='index',application='J2cRentals',controller='dashboard'*/[0m
  ↳ app/controllers/admin/dashboard_controller.rb:6:in 'Admin::DashboardController#index'
  [1m[36mReservation Count (1.5ms)[0m  [1m[34mSELECT COUNT(*) FROM "reservations" WHERE "reservations"."status" = 'active' AND (dropoff_date < '2026-05-25') /*action='index',application='J2cRentals',controller='dashboard'*/[0m
  ↳ app/controllers/admin/dashboard_controller.rb:7:in 'Admin::DashboardController#index'
  [1m[36mMaintenanceLog Count (0.2ms)[0m  [1m[34mSELECT COUNT(*) FROM "maintenance_logs" WHERE "maintenance_logs"."status" IN ('Scheduled', 'Overdue') AND (scheduled_on <= '2026-06-01') /*action='index',application='J2cRentals',controller='dashboard'*/[0m
  ↳ app/controllers/admin/dashboard_controller.rb:8:in 'Admin::DashboardController#index'
  [1m[36mReservation Sum (0.2ms)[0m  [1m[34mSELECT SUM("reservations"."deposit_amount") FROM "reservations" WHERE "reservations"."deposit_status" = 'Paid' /*action='index',application='J2cRentals',controller='dashboard'*/[0m
  ↳ app/controllers/admin/dashboard_controller.rb:9:in 'Admin::DashboardController#index'
  [1m[36mPayment Sum (0.2ms)[0m  [1m[34mSELECT SUM("payments"."amount") FROM "payments" WHERE "payments"."status" = 'Paid' AND "payments"."paid_at" BETWEEN '2026-05-01 00:00:00' AND '2026-05-31 23:59:59.999999' /*action='index',application='J2cRentals',controller='dashboard'*/[0m
  ↳ app/controllers/admin/dashboard_controller.rb:10:in 'Admin::DashboardController#index'
  [1m[36mCACHE Vehicle Count (0.0ms)[0m  [1m[34mSELECT COUNT(*) FROM "vehicles"[0m
  ↳ app/controllers/admin/dashboard_controller.rb:11:in 'Admin::DashboardController#index'
  [1m[36mVehicle Load (0.3ms)[0m  [1m[34mSELECT "vehicles".* FROM "vehicles" /*action='index',application='J2cRentals',controller='dashboard'*/[0m
  ↳ app/controllers/admin/dashboard_controller.rb:11:in 'Admin::DashboardController#index'
  [1m[36mReservation Load (0.4ms)[0m  [1m[34mSELECT "reservations".* FROM "reservations" WHERE "reservations"."vehicle_id" = 25 AND "reservations"."status" IN ('approved', 'active', 'completed') /*action='index',application='J2cRentals',controller='dashboard'*/[0m
  ↳ app/models/vehicle.rb:35:in 'Vehicle#utilization_percent'
  [1m[36mReservation Load (0.3ms)[0m  [1m[34mSELECT "reservations".* FROM "reservations" WHERE "reservations"."vehicle_id" = 26 AND "reservations"."status" IN ('approved', 'active', 'completed') /*action='index',application='J2cRentals',controller='dashboard'*/[0m
  ↳ app/models/vehicle.rb:35:in 'Vehicle#utilization_percent'
  [1m[36mReservation Load (0.4ms)[0m  [1m[34mSELECT "reservations".* FROM "reservations" WHERE "reservations"."vehicle_id" = 27 AND "reservations"."status" IN ('approved', 'active', 'completed') /*action='index',application='J2cRentals',controller='dashboard'*/[0m
  ↳ app/models/vehicle.rb:35:in 'Vehicle#utilization_percent'
  [1m[36mReservation Load (0.3ms)[0m  [1m[34mSELECT "reservations".* FROM "reservations" WHERE "reservations"."vehicle_id" = 28 AND "reservations"."status" IN ('approved', 'active', 'completed') /*action='index',application='J2cRentals',controller='dashboard'*/[0m
  ↳ app/models/vehicle.rb:35:in 'Vehicle#utilization_percent'
  [1m[36mReservation Load (0.5ms)[0m  [1m[34mSELECT "reservations".* FROM "reservations" WHERE "reservations"."vehicle_id" = 29 AND "reservations"."status" IN ('approved', 'active', 'completed') /*action='index',application='J2cRentals',controller='dashboard'*/[0m
  ↳ app/models/vehicle.rb:35:in 'Vehicle#utilization_percent'
  [1m[36mReservation Load (0.4ms)[0m  [1m[34mSELECT "reservations".* FROM "reservations" WHERE "reservations"."vehicle_id" = 30 AND "reservations"."status" IN ('approved', 'active', 'completed') /*action='index',application='J2cRentals',controller='dashboard'*/[0m
  ↳ app/models/vehicle.rb:35:in 'Vehicle#utilization_percent'
  [1m[36mReservation Load (0.3ms)[0m  [1m[34mSELECT "reservations".* FROM "reservations" WHERE "reservations"."vehicle_id" = 31 AND "reservations"."status" IN ('approved', 'active', 'completed') /*action='index',application='J2cRentals',controller='dashboard'*/[0m
  ↳ app/models/vehicle.rb:35:in 'Vehicle#utilization_percent'
  [1m[36mReservation Load (0.3ms)[0m  [1m[34mSELECT "reservations".* FROM "reservations" WHERE "reservations"."vehicle_id" = 32 AND "reservations"."status" IN ('approved', 'active', 'completed') /*action='index',application='J2cRentals',controller='dashboard'*/[0m
  ↳ app/models/vehicle.rb:35:in 'Vehicle#utilization_percent'
  [1m[36mCACHE Vehicle Count (0.0ms)[0m  [1m[34mSELECT COUNT(*) FROM "vehicles"[0m
  ↳ app/controllers/admin/dashboard_controller.rb:11:in 'Admin::DashboardController#index'
  [1m[36mLead Count (0.2ms)[0m  [1m[34mSELECT COUNT(*) FROM "leads" WHERE "leads"."status" NOT IN ('Managed', 'Lost') /*action='index',application='J2cRentals',controller='dashboard'*/[0m
  ↳ app/controllers/admin/dashboard_controller.rb:12:in 'Admin::DashboardController#index'
  [1m[36mLead Count (0.2ms)[0m  [1m[34mSELECT COUNT(*) AS "count_all", "leads"."status" AS "leads_status" FROM "leads" GROUP BY "leads"."status" /*action='index',application='J2cRentals',controller='dashboard'*/[0m
  ↳ app/controllers/admin/dashboard_controller.rb:14:in 'Admin::DashboardController#index'
  Rendering layout layouts/admin.html.erb
  Rendering admin/dashboard/index.html.erb within layouts/admin
  [1m[36mReservation Load (0.6ms)[0m  [1m[34mSELECT "reservations".* FROM "reservations" ORDER BY "reservations"."created_at" DESC LIMIT 6 /*action='index',application='J2cRentals',controller='dashboard'*/[0m
  ↳ app/views/admin/dashboard/index.html.erb:42
  [1m[36mVehicle Load (0.6ms)[0m  [1m[34mSELECT "vehicles".* FROM "vehicles" WHERE "vehicles"."id" IN (25, 28, 27) /*action='index',application='J2cRentals',controller='dashboard'*/[0m
  ↳ app/views/admin/dashboard/index.html.erb:42
  [1m[36mAdminAction Load (6.2ms)[0m  [1m[34mSELECT "admin_actions".* FROM "admin_actions" ORDER BY "admin_actions"."created_at" DESC LIMIT 8 /*action='index',application='J2cRentals',controller='dashboard'*/[0m
  ↳ app/views/admin/dashboard/index.html.erb:66
  [1m[36mUser Load (0.4ms)[0m  [1m[34mSELECT "users".* FROM "users" WHERE "users"."id" IN (6, 5) /*action='index',application='J2cRentals',controller='dashboard'*/[0m
  ↳ app/views/admin/dashboard/index.html.erb:66
  Rendered admin/dashboard/index.html.erb within layouts/admin (Duration: 303.0ms | GC: 0.0ms)
  Rendered layout layouts/admin.html.erb (Duration: 321.4ms | GC: 0.0ms)
Completed 200 OK in 594ms (Views: 364.9ms | ActiveRecord: 17.8ms (25 queries, 2 cached) | GC: 0.0ms)


Started GET "/admin-portal/reservations" for 127.0.0.1 at 2026-05-25 15:52:17 +0530
Processing by Admin::ReservationsController#index as HTML
  [1m[36mUser Load (0.5ms)[0m  [1m[34mSELECT "users".* FROM "users" WHERE "users"."id" = 6 LIMIT 1 /*action='index',application='J2cRentals',controller='reservations'*/[0m
  ↳ app/controllers/application_controller.rb:10:in 'ApplicationController#current_user'
  Rendering layout layouts/admin.html.erb
  Rendering admin/reservations/index.html.erb within layouts/admin
  [1m[36mReservation Load (1.2ms)[0m  [1m[34mSELECT "reservations".* FROM "reservations" ORDER BY "reservations"."created_at" DESC /*action='index',application='J2cRentals',controller='reservations'*/[0m
  ↳ app/views/admin/reservations/index.html.erb:18
  [1m[36mVehicle Load (0.6ms)[0m  [1m[34mSELECT "vehicles".* FROM "vehicles" WHERE "vehicles"."id" IN (25, 28, 27) /*action='index',application='J2cRentals',controller='reservations'*/[0m
  ↳ app/views/admin/reservations/index.html.erb:18
  Rendered admin/reservations/index.html.erb within layouts/admin (Duration: 93.0ms | GC: 0.5ms)
  Rendered layout layouts/admin.html.erb (Duration: 101.2ms | GC: 0.5ms)
Completed 200 OK in 172ms (Views: 111.0ms | ActiveRecord: 2.2ms (3 queries, 0 cached) | GC: 0.5ms)


Started GET "/admin-portal/reservations" for 127.0.0.1 at 2026-05-25 15:52:28 +0530
Processing by Admin::ReservationsController#index as HTML
  [1m[36mUser Load (3.7ms)[0m  [1m[34mSELECT "users".* FROM "users" WHERE "users"."id" = 6 LIMIT 1 /*action='index',application='J2cRentals',controller='reservations'*/[0m
  ↳ app/controllers/application_controller.rb:10:in 'ApplicationController#current_user'
  Rendering layout layouts/admin.html.erb
  Rendering admin/reservations/index.html.erb within layouts/admin
  [1m[36mReservation Load (2.9ms)[0m  [1m[34mSELECT "reservations".* FROM "reservations" ORDER BY "reservations"."created_at" DESC /*action='index',application='J2cRentals',controller='reservations'*/[0m
  ↳ app/views/admin/reservations/index.html.erb:18
  [1m[36mVehicle Load (0.6ms)[0m  [1m[34mSELECT "vehicles".* FROM "vehicles" WHERE "vehicles"."id" IN (25, 28, 27) /*action='index',application='J2cRentals',controller='reservations'*/[0m
  ↳ app/views/admin/reservations/index.html.erb:18
  Rendered admin/reservations/index.html.erb within layouts/admin (Duration: 22.4ms | GC: 0.0ms)
  Rendered layout layouts/admin.html.erb (Duration: 31.0ms | GC: 0.0ms)
Completed 200 OK in 76ms (Views: 31.9ms | ActiveRecord: 6.2ms (3 queries, 0 cached) | GC: 0.0ms)


Started GET "/admin-portal/customers" for 127.0.0.1 at 2026-05-25 15:52:32 +0530
Processing by Admin::CustomersController#index as HTML
  [1m[36mUser Load (2.8ms)[0m  [1m[34mSELECT "users".* FROM "users" WHERE "users"."id" = 6 LIMIT 1 /*action='index',application='J2cRentals',controller='customers'*/[0m
  ↳ app/controllers/application_controller.rb:10:in 'ApplicationController#current_user'
  Rendering layout layouts/admin.html.erb
  Rendering admin/customers/index.html.erb within layouts/admin
  [1m[36mUser Load (0.5ms)[0m  [1m[34mSELECT "users".* FROM "users" WHERE "users"."role" = 'customer' ORDER BY "users"."created_at" DESC /*action='index',application='J2cRentals',controller='customers'*/[0m
  ↳ app/views/admin/customers/index.html.erb:9
  [1m[36mReservation Count (0.3ms)[0m  [1m[34mSELECT COUNT(*) FROM "reservations" WHERE "reservations"."user_id" = 10 /*action='index',application='J2cRentals',controller='customers'*/[0m
  ↳ app/views/admin/customers/index.html.erb:14
  [1m[36mReservation Count (0.3ms)[0m  [1m[34mSELECT COUNT(*) FROM "reservations" WHERE "reservations"."user_id" = 9 /*action='index',application='J2cRentals',controller='customers'*/[0m
  ↳ app/views/admin/customers/index.html.erb:14
  Rendered admin/customers/index.html.erb within layouts/admin (Duration: 161.6ms | GC: 0.0ms)
  Rendered layout layouts/admin.html.erb (Duration: 167.0ms | GC: 0.0ms)
Completed 200 OK in 227ms (Views: 171.7ms | ActiveRecord: 3.9ms (4 queries, 0 cached) | GC: 0.0ms)


Started GET "/admin-portal/maintenance_logs" for 127.0.0.1 at 2026-05-25 15:52:36 +0530
Processing by Admin::MaintenanceLogsController#index as HTML
  [1m[36mUser Load (0.5ms)[0m  [1m[34mSELECT "users".* FROM "users" WHERE "users"."id" = 6 LIMIT 1 /*action='index',application='J2cRentals',controller='maintenance_logs'*/[0m
  ↳ app/controllers/application_controller.rb:10:in 'ApplicationController#current_user'
  Rendering layout layouts/admin.html.erb
  Rendering admin/maintenance_logs/index.html.erb within layouts/admin
  [1m[36mVehicle Load (0.6ms)[0m  [1m[34mSELECT "vehicles".* FROM "vehicles" ORDER BY "vehicles"."name" ASC /*action='index',application='J2cRentals',controller='maintenance_logs'*/[0m
  ↳ app/views/admin/maintenance_logs/index.html.erb:10
  [1m[36mMaintenanceLog Load (5.8ms)[0m  [1m[34mSELECT "maintenance_logs".* FROM "maintenance_logs" ORDER BY "maintenance_logs"."scheduled_on" ASC /*action='index',application='J2cRentals',controller='maintenance_logs'*/[0m
  ↳ app/views/admin/maintenance_logs/index.html.erb:23
  [1m[36mVehicle Load (0.5ms)[0m  [1m[34mSELECT "vehicles".* FROM "vehicles" WHERE "vehicles"."id" IN (29, 27) /*action='index',application='J2cRentals',controller='maintenance_logs'*/[0m
  ↳ app/views/admin/maintenance_logs/index.html.erb:23
  Rendered admin/maintenance_logs/index.html.erb within layouts/admin (Duration: 51.7ms | GC: 0.0ms)
  Rendered layout layouts/admin.html.erb (Duration: 66.8ms | GC: 0.0ms)
Completed 200 OK in 122ms (Views: 73.6ms | ActiveRecord: 8.0ms (4 queries, 0 cached) | GC: 0.0ms)


Started GET "/admin-portal/support_tickets" for 127.0.0.1 at 2026-05-25 15:52:40 +0530
Processing by Admin::SupportTicketsController#index as HTML
  [1m[36mUser Load (0.4ms)[0m  [1m[34mSELECT "users".* FROM "users" WHERE "users"."id" = 6 LIMIT 1 /*action='index',application='J2cRentals',controller='support_tickets'*/[0m
  ↳ app/controllers/application_controller.rb:10:in 'ApplicationController#current_user'
  Rendering layout layouts/admin.html.erb
  Rendering admin/support_tickets/index.html.erb within layouts/admin
  [1m[36mSupportTicket Load (0.6ms)[0m  [1m[34mSELECT "support_tickets".* FROM "support_tickets" ORDER BY "support_tickets"."created_at" DESC /*action='index',application='J2cRentals',controller='support_tickets'*/[0m
  ↳ app/views/admin/support_tickets/index.html.erb:9
  [1m[36mUser Load (0.4ms)[0m  [1m[34mSELECT "users".* FROM "users" WHERE "users"."id" = 9 /*action='index',application='J2cRentals',controller='support_tickets'*/[0m
  ↳ app/views/admin/support_tickets/index.html.erb:9
  [1m[36mReservation Load (0.7ms)[0m  [1m[34mSELECT "reservations".* FROM "reservations" WHERE "reservations"."id" = 5 /*action='index',application='J2cRentals',controller='support_tickets'*/[0m
  ↳ app/views/admin/support_tickets/index.html.erb:9
  Rendered admin/support_tickets/index.html.erb within layouts/admin (Duration: 40.8ms | GC: 0.2ms)
  Rendered layout layouts/admin.html.erb (Duration: 45.3ms | GC: 0.2ms)
Completed 200 OK in 96ms (Views: 45.2ms | ActiveRecord: 3.2ms (4 queries, 0 cached) | GC: 0.2ms)


Started GET "/admin-portal/content_blocks" for 127.0.0.1 at 2026-05-25 15:52:45 +0530
Processing by Admin::ContentBlocksController#index as HTML
  [1m[36mUser Load (0.9ms)[0m  [1m[34mSELECT "users".* FROM "users" WHERE "users"."id" = 6 LIMIT 1 /*action='index',application='J2cRentals',controller='content_blocks'*/[0m
  ↳ app/controllers/application_controller.rb:10:in 'ApplicationController#current_user'
  Rendering layout layouts/admin.html.erb
  Rendering admin/content_blocks/index.html.erb within layouts/admin
  [1m[36mContentBlock Load (0.4ms)[0m  [1m[34mSELECT "content_blocks".* FROM "content_blocks" ORDER BY "content_blocks"."placement" ASC, "content_blocks"."key" ASC /*action='index',application='J2cRentals',controller='content_blocks'*/[0m
  ↳ app/views/admin/content_blocks/index.html.erb:22
  Rendered admin/content_blocks/index.html.erb within layouts/admin (Duration: 19.4ms | GC: 0.0ms)
  Rendered layout layouts/admin.html.erb (Duration: 22.5ms | GC: 0.0ms)
Completed 200 OK in 89ms (Views: 34.0ms | ActiveRecord: 2.7ms (2 queries, 0 cached) | GC: 0.0ms)


Started GET "/admin-portal/coupons" for 127.0.0.1 at 2026-05-25 15:52:50 +0530
Processing by Admin::CouponsController#index as HTML
  [1m[36mUser Load (0.5ms)[0m  [1m[34mSELECT "users".* FROM "users" WHERE "users"."id" = 6 LIMIT 1 /*action='index',application='J2cRentals',controller='coupons'*/[0m
  ↳ app/controllers/application_controller.rb:10:in 'ApplicationController#current_user'
  Rendering layout layouts/admin.html.erb
  Rendering admin/coupons/index.html.erb within layouts/admin
  [1m[36mCoupon Load (0.6ms)[0m  [1m[34mSELECT "coupons".* FROM "coupons" ORDER BY "coupons"."created_at" DESC /*action='index',application='J2cRentals',controller='coupons'*/[0m
  ↳ app/views/admin/coupons/index.html.erb:24
  Rendered admin/coupons/index.html.erb within layouts/admin (Duration: 23.6ms | GC: 0.0ms)
  Rendered layout layouts/admin.html.erb (Duration: 41.8ms | GC: 0.0ms)
Completed 200 OK in 162ms (Views: 99.3ms | ActiveRecord: 5.4ms (2 queries, 0 cached) | GC: 0.0ms)


Started GET "/admin-portal/team" for 127.0.0.1 at 2026-05-25 15:52:54 +0530
Processing by Admin::TeamController#index as HTML
  [1m[36mUser Load (0.3ms)[0m  [1m[34mSELECT "users".* FROM "users" WHERE "users"."id" = 6 LIMIT 1 /*action='index',application='J2cRentals',controller='team'*/[0m
  ↳ app/controllers/application_controller.rb:10:in 'ApplicationController#current_user'
  Rendering layout layouts/admin.html.erb
  Rendering admin/team/index.html.erb within layouts/admin
  [1m[36mAdminInvitation Load (0.3ms)[0m  [1m[34mSELECT "admin_invitations".* FROM "admin_invitations" ORDER BY "admin_invitations"."created_at" DESC LIMIT 12 /*action='index',application='J2cRentals',controller='team'*/[0m
  ↳ app/views/admin/team/index.html.erb:21
  [1m[36mUser Load (0.3ms)[0m  [1m[34mSELECT "users".* FROM "users" WHERE "users"."role" IN ('support_agent', 'fleet_manager', 'admin', 'super_admin') ORDER BY "users"."role" ASC, "users"."name" ASC /*action='index',application='J2cRentals',controller='team'*/[0m
  ↳ app/views/admin/team/index.html.erb:38
  [1m[36mUserPermission Load (0.4ms)[0m  [1m[34mSELECT "user_permissions".* FROM "user_permissions" WHERE "user_permissions"."user_id" IN (5, 7, 6, 8) /*action='index',application='J2cRentals',controller='team'*/[0m
  ↳ app/views/admin/team/index.html.erb:38
  [1m[36mPermission Load (0.4ms)[0m  [1m[34mSELECT "permissions".* FROM "permissions" WHERE "permissions"."id" IN (1, 2, 3, 4, 5, 6, 7, 8) /*action='index',application='J2cRentals',controller='team'*/[0m
  ↳ app/views/admin/team/index.html.erb:38
  [1m[36mPermission Load (0.5ms)[0m  [1m[34mSELECT "permissions".* FROM "permissions" ORDER BY "permissions"."category" ASC, "permissions"."key" ASC /*action='index',application='J2cRentals',controller='team'*/[0m
  ↳ app/views/admin/team/index.html.erb:46
  Rendered admin/team/index.html.erb within layouts/admin (Duration: 109.9ms | GC: 0.0ms)
  Rendered layout layouts/admin.html.erb (Duration: 119.7ms | GC: 0.0ms)
Completed 200 OK in 199ms (Views: 118.7ms | ActiveRecord: 6.0ms (6 queries, 0 cached) | GC: 0.0ms)


Started GET "/admin-portal/session" for 127.0.0.1 at 2026-05-25 15:53:15 +0530
  
ActionController::RoutingError (No route matches [GET] "/admin-portal/session"):
  
Started GET "/admin-portal/session" for 127.0.0.1 at 2026-05-25 16:03:04 +0530
  
ActionController::RoutingError (No route matches [GET] "/admin-portal/session"):
  
Started GET "/" for 127.0.0.1 at 2026-05-25 16:03:08 +0530
Processing by HomeController#index as HTML
  Rendering layout layouts/application.html.erb
  Rendering home/index.html.erb within layouts/application
  [1m[36mVehicle Load (9.2ms)[0m  [1m[34mSELECT "vehicles".* FROM "vehicles" WHERE "vehicles"."featured" = TRUE LIMIT 4 /*action='index',application='J2cRentals',controller='home'*/[0m
  ↳ app/views/home/index.html.erb:56
  [1m[36mUser Load (0.4ms)[0m  [1m[34mSELECT "users".* FROM "users" WHERE "users"."id" = 6 LIMIT 1 /*action='index',application='J2cRentals',controller='home'*/[0m
  ↳ app/controllers/application_controller.rb:10:in 'ApplicationController#current_user'
  Rendered collection of vehicles/_vehicle.html.erb [4 times] (Duration: 8.5ms | GC: 0.0ms)
  Rendered home/index.html.erb within layouts/application (Duration: 33.6ms | GC: 0.0ms)
  Rendered layout layouts/application.html.erb (Duration: 42.3ms | GC: 0.0ms)
Completed 200 OK in 66ms (Views: 38.9ms | ActiveRecord: 9.6ms (2 queries, 0 cached) | GC: 0.0ms)


Started GET "/vehicles" for 127.0.0.1 at 2026-05-25 16:03:13 +0530
Processing by VehiclesController#index as HTML
  Rendering layout layouts/application.html.erb
  Rendering vehicles/index.html.erb within layouts/application
  [1m[36mVehicle Count (0.5ms)[0m  [1m[34mSELECT COUNT(*) FROM "vehicles" WHERE "vehicles"."available" = TRUE /*action='index',application='J2cRentals',controller='vehicles'*/[0m
  ↳ app/views/vehicles/index.html.erb:20
  [1m[36mVehicle Load (2.3ms)[0m  [1m[34mSELECT "vehicles".* FROM "vehicles" WHERE "vehicles"."available" = TRUE ORDER BY "vehicles"."featured" DESC, "vehicles"."daily_rate" ASC /*action='index',application='J2cRentals',controller='vehicles'*/[0m
  ↳ app/views/vehicles/index.html.erb:23
  [1m[36mUser Load (0.6ms)[0m  [1m[34mSELECT "users".* FROM "users" WHERE "users"."id" = 6 LIMIT 1 /*action='index',application='J2cRentals',controller='vehicles'*/[0m
  ↳ app/controllers/application_controller.rb:10:in 'ApplicationController#current_user'
  Rendered collection of vehicles/_vehicle.html.erb [8 times] (Duration: 48.8ms | GC: 0.0ms)
  Rendered vehicles/index.html.erb within layouts/application (Duration: 96.2ms | GC: 0.0ms)
  Rendered layout layouts/application.html.erb (Duration: 112.1ms | GC: 0.0ms)
Completed 200 OK in 152ms (Views: 115.5ms | ActiveRecord: 3.4ms (3 queries, 0 cached) | GC: 0.0ms)


Started GET "/vehicles?location=Delhi+Airport&category=Compact&transmission=Automatic&fuel=Diesel&seats=4&max_rate=12000&commit=Apply" for 127.0.0.1 at 2026-05-25 16:03:34 +0530
Processing by VehiclesController#index as HTML
  Parameters: {"location" => "Delhi Airport", "category" => "Compact", "transmission" => "Automatic", "fuel" => "Diesel", "seats" => "4", "max_rate" => "12000", "commit" => "Apply"}
[31mUnpermitted parameter: :commit. Context: { controller: VehiclesController, action: index, request: #<ActionDispatch::Request:0x000002062b004e38>, params: {"location" => "Delhi Airport", "category" => "Compact", "transmission" => "Automatic", "fuel" => "Diesel", "seats" => "4", "max_rate" => "12000", "commit" => "Apply", "controller" => "vehicles", "action" => "index"} }[0m
  Rendering layout layouts/application.html.erb
  Rendering vehicles/index.html.erb within layouts/application
  [1m[36mVehicle Count (0.4ms)[0m  [1m[34mSELECT COUNT(*) FROM "vehicles" WHERE "vehicles"."available" = TRUE AND "vehicles"."location" = 'Delhi Airport' AND "vehicles"."category" = 'Compact' AND "vehicles"."transmission" = 'Automatic' AND "vehicles"."fuel" = 'Diesel' AND (seats >= 4) AND (daily_rate <= 12000.0) /*action='index',application='J2cRentals',controller='vehicles'*/[0m
  ↳ app/views/vehicles/index.html.erb:20
  [1m[36mVehicle Load (12.8ms)[0m  [1m[34mSELECT "vehicles".* FROM "vehicles" WHERE "vehicles"."available" = TRUE AND "vehicles"."location" = 'Delhi Airport' AND "vehicles"."category" = 'Compact' AND "vehicles"."transmission" = 'Automatic' AND "vehicles"."fuel" = 'Diesel' AND (seats >= 4) AND (daily_rate <= 12000.0) ORDER BY "vehicles"."featured" DESC, "vehicles"."daily_rate" ASC /*action='index',application='J2cRentals',controller='vehicles'*/[0m
  ↳ app/views/vehicles/index.html.erb:23
  Rendered collection of templates [0 times] (Duration: 0.1ms | GC: 0.0ms)
  Rendered vehicles/index.html.erb within layouts/application (Duration: 33.8ms | GC: 0.0ms)
  [1m[36mUser Load (0.5ms)[0m  [1m[34mSELECT "users".* FROM "users" WHERE "users"."id" = 6 LIMIT 1 /*action='index',application='J2cRentals',controller='vehicles'*/[0m
  ↳ app/controllers/application_controller.rb:10:in 'ApplicationController#current_user'
  Rendered layout layouts/application.html.erb (Duration: 53.5ms | GC: 0.0ms)
Completed 200 OK in 84ms (Views: 48.2ms | ActiveRecord: 13.6ms (3 queries, 0 cached) | GC: 0.0ms)


Started GET "/vehicles" for 127.0.0.1 at 2026-05-25 16:03:39 +0530
Processing by VehiclesController#index as HTML
  Rendering layout layouts/application.html.erb
  Rendering vehicles/index.html.erb within layouts/application
  [1m[36mVehicle Count (0.3ms)[0m  [1m[34mSELECT COUNT(*) FROM "vehicles" WHERE "vehicles"."available" = TRUE /*action='index',application='J2cRentals',controller='vehicles'*/[0m
  ↳ app/views/vehicles/index.html.erb:20
  [1m[36mVehicle Load (0.4ms)[0m  [1m[34mSELECT "vehicles".* FROM "vehicles" WHERE "vehicles"."available" = TRUE ORDER BY "vehicles"."featured" DESC, "vehicles"."daily_rate" ASC /*action='index',application='J2cRentals',controller='vehicles'*/[0m
  ↳ app/views/vehicles/index.html.erb:23
  [1m[36mUser Load (0.2ms)[0m  [1m[34mSELECT "users".* FROM "users" WHERE "users"."id" = 6 LIMIT 1 /*action='index',application='J2cRentals',controller='vehicles'*/[0m
  ↳ app/controllers/application_controller.rb:10:in 'ApplicationController#current_user'
  Rendered collection of vehicles/_vehicle.html.erb [8 times] (Duration: 41.3ms | GC: 0.0ms)
  Rendered vehicles/index.html.erb within layouts/application (Duration: 49.0ms | GC: 0.0ms)
  Rendered layout layouts/application.html.erb (Duration: 51.5ms | GC: 0.0ms)
Completed 200 OK in 67ms (Views: 53.0ms | ActiveRecord: 0.8ms (3 queries, 0 cached) | GC: 0.0ms)


Started GET "/vehicles/27" for 127.0.0.1 at 2026-05-25 16:03:44 +0530
Processing by VehiclesController#show as HTML
  Parameters: {"id" => "27"}
  [1m[36mVehicle Load (0.5ms)[0m  [1m[34mSELECT "vehicles".* FROM "vehicles" WHERE "vehicles"."id" = 27 LIMIT 1 /*action='show',application='J2cRentals',controller='vehicles'*/[0m
  ↳ app/controllers/vehicles_controller.rb:12:in 'VehiclesController#show'
  Rendering layout layouts/application.html.erb
  Rendering vehicles/show.html.erb within layouts/application
  [1m[36mUser Load (0.3ms)[0m  [1m[34mSELECT "users".* FROM "users" WHERE "users"."id" = 6 LIMIT 1 /*action='show',application='J2cRentals',controller='vehicles'*/[0m
  ↳ app/controllers/application_controller.rb:10:in 'ApplicationController#current_user'
  Rendered reservations/_form.html.erb (Duration: 4.8ms | GC: 0.0ms)
  Rendered vehicles/show.html.erb within layouts/application (Duration: 10.7ms | GC: 0.0ms)
  Rendered layout layouts/application.html.erb (Duration: 16.6ms | GC: 0.0ms)
Completed 200 OK in 46ms (Views: 21.0ms | ActiveRecord: 0.8ms (2 queries, 0 cached) | GC: 0.0ms)


Started POST "/vehicles/27/reservations" for 127.0.0.1 at 2026-05-25 16:04:48 +0530
Processing by ReservationsController#create as HTML
  Parameters: {"authenticity_token" => "[FILTERED]", "reservation" => {"first_name" => "Ram", "last_name" => "Ram", "email" => "[FILTERED]", "phone" => "9777777000", "pickup_location" => "Delhi Airport", "dropoff_location" => "Bengaluru Indiranagar", "pickup_date" => "2026-05-30", "dropoff_date" => "2026-06-06", "pickup_time" => "10:00", "dropoff_time" => "10:00", "driver_age" => "28", "protection_plan" => "Essential", "notes" => "I want to pick it up myself"}, "commit" => "Confirm reservation", "vehicle_id" => "27"}
  [1m[36mVehicle Load (1.5ms)[0m  [1m[34mSELECT "vehicles".* FROM "vehicles" WHERE "vehicles"."id" = 27 LIMIT 1 /*action='create',application='J2cRentals',controller='reservations'*/[0m
  ↳ app/controllers/reservations_controller.rb:8:in 'ReservationsController#create'
  [1m[36mUser Load (0.6ms)[0m  [1m[34mSELECT "users".* FROM "users" WHERE "users"."id" = 6 LIMIT 1 /*action='create',application='J2cRentals',controller='reservations'*/[0m
  ↳ app/controllers/application_controller.rb:10:in 'ApplicationController#current_user'
  [1m[36mTRANSACTION (0.2ms)[0m  [1m[35mBEGIN immediate TRANSACTION /*action='create',application='J2cRentals',controller='reservations'*/[0m
  ↳ app/models/reservation.rb:112:in 'Reservation#vehicle_available_for_dates'
  [1m[36mReservation Exists? (17.5ms)[0m  [1m[34mSELECT 1 AS one FROM "reservations" WHERE "reservations"."vehicle_id" = 27 AND "reservations"."status" IN ('pending', 'approved', 'active') AND (pickup_date < '2026-06-06' AND dropoff_date > '2026-05-30') LIMIT 1 /*action='create',application='J2cRentals',controller='reservations'*/[0m
  ↳ app/models/reservation.rb:112:in 'Reservation#vehicle_available_for_dates'
  [1m[36mReservation Create (0.6ms)[0m  [1m[32mINSERT INTO "reservations" ("vehicle_id", "first_name", "last_name", "email", "phone", "pickup_location", "dropoff_location", "pickup_date", "dropoff_date", "pickup_time", "dropoff_time", "driver_age", "protection_plan", "extras", "status", "confirmation_code", "total_price", "notes", "created_at", "updated_at", "deposit_amount", "deposit_status", "document_status", "admin_notes", "reviewed_at", "reviewed_by", "user_id", "coupon_id", "cancelled_at", "cancellation_reason", "invoice_number", "pricing_snapshot") VALUES (27, 'Ram', 'Ram', 'ram@ram.com', '9777777000', 'Delhi Airport', 'Bengaluru Indiranagar', '2026-05-30', '2026-06-06', '10:00', '10:00', 28, 'Essential', '[]', 'pending', 'J2CVXTU5F', 31992.0, 'I want to pick it up myself', '2026-05-25 10:34:49.655685', '2026-05-25 10:34:49.655685', 4499.0, 'Pending', 'Pending review', NULL, NULL, NULL, 6, NULL, NULL, NULL, 'INV-202605-PVSA9', '{"daily_rate":"4499.0","days":7,"protection":499,"extras":[],"extra_total":0,"discount":"0.0"}') RETURNING "id" /*action='create',application='J2cRentals',controller='reservations'*/[0m
  ↳ app/controllers/reservations_controller.rb:11:in 'ReservationsController#create'
  [1m[36mTRANSACTION (43.4ms)[0m  [1m[35mCOMMIT TRANSACTION /*action='create',application='J2cRentals',controller='reservations'*/[0m
  ↳ app/controllers/reservations_controller.rb:11:in 'ReservationsController#create'
Redirected to http://127.0.0.1:3000/reservations/J2CVXTU5F
↳ app/controllers/reservations_controller.rb:12:in 'ReservationsController#create'
Completed 302 Found in 378ms (ActiveRecord: 63.7ms (4 queries, 0 cached) | GC: 0.0ms)


Started GET "/reservations/J2CVXTU5F" for 127.0.0.1 at 2026-05-25 16:04:49 +0530
Processing by ReservationsController#show as HTML
  Parameters: {"id" => "J2CVXTU5F"}
  [1m[36mReservation Load (0.6ms)[0m  [1m[34mSELECT "reservations".* FROM "reservations" WHERE "reservations"."confirmation_code" = 'J2CVXTU5F' LIMIT 1 /*action='show',application='J2cRentals',controller='reservations'*/[0m
  ↳ app/controllers/reservations_controller.rb:19:in 'ReservationsController#show'
  Rendering layout layouts/application.html.erb
  Rendering reservations/show.html.erb within layouts/application
  [1m[36mVehicle Load (0.4ms)[0m  [1m[34mSELECT "vehicles".* FROM "vehicles" WHERE "vehicles"."id" = 27 LIMIT 1 /*action='show',application='J2cRentals',controller='reservations'*/[0m
  ↳ app/views/reservations/show.html.erb:6
  Rendered reservations/show.html.erb within layouts/application (Duration: 13.8ms | GC: 0.0ms)
  [1m[36mUser Load (0.5ms)[0m  [1m[34mSELECT "users".* FROM "users" WHERE "users"."id" = 6 LIMIT 1 /*action='show',application='J2cRentals',controller='reservations'*/[0m
  ↳ app/controllers/application_controller.rb:10:in 'ApplicationController#current_user'
  Rendered layout layouts/application.html.erb (Duration: 33.3ms | GC: 0.0ms)
Completed 200 OK in 69ms (Views: 34.1ms | ActiveRecord: 1.5ms (3 queries, 0 cached) | GC: 0.0ms)


Started GET "/reservations/lookup" for 127.0.0.1 at 2026-05-25 16:05:05 +0530
Processing by ReservationsController#lookup as HTML
  Rendering layout layouts/application.html.erb
  Rendering reservations/lookup.html.erb within layouts/application
  Rendered reservations/lookup.html.erb within layouts/application (Duration: 1.7ms | GC: 0.0ms)
  [1m[36mUser Load (0.5ms)[0m  [1m[34mSELECT "users".* FROM "users" WHERE "users"."id" = 6 LIMIT 1 /*action='lookup',application='J2cRentals',controller='reservations'*/[0m
  ↳ app/controllers/application_controller.rb:10:in 'ApplicationController#current_user'
  Rendered layout layouts/application.html.erb (Duration: 21.1ms | GC: 0.0ms)
Completed 200 OK in 41ms (Views: 27.2ms | ActiveRecord: 0.5ms (1 query, 0 cached) | GC: 0.0ms)


Started POST "/reservations/find" for 127.0.0.1 at 2026-05-25 16:05:08 +0530
Processing by ReservationsController#find as HTML
  Parameters: {"authenticity_token" => "[FILTERED]", "confirmation_code" => "J2CVXTU5F", "commit" => "Find"}
  [1m[36mReservation Load (0.5ms)[0m  [1m[34mSELECT "reservations".* FROM "reservations" WHERE "reservations"."confirmation_code" = 'J2CVXTU5F' LIMIT 1 /*action='find',application='J2cRentals',controller='reservations'*/[0m
  ↳ app/controllers/reservations_controller.rb:26:in 'ReservationsController#find'
Redirected to http://127.0.0.1:3000/reservations/J2CVXTU5F
↳ app/controllers/reservations_controller.rb:29:in 'ReservationsController#find'
Completed 302 Found in 47ms (ActiveRecord: 0.5ms (1 query, 0 cached) | GC: 0.0ms)


Started GET "/reservations/J2CVXTU5F" for 127.0.0.1 at 2026-05-25 16:05:08 +0530
Processing by ReservationsController#show as HTML
  Parameters: {"id" => "J2CVXTU5F"}
  [1m[36mReservation Load (0.7ms)[0m  [1m[34mSELECT "reservations".* FROM "reservations" WHERE "reservations"."confirmation_code" = 'J2CVXTU5F' LIMIT 1 /*action='show',application='J2cRentals',controller='reservations'*/[0m
  ↳ app/controllers/reservations_controller.rb:19:in 'ReservationsController#show'
  Rendering layout layouts/application.html.erb
  Rendering reservations/show.html.erb within layouts/application
  [1m[36mVehicle Load (0.5ms)[0m  [1m[34mSELECT "vehicles".* FROM "vehicles" WHERE "vehicles"."id" = 27 LIMIT 1 /*action='show',application='J2cRentals',controller='reservations'*/[0m
  ↳ app/views/reservations/show.html.erb:6
  Rendered reservations/show.html.erb within layouts/application (Duration: 50.5ms | GC: 0.0ms)
  [1m[36mUser Load (0.4ms)[0m  [1m[34mSELECT "users".* FROM "users" WHERE "users"."id" = 6 LIMIT 1 /*action='show',application='J2cRentals',controller='reservations'*/[0m
  ↳ app/controllers/application_controller.rb:10:in 'ApplicationController#current_user'
  Rendered layout layouts/application.html.erb (Duration: 170.8ms | GC: 0.0ms)
Completed 200 OK in 265ms (Views: 214.5ms | ActiveRecord: 1.6ms (3 queries, 0 cached) | GC: 0.0ms)


Started GET "/account" for 127.0.0.1 at 2026-05-25 16:05:13 +0530
  
ActionDispatch::MissingController (uninitialized constant AccountsController)
Caused by: NameError (uninitialized constant AccountsController)

Information for: ActionDispatch::MissingController (uninitialized constant AccountsController):
  
actionpack (8.1.3) lib/action_dispatch/http/request.rb:101:in 'ActionDispatch::Request#controller_class_for'
actionpack (8.1.3) lib/action_dispatch/http/request.rb:90:in 'ActionDispatch::Request#controller_class'
actionpack (8.1.3) lib/action_dispatch/routing/route_set.rb:61:in 'ActionDispatch::Routing::RouteSet::Dispatcher#controller'
actionpack (8.1.3) lib/action_dispatch/routing/route_set.rb:48:in 'ActionDispatch::Routing::RouteSet::Dispatcher#serve'
actionpack (8.1.3) lib/action_dispatch/journey/router.rb:35:in 'block in ActionDispatch::Journey::Router#serve'
actionpack (8.1.3) lib/action_dispatch/journey/router.rb:86:in 'block in ActionDispatch::Journey::Router#recognize'
actionpack (8.1.3) lib/action_dispatch/journey/router.rb:66:in 'Array#each'
actionpack (8.1.3) lib/action_dispatch/journey/router.rb:66:in 'ActionDispatch::Journey::Router#recognize'
actionpack (8.1.3) lib/action_dispatch/journey/router.rb:31:in 'ActionDispatch::Journey::Router#serve'
actionpack (8.1.3) lib/action_dispatch/routing/route_set.rb:906:in 'ActionDispatch::Routing::RouteSet#call'
railties (8.1.3) lib/rails/engine/lazy_route_set.rb:60:in 'Rails::Engine::LazyRouteSet#call'
rack (3.2.6) lib/rack/tempfile_reaper.rb:20:in 'Rack::TempfileReaper#call'
rack (3.2.6) lib/rack/etag.rb:29:in 'Rack::ETag#call'
rack (3.2.6) lib/rack/conditional_get.rb:31:in 'Rack::ConditionalGet#call'
rack (3.2.6) lib/rack/head.rb:15:in 'Rack::Head#call'
actionpack (8.1.3) lib/action_dispatch/http/content_security_policy.rb:38:in 'ActionDispatch::ContentSecurityPolicy::Middleware#call'
rack-session (2.1.2) lib/rack/session/abstract/id.rb:274:in 'Rack::Session::Abstract::Persisted#context'
rack-session (2.1.2) lib/rack/session/abstract/id.rb:268:in 'Rack::Session::Abstract::Persisted#call'
actionpack (8.1.3) lib/action_dispatch/middleware/cookies.rb:708:in 'ActionDispatch::Cookies#call'
activerecord (8.1.3) lib/active_record/migration.rb:671:in 'ActiveRecord::Migration::CheckPending#call'
actionpack (8.1.3) lib/action_dispatch/middleware/callbacks.rb:31:in 'block in ActionDispatch::Callbacks#call'
activesupport (8.1.3) lib/active_support/callbacks.rb:101:in 'ActiveSupport::Callbacks#run_callbacks'
actionpack (8.1.3) lib/action_dispatch/middleware/callbacks.rb:30:in 'ActionDispatch::Callbacks#call'
actionpack (8.1.3) lib/action_dispatch/middleware/executor.rb:20:in 'ActionDispatch::Executor#call'
actionpack (8.1.3) lib/action_dispatch/middleware/actionable_exceptions.rb:18:in 'ActionDispatch::ActionableExceptions#call'
actionpack (8.1.3) lib/action_dispatch/middleware/debug_exceptions.rb:31:in 'ActionDispatch::DebugExceptions#call'
actionpack (8.1.3) lib/action_dispatch/middleware/show_exceptions.rb:32:in 'ActionDispatch::ShowExceptions#call'
railties (8.1.3) lib/rails/rack/logger.rb:41:in 'Rails::Rack::Logger#call_app'
railties (8.1.3) lib/rails/rack/logger.rb:29:in 'Rails::Rack::Logger#call'
propshaft (1.3.2) lib/propshaft/quiet_assets.rb:11:in 'Propshaft::QuietAssets#call'
actionpack (8.1.3) lib/action_dispatch/middleware/remote_ip.rb:98:in 'ActionDispatch::RemoteIp#call'
actionpack (8.1.3) lib/action_dispatch/middleware/request_id.rb:34:in 'ActionDispatch::RequestId#call'
rack (3.2.6) lib/rack/method_override.rb:28:in 'Rack::MethodOverride#call'
rack (3.2.6) lib/rack/runtime.rb:24:in 'Rack::Runtime#call'
activesupport (8.1.3) lib/active_support/cache/strategy/local_cache_middleware.rb:30:in 'ActiveSupport::Cache::Strategy::LocalCache::Middleware#call'
actionpack (8.1.3) lib/action_dispatch/middleware/server_timing.rb:61:in 'block in ActionDispatch::ServerTiming#call'
actionpack (8.1.3) lib/action_dispatch/middleware/server_timing.rb:26:in 'ActionDispatch::ServerTiming::Subscriber#collect_events'
actionpack (8.1.3) lib/action_dispatch/middleware/server_timing.rb:60:in 'ActionDispatch::ServerTiming#call'
actionpack (8.1.3) lib/action_dispatch/middleware/executor.rb:20:in 'ActionDispatch::Executor#call'
propshaft (1.3.2) lib/propshaft/server.rb:37:in 'Propshaft::Server#call'
actionpack (8.1.3) lib/action_dispatch/middleware/static.rb:27:in 'ActionDispatch::Static#call'
rack (3.2.6) lib/rack/sendfile.rb:131:in 'Rack::Sendfile#call'
actionpack (8.1.3) lib/action_dispatch/middleware/host_authorization.rb:143:in 'ActionDispatch::HostAuthorization#call'
railties (8.1.3) lib/rails/engine.rb:534:in 'Rails::Engine#call'
puma (8.0.1) lib/puma/configuration.rb:305:in 'Puma::Configuration::ConfigMiddleware#call'
puma (8.0.1) lib/puma/response.rb:79:in 'block in Puma::Response#handle_request'
puma (8.0.1) lib/puma/thread_pool.rb:434:in 'Puma::ThreadPool#with_force_shutdown'
puma (8.0.1) lib/puma/response.rb:78:in 'Puma::Response#handle_request'
puma (8.0.1) lib/puma/server.rb:508:in 'Puma::Server#process_client'
puma (8.0.1) lib/puma/server.rb:263:in 'block in Puma::Server#run'
puma (8.0.1) lib/puma/thread_pool.rb:246:in 'block in Puma::ThreadPool#spawn_thread'

Information for cause: NameError (uninitialized constant AccountsController):
  
activesupport (8.1.3) lib/active_support/inflector/methods.rb:290:in 'ActiveSupport::Inflector#constantize'
activesupport (8.1.3) lib/active_support/core_ext/string/inflections.rb:74:in 'String#constantize'
actionpack (8.1.3) lib/action_dispatch/http/request.rb:98:in 'ActionDispatch::Request#controller_class_for'
actionpack (8.1.3) lib/action_dispatch/http/request.rb:90:in 'ActionDispatch::Request#controller_class'
actionpack (8.1.3) lib/action_dispatch/routing/route_set.rb:61:in 'ActionDispatch::Routing::RouteSet::Dispatcher#controller'
actionpack (8.1.3) lib/action_dispatch/routing/route_set.rb:48:in 'ActionDispatch::Routing::RouteSet::Dispatcher#serve'
actionpack (8.1.3) lib/action_dispatch/journey/router.rb:35:in 'block in ActionDispatch::Journey::Router#serve'
actionpack (8.1.3) lib/action_dispatch/journey/router.rb:86:in 'block in ActionDispatch::Journey::Router#recognize'
actionpack (8.1.3) lib/action_dispatch/journey/router.rb:66:in 'Array#each'
actionpack (8.1.3) lib/action_dispatch/journey/router.rb:66:in 'ActionDispatch::Journey::Router#recognize'
actionpack (8.1.3) lib/action_dispatch/journey/router.rb:31:in 'ActionDispatch::Journey::Router#serve'
actionpack (8.1.3) lib/action_dispatch/routing/route_set.rb:906:in 'ActionDispatch::Routing::RouteSet#call'
railties (8.1.3) lib/rails/engine/lazy_route_set.rb:60:in 'Rails::Engine::LazyRouteSet#call'
rack (3.2.6) lib/rack/tempfile_reaper.rb:20:in 'Rack::TempfileReaper#call'
rack (3.2.6) lib/rack/etag.rb:29:in 'Rack::ETag#call'
rack (3.2.6) lib/rack/conditional_get.rb:31:in 'Rack::ConditionalGet#call'
rack (3.2.6) lib/rack/head.rb:15:in 'Rack::Head#call'
actionpack (8.1.3) lib/action_dispatch/http/content_security_policy.rb:38:in 'ActionDispatch::ContentSecurityPolicy::Middleware#call'
rack-session (2.1.2) lib/rack/session/abstract/id.rb:274:in 'Rack::Session::Abstract::Persisted#context'
rack-session (2.1.2) lib/rack/session/abstract/id.rb:268:in 'Rack::Session::Abstract::Persisted#call'
actionpack (8.1.3) lib/action_dispatch/middleware/cookies.rb:708:in 'ActionDispatch::Cookies#call'
activerecord (8.1.3) lib/active_record/migration.rb:671:in 'ActiveRecord::Migration::CheckPending#call'
actionpack (8.1.3) lib/action_dispatch/middleware/callbacks.rb:31:in 'block in ActionDispatch::Callbacks#call'
activesupport (8.1.3) lib/active_support/callbacks.rb:101:in 'ActiveSupport::Callbacks#run_callbacks'
actionpack (8.1.3) lib/action_dispatch/middleware/callbacks.rb:30:in 'ActionDispatch::Callbacks#call'
actionpack (8.1.3) lib/action_dispatch/middleware/executor.rb:20:in 'ActionDispatch::Executor#call'
actionpack (8.1.3) lib/action_dispatch/middleware/actionable_exceptions.rb:18:in 'ActionDispatch::ActionableExceptions#call'
actionpack (8.1.3) lib/action_dispatch/middleware/debug_exceptions.rb:31:in 'ActionDispatch::DebugExceptions#call'
actionpack (8.1.3) lib/action_dispatch/middleware/show_exceptions.rb:32:in 'ActionDispatch::ShowExceptions#call'
railties (8.1.3) lib/rails/rack/logger.rb:41:in 'Rails::Rack::Logger#call_app'
railties (8.1.3) lib/rails/rack/logger.rb:29:in 'Rails::Rack::Logger#call'
propshaft (1.3.2) lib/propshaft/quiet_assets.rb:11:in 'Propshaft::QuietAssets#call'
actionpack (8.1.3) lib/action_dispatch/middleware/remote_ip.rb:98:in 'ActionDispatch::RemoteIp#call'
actionpack (8.1.3) lib/action_dispatch/middleware/request_id.rb:34:in 'ActionDispatch::RequestId#call'
rack (3.2.6) lib/rack/method_override.rb:28:in 'Rack::MethodOverride#call'
rack (3.2.6) lib/rack/runtime.rb:24:in 'Rack::Runtime#call'
activesupport (8.1.3) lib/active_support/cache/strategy/local_cache_middleware.rb:30:in 'ActiveSupport::Cache::Strategy::LocalCache::Middleware#call'
actionpack (8.1.3) lib/action_dispatch/middleware/server_timing.rb:61:in 'block in ActionDispatch::ServerTiming#call'
actionpack (8.1.3) lib/action_dispatch/middleware/server_timing.rb:26:in 'ActionDispatch::ServerTiming::Subscriber#collect_events'
actionpack (8.1.3) lib/action_dispatch/middleware/server_timing.rb:60:in 'ActionDispatch::ServerTiming#call'
actionpack (8.1.3) lib/action_dispatch/middleware/executor.rb:20:in 'ActionDispatch::Executor#call'
propshaft (1.3.2) lib/propshaft/server.rb:37:in 'Propshaft::Server#call'
actionpack (8.1.3) lib/action_dispatch/middleware/static.rb:27:in 'ActionDispatch::Static#call'
rack (3.2.6) lib/rack/sendfile.rb:131:in 'Rack::Sendfile#call'
actionpack (8.1.3) lib/action_dispatch/middleware/host_authorization.rb:143:in 'ActionDispatch::HostAuthorization#call'
railties (8.1.3) lib/rails/engine.rb:534:in 'Rails::Engine#call'
puma (8.0.1) lib/puma/configuration.rb:305:in 'Puma::Configuration::ConfigMiddleware#call'
puma (8.0.1) lib/puma/response.rb:79:in 'block in Puma::Response#handle_request'
puma (8.0.1) lib/puma/thread_pool.rb:434:in 'Puma::ThreadPool#with_force_shutdown'
puma (8.0.1) lib/puma/response.rb:78:in 'Puma::Response#handle_request'
puma (8.0.1) lib/puma/server.rb:508:in 'Puma::Server#process_client'
puma (8.0.1) lib/puma/server.rb:263:in 'block in Puma::Server#run'
puma (8.0.1) lib/puma/thread_pool.rb:246:in 'block in Puma::ThreadPool#spawn_thread'
Started GET "/admin-portal" for 127.0.0.1 at 2026-05-25 16:05:26 +0530
Processing by Admin::DashboardController#index as HTML
  [1m[36mUser Load (0.4ms)[0m  [1m[34mSELECT "users".* FROM "users" WHERE "users"."id" = 6 LIMIT 1 /*action='index',application='J2cRentals',controller='dashboard'*/[0m
  ↳ app/controllers/application_controller.rb:10:in 'ApplicationController#current_user'
  [1m[36mVehicle Count (0.3ms)[0m  [1m[34mSELECT COUNT(*) FROM "vehicles" /*action='index',application='J2cRentals',controller='dashboard'*/[0m
  ↳ app/controllers/admin/dashboard_controller.rb:4:in 'Admin::DashboardController#index'
  [1m[36mReservation Count (0.3ms)[0m  [1m[34mSELECT COUNT(*) FROM "reservations" WHERE "reservations"."status" = 'pending' /*action='index',application='J2cRentals',controller='dashboard'*/[0m
  ↳ app/controllers/admin/dashboard_controller.rb:5:in 'Admin::DashboardController#index'
  [1m[36mReservation Count (0.2ms)[0m  [1m[34mSELECT COUNT(*) FROM "reservations" WHERE "reservations"."status" = 'active' /*action='index',application='J2cRentals',controller='dashboard'*/[0m
  ↳ app/controllers/admin/dashboard_controller.rb:6:in 'Admin::DashboardController#index'
  [1m[36mReservation Count (0.5ms)[0m  [1m[34mSELECT COUNT(*) FROM "reservations" WHERE "reservations"."status" = 'active' AND (dropoff_date < '2026-05-25') /*action='index',application='J2cRentals',controller='dashboard'*/[0m
  ↳ app/controllers/admin/dashboard_controller.rb:7:in 'Admin::DashboardController#index'
  [1m[36mMaintenanceLog Count (0.5ms)[0m  [1m[34mSELECT COUNT(*) FROM "maintenance_logs" WHERE "maintenance_logs"."status" IN ('Scheduled', 'Overdue') AND (scheduled_on <= '2026-06-01') /*action='index',application='J2cRentals',controller='dashboard'*/[0m
  ↳ app/controllers/admin/dashboard_controller.rb:8:in 'Admin::DashboardController#index'
  [1m[36mReservation Sum (0.6ms)[0m  [1m[34mSELECT SUM("reservations"."deposit_amount") FROM "reservations" WHERE "reservations"."deposit_status" = 'Paid' /*action='index',application='J2cRentals',controller='dashboard'*/[0m
  ↳ app/controllers/admin/dashboard_controller.rb:9:in 'Admin::DashboardController#index'
  [1m[36mPayment Sum (0.4ms)[0m  [1m[34mSELECT SUM("payments"."amount") FROM "payments" WHERE "payments"."status" = 'Paid' AND "payments"."paid_at" BETWEEN '2026-05-01 00:00:00' AND '2026-05-31 23:59:59.999999' /*action='index',application='J2cRentals',controller='dashboard'*/[0m
  ↳ app/controllers/admin/dashboard_controller.rb:10:in 'Admin::DashboardController#index'
  [1m[36mCACHE Vehicle Count (0.0ms)[0m  [1m[34mSELECT COUNT(*) FROM "vehicles"[0m
  ↳ app/controllers/admin/dashboard_controller.rb:11:in 'Admin::DashboardController#index'
  [1m[36mVehicle Load (0.5ms)[0m  [1m[34mSELECT "vehicles".* FROM "vehicles" /*action='index',application='J2cRentals',controller='dashboard'*/[0m
  ↳ app/controllers/admin/dashboard_controller.rb:11:in 'Admin::DashboardController#index'
  [1m[36mReservation Load (0.6ms)[0m  [1m[34mSELECT "reservations".* FROM "reservations" WHERE "reservations"."vehicle_id" = 25 AND "reservations"."status" IN ('approved', 'active', 'completed') /*action='index',application='J2cRentals',controller='dashboard'*/[0m
  ↳ app/models/vehicle.rb:35:in 'Vehicle#utilization_percent'
  [1m[36mReservation Load (0.5ms)[0m  [1m[34mSELECT "reservations".* FROM "reservations" WHERE "reservations"."vehicle_id" = 26 AND "reservations"."status" IN ('approved', 'active', 'completed') /*action='index',application='J2cRentals',controller='dashboard'*/[0m
  ↳ app/models/vehicle.rb:35:in 'Vehicle#utilization_percent'
  [1m[36mReservation Load (0.6ms)[0m  [1m[34mSELECT "reservations".* FROM "reservations" WHERE "reservations"."vehicle_id" = 27 AND "reservations"."status" IN ('approved', 'active', 'completed') /*action='index',application='J2cRentals',controller='dashboard'*/[0m
  ↳ app/models/vehicle.rb:35:in 'Vehicle#utilization_percent'
  [1m[36mReservation Load (0.5ms)[0m  [1m[34mSELECT "reservations".* FROM "reservations" WHERE "reservations"."vehicle_id" = 28 AND "reservations"."status" IN ('approved', 'active', 'completed') /*action='index',application='J2cRentals',controller='dashboard'*/[0m
  ↳ app/models/vehicle.rb:35:in 'Vehicle#utilization_percent'
  [1m[36mReservation Load (0.5ms)[0m  [1m[34mSELECT "reservations".* FROM "reservations" WHERE "reservations"."vehicle_id" = 29 AND "reservations"."status" IN ('approved', 'active', 'completed') /*action='index',application='J2cRentals',controller='dashboard'*/[0m
  ↳ app/models/vehicle.rb:35:in 'Vehicle#utilization_percent'
  [1m[36mReservation Load (0.5ms)[0m  [1m[34mSELECT "reservations".* FROM "reservations" WHERE "reservations"."vehicle_id" = 30 AND "reservations"."status" IN ('approved', 'active', 'completed') /*action='index',application='J2cRentals',controller='dashboard'*/[0m
  ↳ app/models/vehicle.rb:35:in 'Vehicle#utilization_percent'
  [1m[36mReservation Load (0.5ms)[0m  [1m[34mSELECT "reservations".* FROM "reservations" WHERE "reservations"."vehicle_id" = 31 AND "reservations"."status" IN ('approved', 'active', 'completed') /*action='index',application='J2cRentals',controller='dashboard'*/[0m
  ↳ app/models/vehicle.rb:35:in 'Vehicle#utilization_percent'
  [1m[36mReservation Load (0.4ms)[0m  [1m[34mSELECT "reservations".* FROM "reservations" WHERE "reservations"."vehicle_id" = 32 AND "reservations"."status" IN ('approved', 'active', 'completed') /*action='index',application='J2cRentals',controller='dashboard'*/[0m
  ↳ app/models/vehicle.rb:35:in 'Vehicle#utilization_percent'
  [1m[36mCACHE Vehicle Count (0.0ms)[0m  [1m[34mSELECT COUNT(*) FROM "vehicles"[0m
  ↳ app/controllers/admin/dashboard_controller.rb:11:in 'Admin::DashboardController#index'
  [1m[36mLead Count (0.3ms)[0m  [1m[34mSELECT COUNT(*) FROM "leads" WHERE "leads"."status" NOT IN ('Managed', 'Lost') /*action='index',application='J2cRentals',controller='dashboard'*/[0m
  ↳ app/controllers/admin/dashboard_controller.rb:12:in 'Admin::DashboardController#index'
  [1m[36mLead Count (0.3ms)[0m  [1m[34mSELECT COUNT(*) AS "count_all", "leads"."status" AS "leads_status" FROM "leads" GROUP BY "leads"."status" /*action='index',application='J2cRentals',controller='dashboard'*/[0m
  ↳ app/controllers/admin/dashboard_controller.rb:14:in 'Admin::DashboardController#index'
  Rendering layout layouts/admin.html.erb
  Rendering admin/dashboard/index.html.erb within layouts/admin
  [1m[36mReservation Load (0.7ms)[0m  [1m[34mSELECT "reservations".* FROM "reservations" ORDER BY "reservations"."created_at" DESC LIMIT 6 /*action='index',application='J2cRentals',controller='dashboard'*/[0m
  ↳ app/views/admin/dashboard/index.html.erb:42
  [1m[36mVehicle Load (0.4ms)[0m  [1m[34mSELECT "vehicles".* FROM "vehicles" WHERE "vehicles"."id" IN (27, 25, 28) /*action='index',application='J2cRentals',controller='dashboard'*/[0m
  ↳ app/views/admin/dashboard/index.html.erb:42
  [1m[36mAdminAction Load (0.4ms)[0m  [1m[34mSELECT "admin_actions".* FROM "admin_actions" ORDER BY "admin_actions"."created_at" DESC LIMIT 8 /*action='index',application='J2cRentals',controller='dashboard'*/[0m
  ↳ app/views/admin/dashboard/index.html.erb:66
  [1m[36mUser Load (0.3ms)[0m  [1m[34mSELECT "users".* FROM "users" WHERE "users"."id" IN (6, 5) /*action='index',application='J2cRentals',controller='dashboard'*/[0m
  ↳ app/views/admin/dashboard/index.html.erb:66
  Rendered admin/dashboard/index.html.erb within layouts/admin (Duration: 28.8ms | GC: 0.0ms)
  Rendered layout layouts/admin.html.erb (Duration: 32.3ms | GC: 0.0ms)
Completed 200 OK in 188ms (Views: 32.5ms | ActiveRecord: 10.1ms (25 queries, 2 cached) | GC: 0.0ms)


Started GET "/admin-portal/reservations" for 127.0.0.1 at 2026-05-25 16:05:28 +0530
Processing by Admin::ReservationsController#index as HTML
  [1m[36mUser Load (0.8ms)[0m  [1m[34mSELECT "users".* FROM "users" WHERE "users"."id" = 6 LIMIT 1 /*action='index',application='J2cRentals',controller='reservations'*/[0m
  ↳ app/controllers/application_controller.rb:10:in 'ApplicationController#current_user'
  Rendering layout layouts/admin.html.erb
  Rendering admin/reservations/index.html.erb within layouts/admin
  [1m[36mReservation Load (0.8ms)[0m  [1m[34mSELECT "reservations".* FROM "reservations" ORDER BY "reservations"."created_at" DESC /*action='index',application='J2cRentals',controller='reservations'*/[0m
  ↳ app/views/admin/reservations/index.html.erb:18
  [1m[36mVehicle Load (1.0ms)[0m  [1m[34mSELECT "vehicles".* FROM "vehicles" WHERE "vehicles"."id" IN (27, 25, 28) /*action='index',application='J2cRentals',controller='reservations'*/[0m
  ↳ app/views/admin/reservations/index.html.erb:18
  Rendered admin/reservations/index.html.erb within layouts/admin (Duration: 54.9ms | GC: 0.0ms)
  Rendered layout layouts/admin.html.erb (Duration: 72.4ms | GC: 0.0ms)
Completed 200 OK in 168ms (Views: 80.0ms | ActiveRecord: 2.5ms (3 queries, 0 cached) | GC: 0.0ms)


Started GET "/admin-portal/reservations?status=pending" for 127.0.0.1 at 2026-05-25 16:05:35 +0530
Processing by Admin::ReservationsController#index as HTML
  Parameters: {"status" => "pending"}
  [1m[36mUser Load (0.5ms)[0m  [1m[34mSELECT "users".* FROM "users" WHERE "users"."id" = 6 LIMIT 1 /*action='index',application='J2cRentals',controller='reservations'*/[0m
  ↳ app/controllers/application_controller.rb:10:in 'ApplicationController#current_user'
  Rendering layout layouts/admin.html.erb
  Rendering admin/reservations/index.html.erb within layouts/admin
  [1m[36mReservation Load (0.8ms)[0m  [1m[34mSELECT "reservations".* FROM "reservations" WHERE "reservations"."status" = 'pending' ORDER BY "reservations"."created_at" DESC /*action='index',application='J2cRentals',controller='reservations'*/[0m
  ↳ app/views/admin/reservations/index.html.erb:18
  [1m[36mVehicle Load (0.5ms)[0m  [1m[34mSELECT "vehicles".* FROM "vehicles" WHERE "vehicles"."id" IN (27, 25) /*action='index',application='J2cRentals',controller='reservations'*/[0m
  ↳ app/views/admin/reservations/index.html.erb:18
  Rendered admin/reservations/index.html.erb within layouts/admin (Duration: 14.0ms | GC: 0.0ms)
  Rendered layout layouts/admin.html.erb (Duration: 17.9ms | GC: 0.0ms)
Completed 200 OK in 41ms (Views: 19.0ms | ActiveRecord: 1.8ms (3 queries, 0 cached) | GC: 0.0ms)


Started GET "/admin-portal/reservations?status=approved" for 127.0.0.1 at 2026-05-25 16:05:37 +0530
Processing by Admin::ReservationsController#index as HTML
  Parameters: {"status" => "approved"}
  [1m[36mUser Load (0.5ms)[0m  [1m[34mSELECT "users".* FROM "users" WHERE "users"."id" = 6 LIMIT 1 /*action='index',application='J2cRentals',controller='reservations'*/[0m
  ↳ app/controllers/application_controller.rb:10:in 'ApplicationController#current_user'
  Rendering layout layouts/admin.html.erb
  Rendering admin/reservations/index.html.erb within layouts/admin
  [1m[36mReservation Load (0.7ms)[0m  [1m[34mSELECT "reservations".* FROM "reservations" WHERE "reservations"."status" = 'approved' ORDER BY "reservations"."created_at" DESC /*action='index',application='J2cRentals',controller='reservations'*/[0m
  ↳ app/views/admin/reservations/index.html.erb:18
  [1m[36mVehicle Load (0.4ms)[0m  [1m[34mSELECT "vehicles".* FROM "vehicles" WHERE "vehicles"."id" = 28 /*action='index',application='J2cRentals',controller='reservations'*/[0m
  ↳ app/views/admin/reservations/index.html.erb:18
  Rendered admin/reservations/index.html.erb within layouts/admin (Duration: 17.0ms | GC: 0.0ms)
  Rendered layout layouts/admin.html.erb (Duration: 24.9ms | GC: 0.0ms)
Completed 200 OK in 49ms (Views: 25.7ms | ActiveRecord: 1.6ms (3 queries, 0 cached) | GC: 0.0ms)


Started GET "/admin-portal/reservations?status=active" for 127.0.0.1 at 2026-05-25 16:05:38 +0530
Processing by Admin::ReservationsController#index as HTML
  Parameters: {"status" => "active"}
  [1m[36mUser Load (6.2ms)[0m  [1m[34mSELECT "users".* FROM "users" WHERE "users"."id" = 6 LIMIT 1 /*action='index',application='J2cRentals',controller='reservations'*/[0m
  ↳ app/controllers/application_controller.rb:10:in 'ApplicationController#current_user'
  Rendering layout layouts/admin.html.erb
  Rendering admin/reservations/index.html.erb within layouts/admin
  [1m[36mReservation Load (0.5ms)[0m  [1m[34mSELECT "reservations".* FROM "reservations" WHERE "reservations"."status" = 'active' ORDER BY "reservations"."created_at" DESC /*action='index',application='J2cRentals',controller='reservations'*/[0m
  ↳ app/views/admin/reservations/index.html.erb:18
  Rendered admin/reservations/index.html.erb within layouts/admin (Duration: 8.0ms | GC: 0.0ms)
  Rendered layout layouts/admin.html.erb (Duration: 23.3ms | GC: 0.0ms)
Completed 200 OK in 68ms (Views: 27.2ms | ActiveRecord: 6.6ms (2 queries, 0 cached) | GC: 0.0ms)


Started GET "/admin-portal/reservations?status=completed" for 127.0.0.1 at 2026-05-25 16:05:40 +0530
Processing by Admin::ReservationsController#index as HTML
  Parameters: {"status" => "completed"}
  [1m[36mUser Load (0.5ms)[0m  [1m[34mSELECT "users".* FROM "users" WHERE "users"."id" = 6 LIMIT 1 /*action='index',application='J2cRentals',controller='reservations'*/[0m
  ↳ app/controllers/application_controller.rb:10:in 'ApplicationController#current_user'
  Rendering layout layouts/admin.html.erb
  Rendering admin/reservations/index.html.erb within layouts/admin
  [1m[36mReservation Load (0.6ms)[0m  [1m[34mSELECT "reservations".* FROM "reservations" WHERE "reservations"."status" = 'completed' ORDER BY "reservations"."created_at" DESC /*action='index',application='J2cRentals',controller='reservations'*/[0m
  ↳ app/views/admin/reservations/index.html.erb:18
  Rendered admin/reservations/index.html.erb within layouts/admin (Duration: 5.8ms | GC: 0.0ms)
  Rendered layout layouts/admin.html.erb (Duration: 14.1ms | GC: 0.0ms)
Completed 200 OK in 43ms (Views: 15.8ms | ActiveRecord: 1.1ms (2 queries, 0 cached) | GC: 0.0ms)


Started GET "/admin-portal/vehicles" for 127.0.0.1 at 2026-05-25 16:05:44 +0530
Processing by Admin::VehiclesController#index as HTML
  [1m[36mUser Load (0.5ms)[0m  [1m[34mSELECT "users".* FROM "users" WHERE "users"."id" = 6 LIMIT 1 /*action='index',application='J2cRentals',controller='vehicles'*/[0m
  ↳ app/controllers/application_controller.rb:10:in 'ApplicationController#current_user'
  Rendering layout layouts/admin.html.erb
  Rendering admin/vehicles/index.html.erb within layouts/admin
  [1m[36mVehicle Load (0.7ms)[0m  [1m[34mSELECT "vehicles".* FROM "vehicles" ORDER BY "vehicles"."created_at" DESC /*action='index',application='J2cRentals',controller='vehicles'*/[0m
  ↳ app/views/admin/vehicles/index.html.erb:13
  Rendered admin/vehicles/index.html.erb within layouts/admin (Duration: 13.5ms | GC: 0.0ms)
  Rendered layout layouts/admin.html.erb (Duration: 16.4ms | GC: 0.0ms)
Completed 200 OK in 43ms (Views: 17.7ms | ActiveRecord: 1.1ms (2 queries, 0 cached) | GC: 0.0ms)


Started GET "/admin-portal/vehicles/32/edit" for 127.0.0.1 at 2026-05-25 16:05:51 +0530
Processing by Admin::VehiclesController#edit as HTML
  Parameters: {"id" => "32"}
  [1m[36mUser Load (0.7ms)[0m  [1m[34mSELECT "users".* FROM "users" WHERE "users"."id" = 6 LIMIT 1 /*action='edit',application='J2cRentals',controller='vehicles'*/[0m
  ↳ app/controllers/application_controller.rb:10:in 'ApplicationController#current_user'
  [1m[36mVehicle Load (0.4ms)[0m  [1m[34mSELECT "vehicles".* FROM "vehicles" WHERE "vehicles"."id" = 32 LIMIT 1 /*action='edit',application='J2cRentals',controller='vehicles'*/[0m
  ↳ app/controllers/admin/vehicles_controller.rb:42:in 'Admin::VehiclesController#set_vehicle'
  Rendering layout layouts/admin.html.erb
  Rendering admin/vehicles/edit.html.erb within layouts/admin
  Rendered admin/vehicles/_form.html.erb (Duration: 22.4ms | GC: 0.0ms)
  Rendered admin/vehicles/edit.html.erb within layouts/admin (Duration: 31.3ms | GC: 0.0ms)
  Rendered layout layouts/admin.html.erb (Duration: 34.6ms | GC: 0.0ms)
Completed 200 OK in 67ms (Views: 38.9ms | ActiveRecord: 1.1ms (2 queries, 0 cached) | GC: 0.0ms)


Started GET "/admin-portal/vehicles/new" for 127.0.0.1 at 2026-05-25 16:06:05 +0530
Processing by Admin::VehiclesController#new as HTML
  [1m[36mUser Load (0.5ms)[0m  [1m[34mSELECT "users".* FROM "users" WHERE "users"."id" = 6 LIMIT 1 /*action='new',application='J2cRentals',controller='vehicles'*/[0m
  ↳ app/controllers/application_controller.rb:10:in 'ApplicationController#current_user'
  Rendering layout layouts/admin.html.erb
  Rendering admin/vehicles/new.html.erb within layouts/admin
  Rendered admin/vehicles/_form.html.erb (Duration: 4.2ms | GC: 0.0ms)
  Rendered admin/vehicles/new.html.erb within layouts/admin (Duration: 6.1ms | GC: 0.0ms)
  Rendered layout layouts/admin.html.erb (Duration: 9.0ms | GC: 0.0ms)
Completed 200 OK in 39ms (Views: 11.7ms | ActiveRecord: 0.5ms (1 query, 0 cached) | GC: 0.0ms)


Started POST "/admin-portal/vehicles" for 127.0.0.1 at 2026-05-25 16:07:59 +0530
Processing by Admin::VehiclesController#create as HTML
  Parameters: {"authenticity_token" => "[FILTERED]", "vehicle" => {"name" => "Audi", "make" => "Audi ", "model" => "A4", "year" => "2016", "category" => "Luxury", "location" => "Goa Panaji", "seats" => "5", "doors" => "4", "transmission" => "Manual", "fuel" => "Diesel", "drivetrain" => "60000", "mileage" => "12", "luggage" => "400", "daily_rate" => "6000", "rating" => "", "hero_color" => "#51c3d2", "image_url" => "", "description" => "", "featured" => "1", "available" => "1"}, "commit" => "Create Vehicle"}
  [1m[36mUser Load (0.3ms)[0m  [1m[34mSELECT "users".* FROM "users" WHERE "users"."id" = 6 LIMIT 1 /*action='create',application='J2cRentals',controller='vehicles'*/[0m
  ↳ app/controllers/application_controller.rb:10:in 'ApplicationController#current_user'
  [1m[36mTRANSACTION (0.2ms)[0m  [1m[35mBEGIN immediate TRANSACTION /*action='create',application='J2cRentals',controller='vehicles'*/[0m
  ↳ app/controllers/admin/vehicles_controller.rb:16:in 'Admin::VehiclesController#create'
  [1m[36mVehicle Create (4.9ms)[0m  [1m[32mINSERT INTO "vehicles" ("name", "make", "model", "year", "category", "seats", "doors", "transmission", "fuel", "drivetrain", "location", "daily_rate", "rating", "image_url", "hero_color", "mileage", "luggage", "featured", "available", "description", "created_at", "updated_at") VALUES ('Audi', 'Audi ', 'A4', 2016, 'Luxury', 5, 4, 'Manual', 'Diesel', '60000', 'Goa Panaji', 6000.0, NULL, '', '#51c3d2', '12', 400, TRUE, TRUE, '', '2026-05-25 10:37:59.633086', '2026-05-25 10:37:59.633086') RETURNING "id" /*action='create',application='J2cRentals',controller='vehicles'*/[0m
  ↳ app/controllers/admin/vehicles_controller.rb:16:in 'Admin::VehiclesController#create'
  [1m[36mTRANSACTION (0.5ms)[0m  [1m[35mCOMMIT TRANSACTION /*action='create',application='J2cRentals',controller='vehicles'*/[0m
  ↳ app/controllers/admin/vehicles_controller.rb:16:in 'Admin::VehiclesController#create'
Redirected to http://127.0.0.1:3000/admin-portal/vehicles
↳ app/controllers/admin/vehicles_controller.rb:17:in 'Admin::VehiclesController#create'
Completed 302 Found in 66ms (ActiveRecord: 5.9ms (2 queries, 0 cached) | GC: 0.0ms)


Started GET "/admin-portal/vehicles" for 127.0.0.1 at 2026-05-25 16:07:59 +0530
Processing by Admin::VehiclesController#index as HTML
  [1m[36mUser Load (1.2ms)[0m  [1m[34mSELECT "users".* FROM "users" WHERE "users"."id" = 6 LIMIT 1 /*action='index',application='J2cRentals',controller='vehicles'*/[0m
  ↳ app/controllers/application_controller.rb:10:in 'ApplicationController#current_user'
  Rendering layout layouts/admin.html.erb
  Rendering admin/vehicles/index.html.erb within layouts/admin
  [1m[36mVehicle Load (2.7ms)[0m  [1m[34mSELECT "vehicles".* FROM "vehicles" ORDER BY "vehicles"."created_at" DESC /*action='index',application='J2cRentals',controller='vehicles'*/[0m
  ↳ app/views/admin/vehicles/index.html.erb:13
  Rendered admin/vehicles/index.html.erb within layouts/admin (Duration: 12.3ms | GC: 0.0ms)
  Rendered layout layouts/admin.html.erb (Duration: 15.4ms | GC: 0.0ms)
Completed 200 OK in 43ms (Views: 14.3ms | ActiveRecord: 3.4ms (2 queries, 0 cached) | GC: 0.0ms)


Started GET "/" for 127.0.0.1 at 2026-05-25 16:08:31 +0530
Processing by HomeController#index as HTML
  Rendering layout layouts/application.html.erb
  Rendering home/index.html.erb within layouts/application
  [1m[36mVehicle Load (0.7ms)[0m  [1m[34mSELECT "vehicles".* FROM "vehicles" WHERE "vehicles"."featured" = TRUE LIMIT 4 /*action='index',application='J2cRentals',controller='home'*/[0m
  ↳ app/views/home/index.html.erb:56
  [1m[36mUser Load (0.3ms)[0m  [1m[34mSELECT "users".* FROM "users" WHERE "users"."id" = 6 LIMIT 1 /*action='index',application='J2cRentals',controller='home'*/[0m
  ↳ app/controllers/application_controller.rb:10:in 'ApplicationController#current_user'
  Rendered collection of vehicles/_vehicle.html.erb [4 times] (Duration: 7.4ms | GC: 0.0ms)
  Rendered home/index.html.erb within layouts/application (Duration: 17.6ms | GC: 0.0ms)
  Rendered layout layouts/application.html.erb (Duration: 22.2ms | GC: 0.0ms)
Completed 200 OK in 41ms (Views: 24.9ms | ActiveRecord: 0.9ms (2 queries, 0 cached) | GC: 0.0ms)


Started GET "/vehicles" for 127.0.0.1 at 2026-05-25 16:08:53 +0530
Processing by VehiclesController#index as HTML
  Rendering layout layouts/application.html.erb
  Rendering vehicles/index.html.erb within layouts/application
  [1m[36mVehicle Count (0.3ms)[0m  [1m[34mSELECT COUNT(*) FROM "vehicles" WHERE "vehicles"."available" = TRUE /*action='index',application='J2cRentals',controller='vehicles'*/[0m
  ↳ app/views/vehicles/index.html.erb:20
  [1m[36mVehicle Load (1.1ms)[0m  [1m[34mSELECT "vehicles".* FROM "vehicles" WHERE "vehicles"."available" = TRUE ORDER BY "vehicles"."featured" DESC, "vehicles"."daily_rate" ASC /*action='index',application='J2cRentals',controller='vehicles'*/[0m
  ↳ app/views/vehicles/index.html.erb:23
  [1m[36mUser Load (0.4ms)[0m  [1m[34mSELECT "users".* FROM "users" WHERE "users"."id" = 6 LIMIT 1 /*action='index',application='J2cRentals',controller='vehicles'*/[0m
  ↳ app/controllers/application_controller.rb:10:in 'ApplicationController#current_user'
  Rendered collection of vehicles/_vehicle.html.erb [9 times] (Duration: 14.0ms | GC: 0.0ms)
  Rendered vehicles/index.html.erb within layouts/application (Duration: 38.4ms | GC: 0.0ms)
  Rendered layout layouts/application.html.erb (Duration: 46.1ms | GC: 0.0ms)
Completed 200 OK in 73ms (Views: 54.0ms | ActiveRecord: 1.8ms (3 queries, 0 cached) | GC: 0.0ms)


Started GET "/vehicles?location=Goa+Panaji&category=&transmission=&fuel=&seats=&max_rate=&commit=Apply" for 127.0.0.1 at 2026-05-25 16:10:22 +0530
Processing by VehiclesController#index as HTML
  Parameters: {"location" => "Goa Panaji", "category" => "", "transmission" => "", "fuel" => "", "seats" => "", "max_rate" => "", "commit" => "Apply"}
[31mUnpermitted parameter: :commit. Context: { controller: VehiclesController, action: index, request: #<ActionDispatch::Request:0x000002062959c0a0>, params: {"location" => "Goa Panaji", "category" => "", "transmission" => "", "fuel" => "", "seats" => "", "max_rate" => "", "commit" => "Apply", "controller" => "vehicles", "action" => "index"} }[0m
  Rendering layout layouts/application.html.erb
  Rendering vehicles/index.html.erb within layouts/application
  [1m[36mVehicle Count (0.3ms)[0m  [1m[34mSELECT COUNT(*) FROM "vehicles" WHERE "vehicles"."available" = TRUE AND "vehicles"."location" = 'Goa Panaji' /*action='index',application='J2cRentals',controller='vehicles'*/[0m
  ↳ app/views/vehicles/index.html.erb:20
  [1m[36mVehicle Load (0.5ms)[0m  [1m[34mSELECT "vehicles".* FROM "vehicles" WHERE "vehicles"."available" = TRUE AND "vehicles"."location" = 'Goa Panaji' ORDER BY "vehicles"."featured" DESC, "vehicles"."daily_rate" ASC /*action='index',application='J2cRentals',controller='vehicles'*/[0m
  ↳ app/views/vehicles/index.html.erb:23
  [1m[36mUser Load (0.3ms)[0m  [1m[34mSELECT "users".* FROM "users" WHERE "users"."id" = 6 LIMIT 1 /*action='index',application='J2cRentals',controller='vehicles'*/[0m
  ↳ app/controllers/application_controller.rb:10:in 'ApplicationController#current_user'
  Rendered collection of vehicles/_vehicle.html.erb [3 times] (Duration: 8.5ms | GC: 0.0ms)
  Rendered vehicles/index.html.erb within layouts/application (Duration: 48.3ms | GC: 0.0ms)
  Rendered layout layouts/application.html.erb (Duration: 53.4ms | GC: 0.0ms)
Completed 200 OK in 91ms (Views: 64.2ms | ActiveRecord: 1.1ms (3 queries, 0 cached) | GC: 0.0ms)


Started GET "/vehicles" for 127.0.0.1 at 2026-05-25 16:10:33 +0530
Processing by VehiclesController#index as HTML
  Rendering layout layouts/application.html.erb
  Rendering vehicles/index.html.erb within layouts/application
  [1m[36mVehicle Count (0.3ms)[0m  [1m[34mSELECT COUNT(*) FROM "vehicles" WHERE "vehicles"."available" = TRUE /*action='index',application='J2cRentals',controller='vehicles'*/[0m
  ↳ app/views/vehicles/index.html.erb:20
  [1m[36mVehicle Load (0.3ms)[0m  [1m[34mSELECT "vehicles".* FROM "vehicles" WHERE "vehicles"."available" = TRUE ORDER BY "vehicles"."featured" DESC, "vehicles"."daily_rate" ASC /*action='index',application='J2cRentals',controller='vehicles'*/[0m
  ↳ app/views/vehicles/index.html.erb:23
  [1m[36mUser Load (0.3ms)[0m  [1m[34mSELECT "users".* FROM "users" WHERE "users"."id" = 6 LIMIT 1 /*action='index',application='J2cRentals',controller='vehicles'*/[0m
  ↳ app/controllers/application_controller.rb:10:in 'ApplicationController#current_user'
  Rendered collection of vehicles/_vehicle.html.erb [9 times] (Duration: 26.8ms | GC: 0.0ms)
  Rendered vehicles/index.html.erb within layouts/application (Duration: 35.7ms | GC: 0.0ms)
  Rendered layout layouts/application.html.erb (Duration: 38.0ms | GC: 0.0ms)
Completed 200 OK in 51ms (Views: 38.6ms | ActiveRecord: 0.9ms (3 queries, 0 cached) | GC: 0.0ms)


Started GET "/account" for 127.0.0.1 at 2026-05-25 16:10:38 +0530
  
ActionDispatch::MissingController (uninitialized constant AccountsController)
Caused by: NameError (uninitialized constant AccountsController)

Information for: ActionDispatch::MissingController (uninitialized constant AccountsController):
  
actionpack (8.1.3) lib/action_dispatch/http/request.rb:101:in 'ActionDispatch::Request#controller_class_for'
actionpack (8.1.3) lib/action_dispatch/http/request.rb:90:in 'ActionDispatch::Request#controller_class'
actionpack (8.1.3) lib/action_dispatch/routing/route_set.rb:61:in 'ActionDispatch::Routing::RouteSet::Dispatcher#controller'
actionpack (8.1.3) lib/action_dispatch/routing/route_set.rb:48:in 'ActionDispatch::Routing::RouteSet::Dispatcher#serve'
actionpack (8.1.3) lib/action_dispatch/journey/router.rb:35:in 'block in ActionDispatch::Journey::Router#serve'
actionpack (8.1.3) lib/action_dispatch/journey/router.rb:86:in 'block in ActionDispatch::Journey::Router#recognize'
actionpack (8.1.3) lib/action_dispatch/journey/router.rb:66:in 'Array#each'
actionpack (8.1.3) lib/action_dispatch/journey/router.rb:66:in 'ActionDispatch::Journey::Router#recognize'
actionpack (8.1.3) lib/action_dispatch/journey/router.rb:31:in 'ActionDispatch::Journey::Router#serve'
actionpack (8.1.3) lib/action_dispatch/routing/route_set.rb:906:in 'ActionDispatch::Routing::RouteSet#call'
railties (8.1.3) lib/rails/engine/lazy_route_set.rb:60:in 'Rails::Engine::LazyRouteSet#call'
rack (3.2.6) lib/rack/tempfile_reaper.rb:20:in 'Rack::TempfileReaper#call'
rack (3.2.6) lib/rack/etag.rb:29:in 'Rack::ETag#call'
rack (3.2.6) lib/rack/conditional_get.rb:31:in 'Rack::ConditionalGet#call'
rack (3.2.6) lib/rack/head.rb:15:in 'Rack::Head#call'
actionpack (8.1.3) lib/action_dispatch/http/content_security_policy.rb:38:in 'ActionDispatch::ContentSecurityPolicy::Middleware#call'
rack-session (2.1.2) lib/rack/session/abstract/id.rb:274:in 'Rack::Session::Abstract::Persisted#context'
rack-session (2.1.2) lib/rack/session/abstract/id.rb:268:in 'Rack::Session::Abstract::Persisted#call'
actionpack (8.1.3) lib/action_dispatch/middleware/cookies.rb:708:in 'ActionDispatch::Cookies#call'
activerecord (8.1.3) lib/active_record/migration.rb:671:in 'ActiveRecord::Migration::CheckPending#call'
actionpack (8.1.3) lib/action_dispatch/middleware/callbacks.rb:31:in 'block in ActionDispatch::Callbacks#call'
activesupport (8.1.3) lib/active_support/callbacks.rb:101:in 'ActiveSupport::Callbacks#run_callbacks'
actionpack (8.1.3) lib/action_dispatch/middleware/callbacks.rb:30:in 'ActionDispatch::Callbacks#call'
actionpack (8.1.3) lib/action_dispatch/middleware/executor.rb:20:in 'ActionDispatch::Executor#call'
actionpack (8.1.3) lib/action_dispatch/middleware/actionable_exceptions.rb:18:in 'ActionDispatch::ActionableExceptions#call'
actionpack (8.1.3) lib/action_dispatch/middleware/debug_exceptions.rb:31:in 'ActionDispatch::DebugExceptions#call'
actionpack (8.1.3) lib/action_dispatch/middleware/show_exceptions.rb:32:in 'ActionDispatch::ShowExceptions#call'
railties (8.1.3) lib/rails/rack/logger.rb:41:in 'Rails::Rack::Logger#call_app'
railties (8.1.3) lib/rails/rack/logger.rb:29:in 'Rails::Rack::Logger#call'
propshaft (1.3.2) lib/propshaft/quiet_assets.rb:11:in 'Propshaft::QuietAssets#call'
actionpack (8.1.3) lib/action_dispatch/middleware/remote_ip.rb:98:in 'ActionDispatch::RemoteIp#call'
actionpack (8.1.3) lib/action_dispatch/middleware/request_id.rb:34:in 'ActionDispatch::RequestId#call'
rack (3.2.6) lib/rack/method_override.rb:28:in 'Rack::MethodOverride#call'
rack (3.2.6) lib/rack/runtime.rb:24:in 'Rack::Runtime#call'
activesupport (8.1.3) lib/active_support/cache/strategy/local_cache_middleware.rb:30:in 'ActiveSupport::Cache::Strategy::LocalCache::Middleware#call'
actionpack (8.1.3) lib/action_dispatch/middleware/server_timing.rb:61:in 'block in ActionDispatch::ServerTiming#call'
actionpack (8.1.3) lib/action_dispatch/middleware/server_timing.rb:26:in 'ActionDispatch::ServerTiming::Subscriber#collect_events'
actionpack (8.1.3) lib/action_dispatch/middleware/server_timing.rb:60:in 'ActionDispatch::ServerTiming#call'
actionpack (8.1.3) lib/action_dispatch/middleware/executor.rb:20:in 'ActionDispatch::Executor#call'
propshaft (1.3.2) lib/propshaft/server.rb:37:in 'Propshaft::Server#call'
actionpack (8.1.3) lib/action_dispatch/middleware/static.rb:27:in 'ActionDispatch::Static#call'
rack (3.2.6) lib/rack/sendfile.rb:131:in 'Rack::Sendfile#call'
actionpack (8.1.3) lib/action_dispatch/middleware/host_authorization.rb:143:in 'ActionDispatch::HostAuthorization#call'
railties (8.1.3) lib/rails/engine.rb:534:in 'Rails::Engine#call'
puma (8.0.1) lib/puma/configuration.rb:305:in 'Puma::Configuration::ConfigMiddleware#call'
puma (8.0.1) lib/puma/response.rb:79:in 'block in Puma::Response#handle_request'
puma (8.0.1) lib/puma/thread_pool.rb:434:in 'Puma::ThreadPool#with_force_shutdown'
puma (8.0.1) lib/puma/response.rb:78:in 'Puma::Response#handle_request'
puma (8.0.1) lib/puma/server.rb:508:in 'Puma::Server#process_client'
puma (8.0.1) lib/puma/server.rb:263:in 'block in Puma::Server#run'
puma (8.0.1) lib/puma/thread_pool.rb:246:in 'block in Puma::ThreadPool#spawn_thread'

Information for cause: NameError (uninitialized constant AccountsController):
  
activesupport (8.1.3) lib/active_support/inflector/methods.rb:290:in 'ActiveSupport::Inflector#constantize'
activesupport (8.1.3) lib/active_support/core_ext/string/inflections.rb:74:in 'String#constantize'
actionpack (8.1.3) lib/action_dispatch/http/request.rb:98:in 'ActionDispatch::Request#controller_class_for'
actionpack (8.1.3) lib/action_dispatch/http/request.rb:90:in 'ActionDispatch::Request#controller_class'
actionpack (8.1.3) lib/action_dispatch/routing/route_set.rb:61:in 'ActionDispatch::Routing::RouteSet::Dispatcher#controller'
actionpack (8.1.3) lib/action_dispatch/routing/route_set.rb:48:in 'ActionDispatch::Routing::RouteSet::Dispatcher#serve'
actionpack (8.1.3) lib/action_dispatch/journey/router.rb:35:in 'block in ActionDispatch::Journey::Router#serve'
actionpack (8.1.3) lib/action_dispatch/journey/router.rb:86:in 'block in ActionDispatch::Journey::Router#recognize'
actionpack (8.1.3) lib/action_dispatch/journey/router.rb:66:in 'Array#each'
actionpack (8.1.3) lib/action_dispatch/journey/router.rb:66:in 'ActionDispatch::Journey::Router#recognize'
actionpack (8.1.3) lib/action_dispatch/journey/router.rb:31:in 'ActionDispatch::Journey::Router#serve'
actionpack (8.1.3) lib/action_dispatch/routing/route_set.rb:906:in 'ActionDispatch::Routing::RouteSet#call'
railties (8.1.3) lib/rails/engine/lazy_route_set.rb:60:in 'Rails::Engine::LazyRouteSet#call'
rack (3.2.6) lib/rack/tempfile_reaper.rb:20:in 'Rack::TempfileReaper#call'
rack (3.2.6) lib/rack/etag.rb:29:in 'Rack::ETag#call'
rack (3.2.6) lib/rack/conditional_get.rb:31:in 'Rack::ConditionalGet#call'
rack (3.2.6) lib/rack/head.rb:15:in 'Rack::Head#call'
actionpack (8.1.3) lib/action_dispatch/http/content_security_policy.rb:38:in 'ActionDispatch::ContentSecurityPolicy::Middleware#call'
rack-session (2.1.2) lib/rack/session/abstract/id.rb:274:in 'Rack::Session::Abstract::Persisted#context'
rack-session (2.1.2) lib/rack/session/abstract/id.rb:268:in 'Rack::Session::Abstract::Persisted#call'
actionpack (8.1.3) lib/action_dispatch/middleware/cookies.rb:708:in 'ActionDispatch::Cookies#call'
activerecord (8.1.3) lib/active_record/migration.rb:671:in 'ActiveRecord::Migration::CheckPending#call'
actionpack (8.1.3) lib/action_dispatch/middleware/callbacks.rb:31:in 'block in ActionDispatch::Callbacks#call'
activesupport (8.1.3) lib/active_support/callbacks.rb:101:in 'ActiveSupport::Callbacks#run_callbacks'
actionpack (8.1.3) lib/action_dispatch/middleware/callbacks.rb:30:in 'ActionDispatch::Callbacks#call'
actionpack (8.1.3) lib/action_dispatch/middleware/executor.rb:20:in 'ActionDispatch::Executor#call'
actionpack (8.1.3) lib/action_dispatch/middleware/actionable_exceptions.rb:18:in 'ActionDispatch::ActionableExceptions#call'
actionpack (8.1.3) lib/action_dispatch/middleware/debug_exceptions.rb:31:in 'ActionDispatch::DebugExceptions#call'
actionpack (8.1.3) lib/action_dispatch/middleware/show_exceptions.rb:32:in 'ActionDispatch::ShowExceptions#call'
railties (8.1.3) lib/rails/rack/logger.rb:41:in 'Rails::Rack::Logger#call_app'
railties (8.1.3) lib/rails/rack/logger.rb:29:in 'Rails::Rack::Logger#call'
propshaft (1.3.2) lib/propshaft/quiet_assets.rb:11:in 'Propshaft::QuietAssets#call'
actionpack (8.1.3) lib/action_dispatch/middleware/remote_ip.rb:98:in 'ActionDispatch::RemoteIp#call'
actionpack (8.1.3) lib/action_dispatch/middleware/request_id.rb:34:in 'ActionDispatch::RequestId#call'
rack (3.2.6) lib/rack/method_override.rb:28:in 'Rack::MethodOverride#call'
rack (3.2.6) lib/rack/runtime.rb:24:in 'Rack::Runtime#call'
activesupport (8.1.3) lib/active_support/cache/strategy/local_cache_middleware.rb:30:in 'ActiveSupport::Cache::Strategy::LocalCache::Middleware#call'
actionpack (8.1.3) lib/action_dispatch/middleware/server_timing.rb:61:in 'block in ActionDispatch::ServerTiming#call'
actionpack (8.1.3) lib/action_dispatch/middleware/server_timing.rb:26:in 'ActionDispatch::ServerTiming::Subscriber#collect_events'
actionpack (8.1.3) lib/action_dispatch/middleware/server_timing.rb:60:in 'ActionDispatch::ServerTiming#call'
actionpack (8.1.3) lib/action_dispatch/middleware/executor.rb:20:in 'ActionDispatch::Executor#call'
propshaft (1.3.2) lib/propshaft/server.rb:37:in 'Propshaft::Server#call'
actionpack (8.1.3) lib/action_dispatch/middleware/static.rb:27:in 'ActionDispatch::Static#call'
rack (3.2.6) lib/rack/sendfile.rb:131:in 'Rack::Sendfile#call'
actionpack (8.1.3) lib/action_dispatch/middleware/host_authorization.rb:143:in 'ActionDispatch::HostAuthorization#call'
railties (8.1.3) lib/rails/engine.rb:534:in 'Rails::Engine#call'
puma (8.0.1) lib/puma/configuration.rb:305:in 'Puma::Configuration::ConfigMiddleware#call'
puma (8.0.1) lib/puma/response.rb:79:in 'block in Puma::Response#handle_request'
puma (8.0.1) lib/puma/thread_pool.rb:434:in 'Puma::ThreadPool#with_force_shutdown'
puma (8.0.1) lib/puma/response.rb:78:in 'Puma::Response#handle_request'
puma (8.0.1) lib/puma/server.rb:508:in 'Puma::Server#process_client'
puma (8.0.1) lib/puma/server.rb:263:in 'block in Puma::Server#run'
puma (8.0.1) lib/puma/thread_pool.rb:246:in 'block in Puma::ThreadPool#spawn_thread'
Started GET "/" for 127.0.0.1 at 2026-05-25 16:10:53 +0530
Processing by HomeController#index as HTML
  Rendering layout layouts/application.html.erb
  Rendering home/index.html.erb within layouts/application
  [1m[36mVehicle Load (0.6ms)[0m  [1m[34mSELECT "vehicles".* FROM "vehicles" WHERE "vehicles"."featured" = TRUE LIMIT 4 /*action='index',application='J2cRentals',controller='home'*/[0m
  ↳ app/views/home/index.html.erb:56
  [1m[36mUser Load (1.6ms)[0m  [1m[34mSELECT "users".* FROM "users" WHERE "users"."id" = 6 LIMIT 1 /*action='index',application='J2cRentals',controller='home'*/[0m
  ↳ app/controllers/application_controller.rb:10:in 'ApplicationController#current_user'
  Rendered collection of vehicles/_vehicle.html.erb [4 times] (Duration: 8.2ms | GC: 0.0ms)
  Rendered home/index.html.erb within layouts/application (Duration: 17.1ms | GC: 0.0ms)
  Rendered layout layouts/application.html.erb (Duration: 19.8ms | GC: 0.0ms)
Completed 200 OK in 45ms (Views: 21.8ms | ActiveRecord: 2.2ms (2 queries, 0 cached) | GC: 0.0ms)


Started GET "/admin-portal" for 127.0.0.1 at 2026-05-25 16:11:51 +0530
Processing by Admin::DashboardController#index as HTML
  [1m[36mUser Load (0.5ms)[0m  [1m[34mSELECT "users".* FROM "users" WHERE "users"."id" = 6 LIMIT 1 /*action='index',application='J2cRentals',controller='dashboard'*/[0m
  ↳ app/controllers/application_controller.rb:10:in 'ApplicationController#current_user'
  [1m[36mVehicle Count (0.9ms)[0m  [1m[34mSELECT COUNT(*) FROM "vehicles" /*action='index',application='J2cRentals',controller='dashboard'*/[0m
  ↳ app/controllers/admin/dashboard_controller.rb:4:in 'Admin::DashboardController#index'
  [1m[36mReservation Count (0.4ms)[0m  [1m[34mSELECT COUNT(*) FROM "reservations" WHERE "reservations"."status" = 'pending' /*action='index',application='J2cRentals',controller='dashboard'*/[0m
  ↳ app/controllers/admin/dashboard_controller.rb:5:in 'Admin::DashboardController#index'
  [1m[36mReservation Count (0.3ms)[0m  [1m[34mSELECT COUNT(*) FROM "reservations" WHERE "reservations"."status" = 'active' /*action='index',application='J2cRentals',controller='dashboard'*/[0m
  ↳ app/controllers/admin/dashboard_controller.rb:6:in 'Admin::DashboardController#index'
  [1m[36mReservation Count (0.3ms)[0m  [1m[34mSELECT COUNT(*) FROM "reservations" WHERE "reservations"."status" = 'active' AND (dropoff_date < '2026-05-25') /*action='index',application='J2cRentals',controller='dashboard'*/[0m
  ↳ app/controllers/admin/dashboard_controller.rb:7:in 'Admin::DashboardController#index'
  [1m[36mMaintenanceLog Count (0.6ms)[0m  [1m[34mSELECT COUNT(*) FROM "maintenance_logs" WHERE "maintenance_logs"."status" IN ('Scheduled', 'Overdue') AND (scheduled_on <= '2026-06-01') /*action='index',application='J2cRentals',controller='dashboard'*/[0m
  ↳ app/controllers/admin/dashboard_controller.rb:8:in 'Admin::DashboardController#index'
  [1m[36mReservation Sum (0.3ms)[0m  [1m[34mSELECT SUM("reservations"."deposit_amount") FROM "reservations" WHERE "reservations"."deposit_status" = 'Paid' /*action='index',application='J2cRentals',controller='dashboard'*/[0m
  ↳ app/controllers/admin/dashboard_controller.rb:9:in 'Admin::DashboardController#index'
  [1m[36mPayment Sum (0.3ms)[0m  [1m[34mSELECT SUM("payments"."amount") FROM "payments" WHERE "payments"."status" = 'Paid' AND "payments"."paid_at" BETWEEN '2026-05-01 00:00:00' AND '2026-05-31 23:59:59.999999' /*action='index',application='J2cRentals',controller='dashboard'*/[0m
  ↳ app/controllers/admin/dashboard_controller.rb:10:in 'Admin::DashboardController#index'
  [1m[36mCACHE Vehicle Count (0.0ms)[0m  [1m[34mSELECT COUNT(*) FROM "vehicles"[0m
  ↳ app/controllers/admin/dashboard_controller.rb:11:in 'Admin::DashboardController#index'
  [1m[36mVehicle Load (0.5ms)[0m  [1m[34mSELECT "vehicles".* FROM "vehicles" /*action='index',application='J2cRentals',controller='dashboard'*/[0m
  ↳ app/controllers/admin/dashboard_controller.rb:11:in 'Admin::DashboardController#index'
  [1m[36mReservation Load (2.1ms)[0m  [1m[34mSELECT "reservations".* FROM "reservations" WHERE "reservations"."vehicle_id" = 25 AND "reservations"."status" IN ('approved', 'active', 'completed') /*action='index',application='J2cRentals',controller='dashboard'*/[0m
  ↳ app/models/vehicle.rb:35:in 'Vehicle#utilization_percent'
  [1m[36mReservation Load (0.4ms)[0m  [1m[34mSELECT "reservations".* FROM "reservations" WHERE "reservations"."vehicle_id" = 26 AND "reservations"."status" IN ('approved', 'active', 'completed') /*action='index',application='J2cRentals',controller='dashboard'*/[0m
  ↳ app/models/vehicle.rb:35:in 'Vehicle#utilization_percent'
  [1m[36mReservation Load (0.5ms)[0m  [1m[34mSELECT "reservations".* FROM "reservations" WHERE "reservations"."vehicle_id" = 27 AND "reservations"."status" IN ('approved', 'active', 'completed') /*action='index',application='J2cRentals',controller='dashboard'*/[0m
  ↳ app/models/vehicle.rb:35:in 'Vehicle#utilization_percent'
  [1m[36mReservation Load (0.5ms)[0m  [1m[34mSELECT "reservations".* FROM "reservations" WHERE "reservations"."vehicle_id" = 28 AND "reservations"."status" IN ('approved', 'active', 'completed') /*action='index',application='J2cRentals',controller='dashboard'*/[0m
  ↳ app/models/vehicle.rb:35:in 'Vehicle#utilization_percent'
  [1m[36mReservation Load (2.1ms)[0m  [1m[34mSELECT "reservations".* FROM "reservations" WHERE "reservations"."vehicle_id" = 29 AND "reservations"."status" IN ('approved', 'active', 'completed') /*action='index',application='J2cRentals',controller='dashboard'*/[0m
  ↳ app/models/vehicle.rb:35:in 'Vehicle#utilization_percent'
  [1m[36mReservation Load (6.1ms)[0m  [1m[34mSELECT "reservations".* FROM "reservations" WHERE "reservations"."vehicle_id" = 30 AND "reservations"."status" IN ('approved', 'active', 'completed') /*action='index',application='J2cRentals',controller='dashboard'*/[0m
  ↳ app/models/vehicle.rb:35:in 'Vehicle#utilization_percent'
  [1m[36mReservation Load (0.4ms)[0m  [1m[34mSELECT "reservations".* FROM "reservations" WHERE "reservations"."vehicle_id" = 31 AND "reservations"."status" IN ('approved', 'active', 'completed') /*action='index',application='J2cRentals',controller='dashboard'*/[0m
  ↳ app/models/vehicle.rb:35:in 'Vehicle#utilization_percent'
  [1m[36mReservation Load (0.5ms)[0m  [1m[34mSELECT "reservations".* FROM "reservations" WHERE "reservations"."vehicle_id" = 32 AND "reservations"."status" IN ('approved', 'active', 'completed') /*action='index',application='J2cRentals',controller='dashboard'*/[0m
  ↳ app/models/vehicle.rb:35:in 'Vehicle#utilization_percent'
  [1m[36mReservation Load (1.8ms)[0m  [1m[34mSELECT "reservations".* FROM "reservations" WHERE "reservations"."vehicle_id" = 33 AND "reservations"."status" IN ('approved', 'active', 'completed') /*action='index',application='J2cRentals',controller='dashboard'*/[0m
  ↳ app/models/vehicle.rb:35:in 'Vehicle#utilization_percent'
  [1m[36mCACHE Vehicle Count (0.0ms)[0m  [1m[34mSELECT COUNT(*) FROM "vehicles"[0m
  ↳ app/controllers/admin/dashboard_controller.rb:11:in 'Admin::DashboardController#index'
  [1m[36mLead Count (0.2ms)[0m  [1m[34mSELECT COUNT(*) FROM "leads" WHERE "leads"."status" NOT IN ('Managed', 'Lost') /*action='index',application='J2cRentals',controller='dashboard'*/[0m
  ↳ app/controllers/admin/dashboard_controller.rb:12:in 'Admin::DashboardController#index'
  [1m[36mLead Count (0.3ms)[0m  [1m[34mSELECT COUNT(*) AS "count_all", "leads"."status" AS "leads_status" FROM "leads" GROUP BY "leads"."status" /*action='index',application='J2cRentals',controller='dashboard'*/[0m
  ↳ app/controllers/admin/dashboard_controller.rb:14:in 'Admin::DashboardController#index'
  Rendering layout layouts/admin.html.erb
  Rendering admin/dashboard/index.html.erb within layouts/admin
  [1m[36mReservation Load (0.7ms)[0m  [1m[34mSELECT "reservations".* FROM "reservations" ORDER BY "reservations"."created_at" DESC LIMIT 6 /*action='index',application='J2cRentals',controller='dashboard'*/[0m
  ↳ app/views/admin/dashboard/index.html.erb:42
  [1m[36mVehicle Load (0.5ms)[0m  [1m[34mSELECT "vehicles".* FROM "vehicles" WHERE "vehicles"."id" IN (27, 25, 28) /*action='index',application='J2cRentals',controller='dashboard'*/[0m
  ↳ app/views/admin/dashboard/index.html.erb:42
  [1m[36mAdminAction Load (0.4ms)[0m  [1m[34mSELECT "admin_actions".* FROM "admin_actions" ORDER BY "admin_actions"."created_at" DESC LIMIT 8 /*action='index',application='J2cRentals',controller='dashboard'*/[0m
  ↳ app/views/admin/dashboard/index.html.erb:66
  [1m[36mUser Load (0.4ms)[0m  [1m[34mSELECT "users".* FROM "users" WHERE "users"."id" IN (6, 5) /*action='index',application='J2cRentals',controller='dashboard'*/[0m
  ↳ app/views/admin/dashboard/index.html.erb:66
  Rendered admin/dashboard/index.html.erb within layouts/admin (Duration: 42.5ms | GC: 0.2ms)
  Rendered layout layouts/admin.html.erb (Duration: 48.0ms | GC: 0.2ms)
Completed 200 OK in 241ms (Views: 48.0ms | ActiveRecord: 20.9ms (26 queries, 2 cached) | GC: 0.5ms)


Started GET "/admin-portal" for 127.0.0.1 at 2026-05-25 16:12:05 +0530
Processing by Admin::DashboardController#index as HTML
  [1m[36mUser Load (0.5ms)[0m  [1m[34mSELECT "users".* FROM "users" WHERE "users"."id" = 6 LIMIT 1 /*action='index',application='J2cRentals',controller='dashboard'*/[0m
  ↳ app/controllers/application_controller.rb:10:in 'ApplicationController#current_user'
  [1m[36mVehicle Count (0.4ms)[0m  [1m[34mSELECT COUNT(*) FROM "vehicles" /*action='index',application='J2cRentals',controller='dashboard'*/[0m
  ↳ app/controllers/admin/dashboard_controller.rb:4:in 'Admin::DashboardController#index'
  [1m[36mReservation Count (0.3ms)[0m  [1m[34mSELECT COUNT(*) FROM "reservations" WHERE "reservations"."status" = 'pending' /*action='index',application='J2cRentals',controller='dashboard'*/[0m
  ↳ app/controllers/admin/dashboard_controller.rb:5:in 'Admin::DashboardController#index'
  [1m[36mReservation Count (0.3ms)[0m  [1m[34mSELECT COUNT(*) FROM "reservations" WHERE "reservations"."status" = 'active' /*action='index',application='J2cRentals',controller='dashboard'*/[0m
  ↳ app/controllers/admin/dashboard_controller.rb:6:in 'Admin::DashboardController#index'
  [1m[36mReservation Count (0.3ms)[0m  [1m[34mSELECT COUNT(*) FROM "reservations" WHERE "reservations"."status" = 'active' AND (dropoff_date < '2026-05-25') /*action='index',application='J2cRentals',controller='dashboard'*/[0m
  ↳ app/controllers/admin/dashboard_controller.rb:7:in 'Admin::DashboardController#index'
  [1m[36mMaintenanceLog Count (0.4ms)[0m  [1m[34mSELECT COUNT(*) FROM "maintenance_logs" WHERE "maintenance_logs"."status" IN ('Scheduled', 'Overdue') AND (scheduled_on <= '2026-06-01') /*action='index',application='J2cRentals',controller='dashboard'*/[0m
  ↳ app/controllers/admin/dashboard_controller.rb:8:in 'Admin::DashboardController#index'
  [1m[36mReservation Sum (0.3ms)[0m  [1m[34mSELECT SUM("reservations"."deposit_amount") FROM "reservations" WHERE "reservations"."deposit_status" = 'Paid' /*action='index',application='J2cRentals',controller='dashboard'*/[0m
  ↳ app/controllers/admin/dashboard_controller.rb:9:in 'Admin::DashboardController#index'
  [1m[36mPayment Sum (0.4ms)[0m  [1m[34mSELECT SUM("payments"."amount") FROM "payments" WHERE "payments"."status" = 'Paid' AND "payments"."paid_at" BETWEEN '2026-05-01 00:00:00' AND '2026-05-31 23:59:59.999999' /*action='index',application='J2cRentals',controller='dashboard'*/[0m
  ↳ app/controllers/admin/dashboard_controller.rb:10:in 'Admin::DashboardController#index'
  [1m[36mCACHE Vehicle Count (0.0ms)[0m  [1m[34mSELECT COUNT(*) FROM "vehicles"[0m
  ↳ app/controllers/admin/dashboard_controller.rb:11:in 'Admin::DashboardController#index'
  [1m[36mVehicle Load (2.8ms)[0m  [1m[34mSELECT "vehicles".* FROM "vehicles" /*action='index',application='J2cRentals',controller='dashboard'*/[0m
  ↳ app/controllers/admin/dashboard_controller.rb:11:in 'Admin::DashboardController#index'
  [1m[36mReservation Load (0.5ms)[0m  [1m[34mSELECT "reservations".* FROM "reservations" WHERE "reservations"."vehicle_id" = 25 AND "reservations"."status" IN ('approved', 'active', 'completed') /*action='index',application='J2cRentals',controller='dashboard'*/[0m
  ↳ app/models/vehicle.rb:35:in 'Vehicle#utilization_percent'
  [1m[36mReservation Load (0.5ms)[0m  [1m[34mSELECT "reservations".* FROM "reservations" WHERE "reservations"."vehicle_id" = 26 AND "reservations"."status" IN ('approved', 'active', 'completed') /*action='index',application='J2cRentals',controller='dashboard'*/[0m
  ↳ app/models/vehicle.rb:35:in 'Vehicle#utilization_percent'
  [1m[36mReservation Load (0.4ms)[0m  [1m[34mSELECT "reservations".* FROM "reservations" WHERE "reservations"."vehicle_id" = 27 AND "reservations"."status" IN ('approved', 'active', 'completed') /*action='index',application='J2cRentals',controller='dashboard'*/[0m
  ↳ app/models/vehicle.rb:35:in 'Vehicle#utilization_percent'
  [1m[36mReservation Load (0.5ms)[0m  [1m[34mSELECT "reservations".* FROM "reservations" WHERE "reservations"."vehicle_id" = 28 AND "reservations"."status" IN ('approved', 'active', 'completed') /*action='index',application='J2cRentals',controller='dashboard'*/[0m
  ↳ app/models/vehicle.rb:35:in 'Vehicle#utilization_percent'
  [1m[36mReservation Load (8.8ms)[0m  [1m[34mSELECT "reservations".* FROM "reservations" WHERE "reservations"."vehicle_id" = 29 AND "reservations"."status" IN ('approved', 'active', 'completed') /*action='index',application='J2cRentals',controller='dashboard'*/[0m
  ↳ app/models/vehicle.rb:35:in 'Vehicle#utilization_percent'
  [1m[36mReservation Load (0.4ms)[0m  [1m[34mSELECT "reservations".* FROM "reservations" WHERE "reservations"."vehicle_id" = 30 AND "reservations"."status" IN ('approved', 'active', 'completed') /*action='index',application='J2cRentals',controller='dashboard'*/[0m
  ↳ app/models/vehicle.rb:35:in 'Vehicle#utilization_percent'
  [1m[36mReservation Load (0.4ms)[0m  [1m[34mSELECT "reservations".* FROM "reservations" WHERE "reservations"."vehicle_id" = 31 AND "reservations"."status" IN ('approved', 'active', 'completed') /*action='index',application='J2cRentals',controller='dashboard'*/[0m
  ↳ app/models/vehicle.rb:35:in 'Vehicle#utilization_percent'
  [1m[36mReservation Load (0.4ms)[0m  [1m[34mSELECT "reservations".* FROM "reservations" WHERE "reservations"."vehicle_id" = 32 AND "reservations"."status" IN ('approved', 'active', 'completed') /*action='index',application='J2cRentals',controller='dashboard'*/[0m
  ↳ app/models/vehicle.rb:35:in 'Vehicle#utilization_percent'
  [1m[36mReservation Load (0.5ms)[0m  [1m[34mSELECT "reservations".* FROM "reservations" WHERE "reservations"."vehicle_id" = 33 AND "reservations"."status" IN ('approved', 'active', 'completed') /*action='index',application='J2cRentals',controller='dashboard'*/[0m
  ↳ app/models/vehicle.rb:35:in 'Vehicle#utilization_percent'
  [1m[36mCACHE Vehicle Count (0.0ms)[0m  [1m[34mSELECT COUNT(*) FROM "vehicles"[0m
  ↳ app/controllers/admin/dashboard_controller.rb:11:in 'Admin::DashboardController#index'
  [1m[36mLead Count (0.3ms)[0m  [1m[34mSELECT COUNT(*) FROM "leads" WHERE "leads"."status" NOT IN ('Managed', 'Lost') /*action='index',application='J2cRentals',controller='dashboard'*/[0m
  ↳ app/controllers/admin/dashboard_controller.rb:12:in 'Admin::DashboardController#index'
  [1m[36mLead Count (0.5ms)[0m  [1m[34mSELECT COUNT(*) AS "count_all", "leads"."status" AS "leads_status" FROM "leads" GROUP BY "leads"."status" /*action='index',application='J2cRentals',controller='dashboard'*/[0m
  ↳ app/controllers/admin/dashboard_controller.rb:14:in 'Admin::DashboardController#index'
  Rendering layout layouts/admin.html.erb
  Rendering admin/dashboard/index.html.erb within layouts/admin
  [1m[36mReservation Load (0.6ms)[0m  [1m[34mSELECT "reservations".* FROM "reservations" ORDER BY "reservations"."created_at" DESC LIMIT 6 /*action='index',application='J2cRentals',controller='dashboard'*/[0m
  ↳ app/views/admin/dashboard/index.html.erb:42
  [1m[36mVehicle Load (0.4ms)[0m  [1m[34mSELECT "vehicles".* FROM "vehicles" WHERE "vehicles"."id" IN (27, 25, 28) /*action='index',application='J2cRentals',controller='dashboard'*/[0m
  ↳ app/views/admin/dashboard/index.html.erb:42
  [1m[36mAdminAction Load (0.3ms)[0m  [1m[34mSELECT "admin_actions".* FROM "admin_actions" ORDER BY "admin_actions"."created_at" DESC LIMIT 8 /*action='index',application='J2cRentals',controller='dashboard'*/[0m
  ↳ app/views/admin/dashboard/index.html.erb:66
  [1m[36mUser Load (0.3ms)[0m  [1m[34mSELECT "users".* FROM "users" WHERE "users"."id" IN (6, 5) /*action='index',application='J2cRentals',controller='dashboard'*/[0m
  ↳ app/views/admin/dashboard/index.html.erb:66
  Rendered admin/dashboard/index.html.erb within layouts/admin (Duration: 20.1ms | GC: 0.0ms)
  Rendered layout layouts/admin.html.erb (Duration: 24.6ms | GC: 0.0ms)
Completed 200 OK in 209ms (Views: 24.8ms | ActiveRecord: 20.4ms (26 queries, 2 cached) | GC: 0.5ms)


Started GET "/admin-portal/vehicles" for 127.0.0.1 at 2026-05-25 16:12:08 +0530
Processing by Admin::VehiclesController#index as HTML
  [1m[36mUser Load (0.3ms)[0m  [1m[34mSELECT "users".* FROM "users" WHERE "users"."id" = 6 LIMIT 1 /*action='index',application='J2cRentals',controller='vehicles'*/[0m
  ↳ app/controllers/application_controller.rb:10:in 'ApplicationController#current_user'
  Rendering layout layouts/admin.html.erb
  Rendering admin/vehicles/index.html.erb within layouts/admin
  [1m[36mVehicle Load (0.7ms)[0m  [1m[34mSELECT "vehicles".* FROM "vehicles" ORDER BY "vehicles"."created_at" DESC /*action='index',application='J2cRentals',controller='vehicles'*/[0m
  ↳ app/views/admin/vehicles/index.html.erb:13
  Rendered admin/vehicles/index.html.erb within layouts/admin (Duration: 10.3ms | GC: 0.0ms)
  Rendered layout layouts/admin.html.erb (Duration: 13.8ms | GC: 0.0ms)
Completed 200 OK in 74ms (Views: 38.8ms | ActiveRecord: 1.0ms (2 queries, 0 cached) | GC: 0.0ms)


Started GET "/admin-portal/reservations" for 127.0.0.1 at 2026-05-25 16:12:12 +0530
Processing by Admin::ReservationsController#index as HTML
  [1m[36mUser Load (0.5ms)[0m  [1m[34mSELECT "users".* FROM "users" WHERE "users"."id" = 6 LIMIT 1 /*action='index',application='J2cRentals',controller='reservations'*/[0m
  ↳ app/controllers/application_controller.rb:10:in 'ApplicationController#current_user'
  Rendering layout layouts/admin.html.erb
  Rendering admin/reservations/index.html.erb within layouts/admin
  [1m[36mReservation Load (0.7ms)[0m  [1m[34mSELECT "reservations".* FROM "reservations" ORDER BY "reservations"."created_at" DESC /*action='index',application='J2cRentals',controller='reservations'*/[0m
  ↳ app/views/admin/reservations/index.html.erb:18
  [1m[36mVehicle Load (0.7ms)[0m  [1m[34mSELECT "vehicles".* FROM "vehicles" WHERE "vehicles"."id" IN (27, 25, 28) /*action='index',application='J2cRentals',controller='reservations'*/[0m
  ↳ app/views/admin/reservations/index.html.erb:18
  Rendered admin/reservations/index.html.erb within layouts/admin (Duration: 20.4ms | GC: 0.0ms)
  Rendered layout layouts/admin.html.erb (Duration: 25.3ms | GC: 0.0ms)
Completed 200 OK in 49ms (Views: 25.9ms | ActiveRecord: 1.8ms (3 queries, 0 cached) | GC: 0.0ms)


Started GET "/admin-portal/reservations?status=approved" for 127.0.0.1 at 2026-05-25 16:12:16 +0530
Processing by Admin::ReservationsController#index as HTML
  Parameters: {"status" => "approved"}
  [1m[36mUser Load (0.5ms)[0m  [1m[34mSELECT "users".* FROM "users" WHERE "users"."id" = 6 LIMIT 1 /*action='index',application='J2cRentals',controller='reservations'*/[0m
  ↳ app/controllers/application_controller.rb:10:in 'ApplicationController#current_user'
  Rendering layout layouts/admin.html.erb
  Rendering admin/reservations/index.html.erb within layouts/admin
  [1m[36mReservation Load (0.7ms)[0m  [1m[34mSELECT "reservations".* FROM "reservations" WHERE "reservations"."status" = 'approved' ORDER BY "reservations"."created_at" DESC /*action='index',application='J2cRentals',controller='reservations'*/[0m
  ↳ app/views/admin/reservations/index.html.erb:18
  [1m[36mVehicle Load (0.4ms)[0m  [1m[34mSELECT "vehicles".* FROM "vehicles" WHERE "vehicles"."id" = 28 /*action='index',application='J2cRentals',controller='reservations'*/[0m
  ↳ app/views/admin/reservations/index.html.erb:18
  Rendered admin/reservations/index.html.erb within layouts/admin (Duration: 12.0ms | GC: 0.0ms)
  Rendered layout layouts/admin.html.erb (Duration: 20.8ms | GC: 0.0ms)
Completed 200 OK in 48ms (Views: 24.5ms | ActiveRecord: 1.5ms (3 queries, 0 cached) | GC: 0.0ms)


Started GET "/admin-portal/reservations" for 127.0.0.1 at 2026-05-25 16:12:18 +0530
Processing by Admin::ReservationsController#index as HTML
  [1m[36mUser Load (0.5ms)[0m  [1m[34mSELECT "users".* FROM "users" WHERE "users"."id" = 6 LIMIT 1 /*action='index',application='J2cRentals',controller='reservations'*/[0m
  ↳ app/controllers/application_controller.rb:10:in 'ApplicationController#current_user'
  Rendering layout layouts/admin.html.erb
  Rendering admin/reservations/index.html.erb within layouts/admin
  [1m[36mReservation Load (0.5ms)[0m  [1m[34mSELECT "reservations".* FROM "reservations" ORDER BY "reservations"."created_at" DESC /*action='index',application='J2cRentals',controller='reservations'*/[0m
  ↳ app/views/admin/reservations/index.html.erb:18
  [1m[36mVehicle Load (0.5ms)[0m  [1m[34mSELECT "vehicles".* FROM "vehicles" WHERE "vehicles"."id" IN (27, 25, 28) /*action='index',application='J2cRentals',controller='reservations'*/[0m
  ↳ app/views/admin/reservations/index.html.erb:18
  Rendered admin/reservations/index.html.erb within layouts/admin (Duration: 12.4ms | GC: 0.0ms)
  Rendered layout layouts/admin.html.erb (Duration: 17.6ms | GC: 0.0ms)
Completed 200 OK in 66ms (Views: 22.3ms | ActiveRecord: 1.6ms (3 queries, 0 cached) | GC: 0.0ms)


Started GET "/" for 127.0.0.1 at 2026-05-25 16:12:26 +0530
Processing by HomeController#index as HTML
  Rendering layout layouts/application.html.erb
  Rendering home/index.html.erb within layouts/application
  [1m[36mVehicle Load (0.7ms)[0m  [1m[34mSELECT "vehicles".* FROM "vehicles" WHERE "vehicles"."featured" = TRUE LIMIT 4 /*action='index',application='J2cRentals',controller='home'*/[0m
  ↳ app/views/home/index.html.erb:56
  [1m[36mUser Load (0.4ms)[0m  [1m[34mSELECT "users".* FROM "users" WHERE "users"."id" = 6 LIMIT 1 /*action='index',application='J2cRentals',controller='home'*/[0m
  ↳ app/controllers/application_controller.rb:10:in 'ApplicationController#current_user'
  Rendered collection of vehicles/_vehicle.html.erb [4 times] (Duration: 12.8ms | GC: 0.0ms)
  Rendered home/index.html.erb within layouts/application (Duration: 22.2ms | GC: 0.0ms)
  Rendered layout layouts/application.html.erb (Duration: 27.2ms | GC: 0.0ms)
Completed 200 OK in 46ms (Views: 29.6ms | ActiveRecord: 1.0ms (2 queries, 0 cached) | GC: 0.0ms)


Started GET "/admin-portal" for 127.0.0.1 at 2026-05-25 16:14:49 +0530
Processing by Admin::DashboardController#index as HTML
  [1m[36mUser Load (0.4ms)[0m  [1m[34mSELECT "users".* FROM "users" WHERE "users"."id" = 6 LIMIT 1 /*action='index',application='J2cRentals',controller='dashboard'*/[0m
  ↳ app/controllers/application_controller.rb:10:in 'ApplicationController#current_user'
  [1m[36mVehicle Count (0.3ms)[0m  [1m[34mSELECT COUNT(*) FROM "vehicles" /*action='index',application='J2cRentals',controller='dashboard'*/[0m
  ↳ app/controllers/admin/dashboard_controller.rb:4:in 'Admin::DashboardController#index'
  [1m[36mReservation Count (0.3ms)[0m  [1m[34mSELECT COUNT(*) FROM "reservations" WHERE "reservations"."status" = 'pending' /*action='index',application='J2cRentals',controller='dashboard'*/[0m
  ↳ app/controllers/admin/dashboard_controller.rb:5:in 'Admin::DashboardController#index'
  [1m[36mReservation Count (0.2ms)[0m  [1m[34mSELECT COUNT(*) FROM "reservations" WHERE "reservations"."status" = 'active' /*action='index',application='J2cRentals',controller='dashboard'*/[0m
  ↳ app/controllers/admin/dashboard_controller.rb:6:in 'Admin::DashboardController#index'
  [1m[36mReservation Count (0.2ms)[0m  [1m[34mSELECT COUNT(*) FROM "reservations" WHERE "reservations"."status" = 'active' AND (dropoff_date < '2026-05-25') /*action='index',application='J2cRentals',controller='dashboard'*/[0m
  ↳ app/controllers/admin/dashboard_controller.rb:7:in 'Admin::DashboardController#index'
  [1m[36mMaintenanceLog Count (0.3ms)[0m  [1m[34mSELECT COUNT(*) FROM "maintenance_logs" WHERE "maintenance_logs"."status" IN ('Scheduled', 'Overdue') AND (scheduled_on <= '2026-06-01') /*action='index',application='J2cRentals',controller='dashboard'*/[0m
  ↳ app/controllers/admin/dashboard_controller.rb:8:in 'Admin::DashboardController#index'
  [1m[36mReservation Sum (0.2ms)[0m  [1m[34mSELECT SUM("reservations"."deposit_amount") FROM "reservations" WHERE "reservations"."deposit_status" = 'Paid' /*action='index',application='J2cRentals',controller='dashboard'*/[0m
  ↳ app/controllers/admin/dashboard_controller.rb:9:in 'Admin::DashboardController#index'
  [1m[36mPayment Sum (0.2ms)[0m  [1m[34mSELECT SUM("payments"."amount") FROM "payments" WHERE "payments"."status" = 'Paid' AND "payments"."paid_at" BETWEEN '2026-05-01 00:00:00' AND '2026-05-31 23:59:59.999999' /*action='index',application='J2cRentals',controller='dashboard'*/[0m
  ↳ app/controllers/admin/dashboard_controller.rb:10:in 'Admin::DashboardController#index'
  [1m[36mCACHE Vehicle Count (0.0ms)[0m  [1m[34mSELECT COUNT(*) FROM "vehicles"[0m
  ↳ app/controllers/admin/dashboard_controller.rb:11:in 'Admin::DashboardController#index'
  [1m[36mVehicle Load (0.4ms)[0m  [1m[34mSELECT "vehicles".* FROM "vehicles" /*action='index',application='J2cRentals',controller='dashboard'*/[0m
  ↳ app/controllers/admin/dashboard_controller.rb:11:in 'Admin::DashboardController#index'
  [1m[36mReservation Load (0.5ms)[0m  [1m[34mSELECT "reservations".* FROM "reservations" WHERE "reservations"."vehicle_id" = 25 AND "reservations"."status" IN ('approved', 'active', 'completed') /*action='index',application='J2cRentals',controller='dashboard'*/[0m
  ↳ app/models/vehicle.rb:35:in 'Vehicle#utilization_percent'
  [1m[36mReservation Load (0.4ms)[0m  [1m[34mSELECT "reservations".* FROM "reservations" WHERE "reservations"."vehicle_id" = 26 AND "reservations"."status" IN ('approved', 'active', 'completed') /*action='index',application='J2cRentals',controller='dashboard'*/[0m
  ↳ app/models/vehicle.rb:35:in 'Vehicle#utilization_percent'
  [1m[36mReservation Load (0.5ms)[0m  [1m[34mSELECT "reservations".* FROM "reservations" WHERE "reservations"."vehicle_id" = 27 AND "reservations"."status" IN ('approved', 'active', 'completed') /*action='index',application='J2cRentals',controller='dashboard'*/[0m
  ↳ app/models/vehicle.rb:35:in 'Vehicle#utilization_percent'
  [1m[36mReservation Load (0.3ms)[0m  [1m[34mSELECT "reservations".* FROM "reservations" WHERE "reservations"."vehicle_id" = 28 AND "reservations"."status" IN ('approved', 'active', 'completed') /*action='index',application='J2cRentals',controller='dashboard'*/[0m
  ↳ app/models/vehicle.rb:35:in 'Vehicle#utilization_percent'
  [1m[36mReservation Load (0.3ms)[0m  [1m[34mSELECT "reservations".* FROM "reservations" WHERE "reservations"."vehicle_id" = 29 AND "reservations"."status" IN ('approved', 'active', 'completed') /*action='index',application='J2cRentals',controller='dashboard'*/[0m
  ↳ app/models/vehicle.rb:35:in 'Vehicle#utilization_percent'
  [1m[36mReservation Load (0.3ms)[0m  [1m[34mSELECT "reservations".* FROM "reservations" WHERE "reservations"."vehicle_id" = 30 AND "reservations"."status" IN ('approved', 'active', 'completed') /*action='index',application='J2cRentals',controller='dashboard'*/[0m
  ↳ app/models/vehicle.rb:35:in 'Vehicle#utilization_percent'
  [1m[36mReservation Load (0.3ms)[0m  [1m[34mSELECT "reservations".* FROM "reservations" WHERE "reservations"."vehicle_id" = 31 AND "reservations"."status" IN ('approved', 'active', 'completed') /*action='index',application='J2cRentals',controller='dashboard'*/[0m
  ↳ app/models/vehicle.rb:35:in 'Vehicle#utilization_percent'
  [1m[36mReservation Load (1.7ms)[0m  [1m[34mSELECT "reservations".* FROM "reservations" WHERE "reservations"."vehicle_id" = 32 AND "reservations"."status" IN ('approved', 'active', 'completed') /*action='index',application='J2cRentals',controller='dashboard'*/[0m
  ↳ app/models/vehicle.rb:35:in 'Vehicle#utilization_percent'
  [1m[36mReservation Load (0.3ms)[0m  [1m[34mSELECT "reservations".* FROM "reservations" WHERE "reservations"."vehicle_id" = 33 AND "reservations"."status" IN ('approved', 'active', 'completed') /*action='index',application='J2cRentals',controller='dashboard'*/[0m
  ↳ app/models/vehicle.rb:35:in 'Vehicle#utilization_percent'
  [1m[36mCACHE Vehicle Count (0.0ms)[0m  [1m[34mSELECT COUNT(*) FROM "vehicles"[0m
  ↳ app/controllers/admin/dashboard_controller.rb:11:in 'Admin::DashboardController#index'
  [1m[36mLead Count (0.2ms)[0m  [1m[34mSELECT COUNT(*) FROM "leads" WHERE "leads"."status" NOT IN ('Managed', 'Lost') /*action='index',application='J2cRentals',controller='dashboard'*/[0m
  ↳ app/controllers/admin/dashboard_controller.rb:12:in 'Admin::DashboardController#index'
  [1m[36mLead Count (0.2ms)[0m  [1m[34mSELECT COUNT(*) AS "count_all", "leads"."status" AS "leads_status" FROM "leads" GROUP BY "leads"."status" /*action='index',application='J2cRentals',controller='dashboard'*/[0m
  ↳ app/controllers/admin/dashboard_controller.rb:14:in 'Admin::DashboardController#index'
  Rendering layout layouts/admin.html.erb
  Rendering admin/dashboard/index.html.erb within layouts/admin
  [1m[36mReservation Load (0.6ms)[0m  [1m[34mSELECT "reservations".* FROM "reservations" ORDER BY "reservations"."created_at" DESC LIMIT 6 /*action='index',application='J2cRentals',controller='dashboard'*/[0m
  ↳ app/views/admin/dashboard/index.html.erb:42
  [1m[36mVehicle Load (0.4ms)[0m  [1m[34mSELECT "vehicles".* FROM "vehicles" WHERE "vehicles"."id" IN (27, 25, 28) /*action='index',application='J2cRentals',controller='dashboard'*/[0m
  ↳ app/views/admin/dashboard/index.html.erb:42
  [1m[36mAdminAction Load (0.3ms)[0m  [1m[34mSELECT "admin_actions".* FROM "admin_actions" ORDER BY "admin_actions"."created_at" DESC LIMIT 8 /*action='index',application='J2cRentals',controller='dashboard'*/[0m
  ↳ app/views/admin/dashboard/index.html.erb:66
  [1m[36mUser Load (0.4ms)[0m  [1m[34mSELECT "users".* FROM "users" WHERE "users"."id" IN (6, 5) /*action='index',application='J2cRentals',controller='dashboard'*/[0m
  ↳ app/views/admin/dashboard/index.html.erb:66
  Rendered admin/dashboard/index.html.erb within layouts/admin (Duration: 23.3ms | GC: 0.0ms)
  Rendered layout layouts/admin.html.erb (Duration: 26.4ms | GC: 0.0ms)
Completed 200 OK in 140ms (Views: 26.4ms | ActiveRecord: 8.9ms (26 queries, 2 cached) | GC: 0.0ms)


Started GET "/admin-portal/team" for 127.0.0.1 at 2026-05-25 16:14:55 +0530
Processing by Admin::TeamController#index as HTML
  [1m[36mUser Load (0.5ms)[0m  [1m[34mSELECT "users".* FROM "users" WHERE "users"."id" = 6 LIMIT 1 /*action='index',application='J2cRentals',controller='team'*/[0m
  ↳ app/controllers/application_controller.rb:10:in 'ApplicationController#current_user'
  Rendering layout layouts/admin.html.erb
  Rendering admin/team/index.html.erb within layouts/admin
  [1m[36mAdminInvitation Load (1.0ms)[0m  [1m[34mSELECT "admin_invitations".* FROM "admin_invitations" ORDER BY "admin_invitations"."created_at" DESC LIMIT 12 /*action='index',application='J2cRentals',controller='team'*/[0m
  ↳ app/views/admin/team/index.html.erb:21
  [1m[36mUser Load (0.6ms)[0m  [1m[34mSELECT "users".* FROM "users" WHERE "users"."role" IN ('support_agent', 'fleet_manager', 'admin', 'super_admin') ORDER BY "users"."role" ASC, "users"."name" ASC /*action='index',application='J2cRentals',controller='team'*/[0m
  ↳ app/views/admin/team/index.html.erb:38
  [1m[36mUserPermission Load (0.6ms)[0m  [1m[34mSELECT "user_permissions".* FROM "user_permissions" WHERE "user_permissions"."user_id" IN (5, 7, 6, 8) /*action='index',application='J2cRentals',controller='team'*/[0m
  ↳ app/views/admin/team/index.html.erb:38
  [1m[36mPermission Load (0.3ms)[0m  [1m[34mSELECT "permissions".* FROM "permissions" WHERE "permissions"."id" IN (1, 2, 3, 4, 5, 6, 7, 8) /*action='index',application='J2cRentals',controller='team'*/[0m
  ↳ app/views/admin/team/index.html.erb:38
  [1m[36mPermission Load (0.5ms)[0m  [1m[34mSELECT "permissions".* FROM "permissions" ORDER BY "permissions"."category" ASC, "permissions"."key" ASC /*action='index',application='J2cRentals',controller='team'*/[0m
  ↳ app/views/admin/team/index.html.erb:46
  Rendered admin/team/index.html.erb within layouts/admin (Duration: 65.2ms | GC: 0.0ms)
  Rendered layout layouts/admin.html.erb (Duration: 70.5ms | GC: 0.0ms)
Completed 200 OK in 113ms (Views: 69.6ms | ActiveRecord: 3.4ms (6 queries, 0 cached) | GC: 0.0ms)


Started GET "/" for 127.0.0.1 at 2026-05-25 16:15:25 +0530
Processing by HomeController#index as HTML
  Rendering layout layouts/application.html.erb
  Rendering home/index.html.erb within layouts/application
  [1m[36mVehicle Load (0.7ms)[0m  [1m[34mSELECT "vehicles".* FROM "vehicles" WHERE "vehicles"."featured" = TRUE LIMIT 4 /*action='index',application='J2cRentals',controller='home'*/[0m
  ↳ app/views/home/index.html.erb:56
  [1m[36mUser Load (1.9ms)[0m  [1m[34mSELECT "users".* FROM "users" WHERE "users"."id" = 6 LIMIT 1 /*action='index',application='J2cRentals',controller='home'*/[0m
  ↳ app/controllers/application_controller.rb:10:in 'ApplicationController#current_user'
  Rendered collection of vehicles/_vehicle.html.erb [4 times] (Duration: 12.3ms | GC: 0.0ms)
  Rendered home/index.html.erb within layouts/application (Duration: 22.1ms | GC: 0.0ms)
  Rendered layout layouts/application.html.erb (Duration: 24.7ms | GC: 0.0ms)
Completed 200 OK in 44ms (Views: 26.6ms | ActiveRecord: 2.6ms (2 queries, 0 cached) | GC: 0.0ms)


Started GET "/admin-portal" for 127.0.0.1 at 2026-05-25 16:15:32 +0530
Processing by Admin::DashboardController#index as HTML
  [1m[36mUser Load (0.3ms)[0m  [1m[34mSELECT "users".* FROM "users" WHERE "users"."id" = 6 LIMIT 1 /*action='index',application='J2cRentals',controller='dashboard'*/[0m
  ↳ app/controllers/application_controller.rb:10:in 'ApplicationController#current_user'
  [1m[36mVehicle Count (0.4ms)[0m  [1m[34mSELECT COUNT(*) FROM "vehicles" /*action='index',application='J2cRentals',controller='dashboard'*/[0m
  ↳ app/controllers/admin/dashboard_controller.rb:4:in 'Admin::DashboardController#index'
  [1m[36mReservation Count (0.3ms)[0m  [1m[34mSELECT COUNT(*) FROM "reservations" WHERE "reservations"."status" = 'pending' /*action='index',application='J2cRentals',controller='dashboard'*/[0m
  ↳ app/controllers/admin/dashboard_controller.rb:5:in 'Admin::DashboardController#index'
  [1m[36mReservation Count (0.2ms)[0m  [1m[34mSELECT COUNT(*) FROM "reservations" WHERE "reservations"."status" = 'active' /*action='index',application='J2cRentals',controller='dashboard'*/[0m
  ↳ app/controllers/admin/dashboard_controller.rb:6:in 'Admin::DashboardController#index'
  [1m[36mReservation Count (0.2ms)[0m  [1m[34mSELECT COUNT(*) FROM "reservations" WHERE "reservations"."status" = 'active' AND (dropoff_date < '2026-05-25') /*action='index',application='J2cRentals',controller='dashboard'*/[0m
  ↳ app/controllers/admin/dashboard_controller.rb:7:in 'Admin::DashboardController#index'
  [1m[36mMaintenanceLog Count (0.3ms)[0m  [1m[34mSELECT COUNT(*) FROM "maintenance_logs" WHERE "maintenance_logs"."status" IN ('Scheduled', 'Overdue') AND (scheduled_on <= '2026-06-01') /*action='index',application='J2cRentals',controller='dashboard'*/[0m
  ↳ app/controllers/admin/dashboard_controller.rb:8:in 'Admin::DashboardController#index'
  [1m[36mReservation Sum (0.3ms)[0m  [1m[34mSELECT SUM("reservations"."deposit_amount") FROM "reservations" WHERE "reservations"."deposit_status" = 'Paid' /*action='index',application='J2cRentals',controller='dashboard'*/[0m
  ↳ app/controllers/admin/dashboard_controller.rb:9:in 'Admin::DashboardController#index'
  [1m[36mPayment Sum (0.7ms)[0m  [1m[34mSELECT SUM("payments"."amount") FROM "payments" WHERE "payments"."status" = 'Paid' AND "payments"."paid_at" BETWEEN '2026-05-01 00:00:00' AND '2026-05-31 23:59:59.999999' /*action='index',application='J2cRentals',controller='dashboard'*/[0m
  ↳ app/controllers/admin/dashboard_controller.rb:10:in 'Admin::DashboardController#index'
  [1m[36mCACHE Vehicle Count (0.0ms)[0m  [1m[34mSELECT COUNT(*) FROM "vehicles"[0m
  ↳ app/controllers/admin/dashboard_controller.rb:11:in 'Admin::DashboardController#index'
  [1m[36mVehicle Load (0.6ms)[0m  [1m[34mSELECT "vehicles".* FROM "vehicles" /*action='index',application='J2cRentals',controller='dashboard'*/[0m
  ↳ app/controllers/admin/dashboard_controller.rb:11:in 'Admin::DashboardController#index'
  [1m[36mReservation Load (0.8ms)[0m  [1m[34mSELECT "reservations".* FROM "reservations" WHERE "reservations"."vehicle_id" = 25 AND "reservations"."status" IN ('approved', 'active', 'completed') /*action='index',application='J2cRentals',controller='dashboard'*/[0m
  ↳ app/models/vehicle.rb:35:in 'Vehicle#utilization_percent'
  [1m[36mReservation Load (0.6ms)[0m  [1m[34mSELECT "reservations".* FROM "reservations" WHERE "reservations"."vehicle_id" = 26 AND "reservations"."status" IN ('approved', 'active', 'completed') /*action='index',application='J2cRentals',controller='dashboard'*/[0m
  ↳ app/models/vehicle.rb:35:in 'Vehicle#utilization_percent'
  [1m[36mReservation Load (1.4ms)[0m  [1m[34mSELECT "reservations".* FROM "reservations" WHERE "reservations"."vehicle_id" = 27 AND "reservations"."status" IN ('approved', 'active', 'completed') /*action='index',application='J2cRentals',controller='dashboard'*/[0m
  ↳ app/models/vehicle.rb:35:in 'Vehicle#utilization_percent'
  [1m[36mReservation Load (0.6ms)[0m  [1m[34mSELECT "reservations".* FROM "reservations" WHERE "reservations"."vehicle_id" = 28 AND "reservations"."status" IN ('approved', 'active', 'completed') /*action='index',application='J2cRentals',controller='dashboard'*/[0m
  ↳ app/models/vehicle.rb:35:in 'Vehicle#utilization_percent'
  [1m[36mReservation Load (0.3ms)[0m  [1m[34mSELECT "reservations".* FROM "reservations" WHERE "reservations"."vehicle_id" = 29 AND "reservations"."status" IN ('approved', 'active', 'completed') /*action='index',application='J2cRentals',controller='dashboard'*/[0m
  ↳ app/models/vehicle.rb:35:in 'Vehicle#utilization_percent'
  [1m[36mReservation Load (0.4ms)[0m  [1m[34mSELECT "reservations".* FROM "reservations" WHERE "reservations"."vehicle_id" = 30 AND "reservations"."status" IN ('approved', 'active', 'completed') /*action='index',application='J2cRentals',controller='dashboard'*/[0m
  ↳ app/models/vehicle.rb:35:in 'Vehicle#utilization_percent'
  [1m[36mReservation Load (0.4ms)[0m  [1m[34mSELECT "reservations".* FROM "reservations" WHERE "reservations"."vehicle_id" = 31 AND "reservations"."status" IN ('approved', 'active', 'completed') /*action='index',application='J2cRentals',controller='dashboard'*/[0m
  ↳ app/models/vehicle.rb:35:in 'Vehicle#utilization_percent'
  [1m[36mReservation Load (0.4ms)[0m  [1m[34mSELECT "reservations".* FROM "reservations" WHERE "reservations"."vehicle_id" = 32 AND "reservations"."status" IN ('approved', 'active', 'completed') /*action='index',application='J2cRentals',controller='dashboard'*/[0m
  ↳ app/models/vehicle.rb:35:in 'Vehicle#utilization_percent'
  [1m[36mReservation Load (0.4ms)[0m  [1m[34mSELECT "reservations".* FROM "reservations" WHERE "reservations"."vehicle_id" = 33 AND "reservations"."status" IN ('approved', 'active', 'completed') /*action='index',application='J2cRentals',controller='dashboard'*/[0m
  ↳ app/models/vehicle.rb:35:in 'Vehicle#utilization_percent'
  [1m[36mCACHE Vehicle Count (0.0ms)[0m  [1m[34mSELECT COUNT(*) FROM "vehicles"[0m
  ↳ app/controllers/admin/dashboard_controller.rb:11:in 'Admin::DashboardController#index'
  [1m[36mLead Count (1.1ms)[0m  [1m[34mSELECT COUNT(*) FROM "leads" WHERE "leads"."status" NOT IN ('Managed', 'Lost') /*action='index',application='J2cRentals',controller='dashboard'*/[0m
  ↳ app/controllers/admin/dashboard_controller.rb:12:in 'Admin::DashboardController#index'
  [1m[36mLead Count (0.2ms)[0m  [1m[34mSELECT COUNT(*) AS "count_all", "leads"."status" AS "leads_status" FROM "leads" GROUP BY "leads"."status" /*action='index',application='J2cRentals',controller='dashboard'*/[0m
  ↳ app/controllers/admin/dashboard_controller.rb:14:in 'Admin::DashboardController#index'
  Rendering layout layouts/admin.html.erb
  Rendering admin/dashboard/index.html.erb within layouts/admin
  [1m[36mReservation Load (0.8ms)[0m  [1m[34mSELECT "reservations".* FROM "reservations" ORDER BY "reservations"."created_at" DESC LIMIT 6 /*action='index',application='J2cRentals',controller='dashboard'*/[0m
  ↳ app/views/admin/dashboard/index.html.erb:42
  [1m[36mVehicle Load (0.4ms)[0m  [1m[34mSELECT "vehicles".* FROM "vehicles" WHERE "vehicles"."id" IN (27, 25, 28) /*action='index',application='J2cRentals',controller='dashboard'*/[0m
  ↳ app/views/admin/dashboard/index.html.erb:42
  [1m[36mAdminAction Load (0.3ms)[0m  [1m[34mSELECT "admin_actions".* FROM "admin_actions" ORDER BY "admin_actions"."created_at" DESC LIMIT 8 /*action='index',application='J2cRentals',controller='dashboard'*/[0m
  ↳ app/views/admin/dashboard/index.html.erb:66
  [1m[36mUser Load (0.4ms)[0m  [1m[34mSELECT "users".* FROM "users" WHERE "users"."id" IN (6, 5) /*action='index',application='J2cRentals',controller='dashboard'*/[0m
  ↳ app/views/admin/dashboard/index.html.erb:66
  Rendered admin/dashboard/index.html.erb within layouts/admin (Duration: 24.8ms | GC: 0.0ms)
  Rendered layout layouts/admin.html.erb (Duration: 27.7ms | GC: 0.0ms)
Completed 200 OK in 199ms (Views: 27.6ms | ActiveRecord: 11.5ms (26 queries, 2 cached) | GC: 0.2ms)


Started GET "/admin-portal/session" for 127.0.0.1 at 2026-05-25 16:15:47 +0530
  
ActionController::RoutingError (No route matches [GET] "/admin-portal/session"):
  
Started GET "/admin-portal/" for 127.0.0.1 at 2026-05-25 16:15:51 +0530
Processing by Admin::DashboardController#index as HTML
  [1m[36mUser Load (1.0ms)[0m  [1m[34mSELECT "users".* FROM "users" WHERE "users"."id" = 6 LIMIT 1 /*action='index',application='J2cRentals',controller='dashboard'*/[0m
  ↳ app/controllers/application_controller.rb:10:in 'ApplicationController#current_user'
  [1m[36mVehicle Count (0.3ms)[0m  [1m[34mSELECT COUNT(*) FROM "vehicles" /*action='index',application='J2cRentals',controller='dashboard'*/[0m
  ↳ app/controllers/admin/dashboard_controller.rb:4:in 'Admin::DashboardController#index'
  [1m[36mReservation Count (0.3ms)[0m  [1m[34mSELECT COUNT(*) FROM "reservations" WHERE "reservations"."status" = 'pending' /*action='index',application='J2cRentals',controller='dashboard'*/[0m
  ↳ app/controllers/admin/dashboard_controller.rb:5:in 'Admin::DashboardController#index'
  [1m[36mReservation Count (0.2ms)[0m  [1m[34mSELECT COUNT(*) FROM "reservations" WHERE "reservations"."status" = 'active' /*action='index',application='J2cRentals',controller='dashboard'*/[0m
  ↳ app/controllers/admin/dashboard_controller.rb:6:in 'Admin::DashboardController#index'
  [1m[36mReservation Count (0.2ms)[0m  [1m[34mSELECT COUNT(*) FROM "reservations" WHERE "reservations"."status" = 'active' AND (dropoff_date < '2026-05-25') /*action='index',application='J2cRentals',controller='dashboard'*/[0m
  ↳ app/controllers/admin/dashboard_controller.rb:7:in 'Admin::DashboardController#index'
  [1m[36mMaintenanceLog Count (0.3ms)[0m  [1m[34mSELECT COUNT(*) FROM "maintenance_logs" WHERE "maintenance_logs"."status" IN ('Scheduled', 'Overdue') AND (scheduled_on <= '2026-06-01') /*action='index',application='J2cRentals',controller='dashboard'*/[0m
  ↳ app/controllers/admin/dashboard_controller.rb:8:in 'Admin::DashboardController#index'
  [1m[36mReservation Sum (0.3ms)[0m  [1m[34mSELECT SUM("reservations"."deposit_amount") FROM "reservations" WHERE "reservations"."deposit_status" = 'Paid' /*action='index',application='J2cRentals',controller='dashboard'*/[0m
  ↳ app/controllers/admin/dashboard_controller.rb:9:in 'Admin::DashboardController#index'
  [1m[36mPayment Sum (0.3ms)[0m  [1m[34mSELECT SUM("payments"."amount") FROM "payments" WHERE "payments"."status" = 'Paid' AND "payments"."paid_at" BETWEEN '2026-05-01 00:00:00' AND '2026-05-31 23:59:59.999999' /*action='index',application='J2cRentals',controller='dashboard'*/[0m
  ↳ app/controllers/admin/dashboard_controller.rb:10:in 'Admin::DashboardController#index'
  [1m[36mCACHE Vehicle Count (0.0ms)[0m  [1m[34mSELECT COUNT(*) FROM "vehicles"[0m
  ↳ app/controllers/admin/dashboard_controller.rb:11:in 'Admin::DashboardController#index'
  [1m[36mVehicle Load (0.4ms)[0m  [1m[34mSELECT "vehicles".* FROM "vehicles" /*action='index',application='J2cRentals',controller='dashboard'*/[0m
  ↳ app/controllers/admin/dashboard_controller.rb:11:in 'Admin::DashboardController#index'
  [1m[36mReservation Load (0.5ms)[0m  [1m[34mSELECT "reservations".* FROM "reservations" WHERE "reservations"."vehicle_id" = 25 AND "reservations"."status" IN ('approved', 'active', 'completed') /*action='index',application='J2cRentals',controller='dashboard'*/[0m
  ↳ app/models/vehicle.rb:35:in 'Vehicle#utilization_percent'
  [1m[36mReservation Load (0.6ms)[0m  [1m[34mSELECT "reservations".* FROM "reservations" WHERE "reservations"."vehicle_id" = 26 AND "reservations"."status" IN ('approved', 'active', 'completed') /*action='index',application='J2cRentals',controller='dashboard'*/[0m
  ↳ app/models/vehicle.rb:35:in 'Vehicle#utilization_percent'
  [1m[36mReservation Load (0.5ms)[0m  [1m[34mSELECT "reservations".* FROM "reservations" WHERE "reservations"."vehicle_id" = 27 AND "reservations"."status" IN ('approved', 'active', 'completed') /*action='index',application='J2cRentals',controller='dashboard'*/[0m
  ↳ app/models/vehicle.rb:35:in 'Vehicle#utilization_percent'
  [1m[36mReservation Load (0.5ms)[0m  [1m[34mSELECT "reservations".* FROM "reservations" WHERE "reservations"."vehicle_id" = 28 AND "reservations"."status" IN ('approved', 'active', 'completed') /*action='index',application='J2cRentals',controller='dashboard'*/[0m
  ↳ app/models/vehicle.rb:35:in 'Vehicle#utilization_percent'
  [1m[36mReservation Load (3.8ms)[0m  [1m[34mSELECT "reservations".* FROM "reservations" WHERE "reservations"."vehicle_id" = 29 AND "reservations"."status" IN ('approved', 'active', 'completed') /*action='index',application='J2cRentals',controller='dashboard'*/[0m
  ↳ app/models/vehicle.rb:35:in 'Vehicle#utilization_percent'
  [1m[36mReservation Load (0.5ms)[0m  [1m[34mSELECT "reservations".* FROM "reservations" WHERE "reservations"."vehicle_id" = 30 AND "reservations"."status" IN ('approved', 'active', 'completed') /*action='index',application='J2cRentals',controller='dashboard'*/[0m
  ↳ app/models/vehicle.rb:35:in 'Vehicle#utilization_percent'
  [1m[36mReservation Load (0.4ms)[0m  [1m[34mSELECT "reservations".* FROM "reservations" WHERE "reservations"."vehicle_id" = 31 AND "reservations"."status" IN ('approved', 'active', 'completed') /*action='index',application='J2cRentals',controller='dashboard'*/[0m
  ↳ app/models/vehicle.rb:35:in 'Vehicle#utilization_percent'
  [1m[36mReservation Load (2.0ms)[0m  [1m[34mSELECT "reservations".* FROM "reservations" WHERE "reservations"."vehicle_id" = 32 AND "reservations"."status" IN ('approved', 'active', 'completed') /*action='index',application='J2cRentals',controller='dashboard'*/[0m
  ↳ app/models/vehicle.rb:35:in 'Vehicle#utilization_percent'
  [1m[36mReservation Load (0.5ms)[0m  [1m[34mSELECT "reservations".* FROM "reservations" WHERE "reservations"."vehicle_id" = 33 AND "reservations"."status" IN ('approved', 'active', 'completed') /*action='index',application='J2cRentals',controller='dashboard'*/[0m
  ↳ app/models/vehicle.rb:35:in 'Vehicle#utilization_percent'
  [1m[36mCACHE Vehicle Count (0.0ms)[0m  [1m[34mSELECT COUNT(*) FROM "vehicles"[0m
  ↳ app/controllers/admin/dashboard_controller.rb:11:in 'Admin::DashboardController#index'
  [1m[36mLead Count (0.3ms)[0m  [1m[34mSELECT COUNT(*) FROM "leads" WHERE "leads"."status" NOT IN ('Managed', 'Lost') /*action='index',application='J2cRentals',controller='dashboard'*/[0m
  ↳ app/controllers/admin/dashboard_controller.rb:12:in 'Admin::DashboardController#index'
  [1m[36mLead Count (0.4ms)[0m  [1m[34mSELECT COUNT(*) AS "count_all", "leads"."status" AS "leads_status" FROM "leads" GROUP BY "leads"."status" /*action='index',application='J2cRentals',controller='dashboard'*/[0m
  ↳ app/controllers/admin/dashboard_controller.rb:14:in 'Admin::DashboardController#index'
  Rendering layout layouts/admin.html.erb
  Rendering admin/dashboard/index.html.erb within layouts/admin
  [1m[36mReservation Load (0.7ms)[0m  [1m[34mSELECT "reservations".* FROM "reservations" ORDER BY "reservations"."created_at" DESC LIMIT 6 /*action='index',application='J2cRentals',controller='dashboard'*/[0m
  ↳ app/views/admin/dashboard/index.html.erb:42
  [1m[36mVehicle Load (0.5ms)[0m  [1m[34mSELECT "vehicles".* FROM "vehicles" WHERE "vehicles"."id" IN (27, 25, 28) /*action='index',application='J2cRentals',controller='dashboard'*/[0m
  ↳ app/views/admin/dashboard/index.html.erb:42
  [1m[36mAdminAction Load (0.5ms)[0m  [1m[34mSELECT "admin_actions".* FROM "admin_actions" ORDER BY "admin_actions"."created_at" DESC LIMIT 8 /*action='index',application='J2cRentals',controller='dashboard'*/[0m
  ↳ app/views/admin/dashboard/index.html.erb:66
  [1m[36mUser Load (0.3ms)[0m  [1m[34mSELECT "users".* FROM "users" WHERE "users"."id" IN (6, 5) /*action='index',application='J2cRentals',controller='dashboard'*/[0m
  ↳ app/views/admin/dashboard/index.html.erb:66
  Rendered admin/dashboard/index.html.erb within layouts/admin (Duration: 20.4ms | GC: 0.0ms)
  Rendered layout layouts/admin.html.erb (Duration: 23.4ms | GC: 0.0ms)
Completed 200 OK in 153ms (Views: 23.2ms | ActiveRecord: 13.6ms (26 queries, 2 cached) | GC: 0.0ms)


  [1m[36mUser Load (0.2ms)[0m  [1m[34mSELECT "users".* FROM "users" ORDER BY "users"."id" DESC LIMIT 1 /*application='J2cRentals'*/[0m
  [1m[36mUser Load (0.3ms)[0m  [1m[34mSELECT "users".* FROM "users" /* loading for pp */ LIMIT 11 /*application='J2cRentals'*/[0m
  [1m[36mUser Load (0.3ms)[0m  [1m[34mSELECT "users".* FROM "users" WHERE "users"."id" = 8 LIMIT 1 /*application='J2cRentals'*/[0m
  [1m[36mUser Load (0.3ms)[0m  [1m[34mSELECT "users".* FROM "users" WHERE "users"."id" = 6 LIMIT 1 /*application='J2cRentals'*/[0m
  [1m[36mTRANSACTION (0.2ms)[0m  [1m[35mBEGIN immediate TRANSACTION /*application='J2cRentals'*/[0m
  [1m[36mUser Update (0.1ms)[0m  [1m[33mUPDATE "users" SET "active" = FALSE, "updated_at" = '2026-05-25 10:47:56.372326' WHERE "users"."id" = 6 /*application='J2cRentals'*/[0m
  [1m[36mTRANSACTION (36.3ms)[0m  [1m[35mCOMMIT TRANSACTION /*application='J2cRentals'*/[0m
Started GET "/admin-portal/" for 127.0.0.1 at 2026-05-25 16:18:00 +0530
  [1m[36mActiveRecord::SchemaMigration Load (0.7ms)[0m  [1m[34mSELECT "schema_migrations"."version" FROM "schema_migrations" ORDER BY "schema_migrations"."version" ASC /*application='J2cRentals'*/[0m
Processing by Admin::DashboardController#index as HTML
  [1m[36mUser Load (0.5ms)[0m  [1m[34mSELECT "users".* FROM "users" WHERE "users"."id" = 6 LIMIT 1 /*action='index',application='J2cRentals',controller='dashboard'*/[0m
  ↳ app/controllers/application_controller.rb:10:in 'ApplicationController#current_user'
Redirected to http://127.0.0.1:3000/admin-portal/session/new
↳ app/controllers/admin/base_controller.rb:12:in 'Admin::BaseController#require_admin!'
Filter chain halted as :require_admin! rendered or redirected
Completed 302 Found in 379ms (ActiveRecord: 9.8ms (1 query, 0 cached) | GC: 0.0ms)


Started GET "/admin-portal/session/new" for 127.0.0.1 at 2026-05-25 16:18:01 +0530
Processing by Admin::SessionsController#new as HTML
  Rendering layout layouts/admin_auth.html.erb
  Rendering admin/sessions/new.html.erb within layouts/admin_auth
  Rendered admin/sessions/new.html.erb within layouts/admin_auth (Duration: 28.2ms | GC: 0.0ms)
  Rendered layout layouts/admin_auth.html.erb (Duration: 45.0ms | GC: 0.0ms)
Completed 200 OK in 144ms (Views: 68.8ms | ActiveRecord: 0.0ms (0 queries, 0 cached) | GC: 0.0ms)


  [1m[36mTRANSACTION (0.1ms)[0m  [1m[35mBEGIN immediate TRANSACTION /*application='J2cRentals'*/[0m
  [1m[36mUser Update (1.0ms)[0m  [1m[33mUPDATE "users" SET "active" = TRUE, "updated_at" = '2026-05-25 10:48:09.342275' WHERE "users"."id" = 6 /*application='J2cRentals'*/[0m
  [1m[36mTRANSACTION (0.2ms)[0m  [1m[35mCOMMIT TRANSACTION /*application='J2cRentals'*/[0m
Started GET "/" for 127.0.0.1 at 2026-05-25 16:18:18 +0530
Processing by HomeController#index as HTML
  Rendering layout layouts/application.html.erb
  Rendering home/index.html.erb within layouts/application
  [1m[36mVehicle Load (0.6ms)[0m  [1m[34mSELECT "vehicles".* FROM "vehicles" WHERE "vehicles"."featured" = TRUE LIMIT 4 /*action='index',application='J2cRentals',controller='home'*/[0m
  ↳ app/views/home/index.html.erb:56
  Rendered collection of vehicles/_vehicle.html.erb [4 times] (Duration: 13.6ms | GC: 0.0ms)
  Rendered home/index.html.erb within layouts/application (Duration: 149.4ms | GC: 0.6ms)
  Rendered layout layouts/application.html.erb (Duration: 153.8ms | GC: 0.6ms)
Completed 200 OK in 235ms (Views: 163.5ms | ActiveRecord: 2.5ms (1 query, 0 cached) | GC: 0.6ms)


Started GET "/session/new" for 127.0.0.1 at 2026-05-25 16:18:21 +0530
Processing by SessionsController#new as HTML
  Rendering layout layouts/application.html.erb
  Rendering sessions/new.html.erb within layouts/application
  Rendered sessions/new.html.erb within layouts/application (Duration: 38.2ms | GC: 0.0ms)
  Rendered layout layouts/application.html.erb (Duration: 51.8ms | GC: 0.0ms)
Completed 200 OK in 99ms (Views: 68.0ms | ActiveRecord: 0.0ms (0 queries, 0 cached) | GC: 0.0ms)


Started GET "/" for 127.0.0.1 at 2026-05-25 16:18:58 +0530
Processing by HomeController#index as HTML
  Rendering layout layouts/application.html.erb
  Rendering home/index.html.erb within layouts/application
  [1m[36mVehicle Load (0.6ms)[0m  [1m[34mSELECT "vehicles".* FROM "vehicles" WHERE "vehicles"."featured" = TRUE LIMIT 4 /*action='index',application='J2cRentals',controller='home'*/[0m
  ↳ app/views/home/index.html.erb:56
  Rendered collection of vehicles/_vehicle.html.erb [4 times] (Duration: 2.1ms | GC: 0.0ms)
  Rendered home/index.html.erb within layouts/application (Duration: 19.5ms | GC: 0.0ms)
  Rendered layout layouts/application.html.erb (Duration: 22.3ms | GC: 0.0ms)
Completed 200 OK in 42ms (Views: 25.4ms | ActiveRecord: 0.6ms (1 query, 0 cached) | GC: 0.0ms)


Started GET "/vehicles" for 127.0.0.1 at 2026-05-25 16:19:04 +0530
Processing by VehiclesController#index as HTML
  Rendering layout layouts/application.html.erb
  Rendering vehicles/index.html.erb within layouts/application
  [1m[36mVehicle Count (0.5ms)[0m  [1m[34mSELECT COUNT(*) FROM "vehicles" WHERE "vehicles"."available" = TRUE /*action='index',application='J2cRentals',controller='vehicles'*/[0m
  ↳ app/views/vehicles/index.html.erb:20
  [1m[36mVehicle Load (1.1ms)[0m  [1m[34mSELECT "vehicles".* FROM "vehicles" WHERE "vehicles"."available" = TRUE ORDER BY "vehicles"."featured" DESC, "vehicles"."daily_rate" ASC /*action='index',application='J2cRentals',controller='vehicles'*/[0m
  ↳ app/views/vehicles/index.html.erb:23
  Rendered collection of vehicles/_vehicle.html.erb [9 times] (Duration: 3.6ms | GC: 0.0ms)
  Rendered vehicles/index.html.erb within layouts/application (Duration: 25.9ms | GC: 0.0ms)
  Rendered layout layouts/application.html.erb (Duration: 28.6ms | GC: 0.0ms)
Completed 200 OK in 57ms (Views: 32.2ms | ActiveRecord: 1.5ms (2 queries, 0 cached) | GC: 0.0ms)


Started GET "/vehicles/31" for 127.0.0.1 at 2026-05-25 16:19:10 +0530
Processing by VehiclesController#show as HTML
  Parameters: {"id" => "31"}
  [1m[36mVehicle Load (0.3ms)[0m  [1m[34mSELECT "vehicles".* FROM "vehicles" WHERE "vehicles"."id" = 31 LIMIT 1 /*action='show',application='J2cRentals',controller='vehicles'*/[0m
  ↳ app/controllers/vehicles_controller.rb:12:in 'VehiclesController#show'
  Rendering layout layouts/application.html.erb
  Rendering vehicles/show.html.erb within layouts/application
  Rendered reservations/_form.html.erb (Duration: 45.8ms | GC: 0.2ms)
  Rendered vehicles/show.html.erb within layouts/application (Duration: 69.6ms | GC: 0.2ms)
  Rendered layout layouts/application.html.erb (Duration: 77.0ms | GC: 0.2ms)
Completed 200 OK in 249ms (Views: 86.3ms | ActiveRecord: 1.3ms (1 query, 0 cached) | GC: 0.2ms)


Started GET "/admin-portal" for 127.0.0.1 at 2026-05-25 16:20:02 +0530
Processing by Admin::DashboardController#index as HTML
Redirected to http://127.0.0.1:3000/admin-portal/session/new
↳ app/controllers/admin/base_controller.rb:12:in 'Admin::BaseController#require_admin!'
Filter chain halted as :require_admin! rendered or redirected
Completed 302 Found in 22ms (ActiveRecord: 0.0ms (0 queries, 0 cached) | GC: 0.0ms)


Started GET "/admin-portal/session/new" for 127.0.0.1 at 2026-05-25 16:20:02 +0530
Processing by Admin::SessionsController#new as HTML
  Rendering layout layouts/admin_auth.html.erb
  Rendering admin/sessions/new.html.erb within layouts/admin_auth
  Rendered admin/sessions/new.html.erb within layouts/admin_auth (Duration: 4.6ms | GC: 0.0ms)
  Rendered layout layouts/admin_auth.html.erb (Duration: 11.9ms | GC: 0.0ms)
Completed 200 OK in 28ms (Views: 15.2ms | ActiveRecord: 0.0ms (0 queries, 0 cached) | GC: 0.0ms)


Started POST "/admin-portal/session" for 127.0.0.1 at 2026-05-25 16:20:11 +0530
Processing by Admin::SessionsController#create as HTML
  Parameters: {"authenticity_token" => "[FILTERED]", "email" => "[FILTERED]", "password" => "[FILTERED]", "commit" => "Enter admin portal"}
  [1m[36mUser Load (0.7ms)[0m  [1m[34mSELECT "users".* FROM "users" WHERE "users"."email" = 'owner@j2c.test' LIMIT 1 /*action='create',application='J2cRentals',controller='sessions'*/[0m
  ↳ app/controllers/admin/sessions_controller.rb:9:in 'Admin::SessionsController#create'
  [1m[36mTRANSACTION (0.4ms)[0m  [1m[35mBEGIN immediate TRANSACTION /*action='create',application='J2cRentals',controller='sessions'*/[0m
  ↳ app/controllers/admin/sessions_controller.rb:13:in 'Admin::SessionsController#create'
  [1m[36mUser Update (0.3ms)[0m  [1m[33mUPDATE "users" SET "last_login_at" = '2026-05-25 10:50:12.465283', "updated_at" = '2026-05-25 10:50:12.476077' WHERE "users"."id" = 6 /*action='create',application='J2cRentals',controller='sessions'*/[0m
  ↳ app/controllers/admin/sessions_controller.rb:13:in 'Admin::SessionsController#create'
  [1m[36mTRANSACTION (0.3ms)[0m  [1m[35mCOMMIT TRANSACTION /*action='create',application='J2cRentals',controller='sessions'*/[0m
  ↳ app/controllers/admin/sessions_controller.rb:13:in 'Admin::SessionsController#create'
  [1m[36mTRANSACTION (0.2ms)[0m  [1m[35mBEGIN immediate TRANSACTION /*action='create',application='J2cRentals',controller='sessions'*/[0m
  ↳ app/controllers/admin/sessions_controller.rb:14:in 'Admin::SessionsController#create'
  [1m[36mAdminAction Create (8.1ms)[0m  [1m[32mINSERT INTO "admin_actions" ("user_id", "action", "resource_type", "resource_id", "ip_address", "metadata", "created_at", "updated_at") VALUES (6, 'admin.login', NULL, NULL, '127.0.0.1', '"{\"path\":\"/admin-portal/session\"}"', '2026-05-25 10:50:12.518887', '2026-05-25 10:50:12.518887') RETURNING "id" /*action='create',application='J2cRentals',controller='sessions'*/[0m
  ↳ app/controllers/admin/sessions_controller.rb:14:in 'Admin::SessionsController#create'
  [1m[36mTRANSACTION (0.7ms)[0m  [1m[35mCOMMIT TRANSACTION /*action='create',application='J2cRentals',controller='sessions'*/[0m
  ↳ app/controllers/admin/sessions_controller.rb:14:in 'Admin::SessionsController#create'
Redirected to http://127.0.0.1:3000/admin-portal
↳ app/controllers/admin/sessions_controller.rb:15:in 'Admin::SessionsController#create'
Completed 302 Found in 608ms (ActiveRecord: 18.1ms (3 queries, 0 cached) | GC: 0.0ms)


Started GET "/admin-portal" for 127.0.0.1 at 2026-05-25 16:20:12 +0530
Processing by Admin::DashboardController#index as HTML
  [1m[36mUser Load (2.1ms)[0m  [1m[34mSELECT "users".* FROM "users" WHERE "users"."id" = 6 LIMIT 1 /*action='index',application='J2cRentals',controller='dashboard'*/[0m
  ↳ app/controllers/application_controller.rb:10:in 'ApplicationController#current_user'
  [1m[36mVehicle Count (0.3ms)[0m  [1m[34mSELECT COUNT(*) FROM "vehicles" /*action='index',application='J2cRentals',controller='dashboard'*/[0m
  ↳ app/controllers/admin/dashboard_controller.rb:4:in 'Admin::DashboardController#index'
  [1m[36mReservation Count (0.6ms)[0m  [1m[34mSELECT COUNT(*) FROM "reservations" WHERE "reservations"."status" = 'pending' /*action='index',application='J2cRentals',controller='dashboard'*/[0m
  ↳ app/controllers/admin/dashboard_controller.rb:5:in 'Admin::DashboardController#index'
  [1m[36mReservation Count (0.3ms)[0m  [1m[34mSELECT COUNT(*) FROM "reservations" WHERE "reservations"."status" = 'active' /*action='index',application='J2cRentals',controller='dashboard'*/[0m
  ↳ app/controllers/admin/dashboard_controller.rb:6:in 'Admin::DashboardController#index'
  [1m[36mReservation Count (0.5ms)[0m  [1m[34mSELECT COUNT(*) FROM "reservations" WHERE "reservations"."status" = 'active' AND (dropoff_date < '2026-05-25') /*action='index',application='J2cRentals',controller='dashboard'*/[0m
  ↳ app/controllers/admin/dashboard_controller.rb:7:in 'Admin::DashboardController#index'
  [1m[36mMaintenanceLog Count (0.4ms)[0m  [1m[34mSELECT COUNT(*) FROM "maintenance_logs" WHERE "maintenance_logs"."status" IN ('Scheduled', 'Overdue') AND (scheduled_on <= '2026-06-01') /*action='index',application='J2cRentals',controller='dashboard'*/[0m
  ↳ app/controllers/admin/dashboard_controller.rb:8:in 'Admin::DashboardController#index'
  [1m[36mReservation Sum (0.2ms)[0m  [1m[34mSELECT SUM("reservations"."deposit_amount") FROM "reservations" WHERE "reservations"."deposit_status" = 'Paid' /*action='index',application='J2cRentals',controller='dashboard'*/[0m
  ↳ app/controllers/admin/dashboard_controller.rb:9:in 'Admin::DashboardController#index'
  [1m[36mPayment Sum (0.3ms)[0m  [1m[34mSELECT SUM("payments"."amount") FROM "payments" WHERE "payments"."status" = 'Paid' AND "payments"."paid_at" BETWEEN '2026-05-01 00:00:00' AND '2026-05-31 23:59:59.999999' /*action='index',application='J2cRentals',controller='dashboard'*/[0m
  ↳ app/controllers/admin/dashboard_controller.rb:10:in 'Admin::DashboardController#index'
  [1m[36mCACHE Vehicle Count (0.0ms)[0m  [1m[34mSELECT COUNT(*) FROM "vehicles"[0m
  ↳ app/controllers/admin/dashboard_controller.rb:11:in 'Admin::DashboardController#index'
  [1m[36mVehicle Load (0.4ms)[0m  [1m[34mSELECT "vehicles".* FROM "vehicles" /*action='index',application='J2cRentals',controller='dashboard'*/[0m
  ↳ app/controllers/admin/dashboard_controller.rb:11:in 'Admin::DashboardController#index'
  [1m[36mReservation Load (1.1ms)[0m  [1m[34mSELECT "reservations".* FROM "reservations" WHERE "reservations"."vehicle_id" = 25 AND "reservations"."status" IN ('approved', 'active', 'completed') /*action='index',application='J2cRentals',controller='dashboard'*/[0m
  ↳ app/models/vehicle.rb:35:in 'Vehicle#utilization_percent'
  [1m[36mReservation Load (0.6ms)[0m  [1m[34mSELECT "reservations".* FROM "reservations" WHERE "reservations"."vehicle_id" = 26 AND "reservations"."status" IN ('approved', 'active', 'completed') /*action='index',application='J2cRentals',controller='dashboard'*/[0m
  ↳ app/models/vehicle.rb:35:in 'Vehicle#utilization_percent'
  [1m[36mReservation Load (0.7ms)[0m  [1m[34mSELECT "reservations".* FROM "reservations" WHERE "reservations"."vehicle_id" = 27 AND "reservations"."status" IN ('approved', 'active', 'completed') /*action='index',application='J2cRentals',controller='dashboard'*/[0m
  ↳ app/models/vehicle.rb:35:in 'Vehicle#utilization_percent'
  [1m[36mReservation Load (0.5ms)[0m  [1m[34mSELECT "reservations".* FROM "reservations" WHERE "reservations"."vehicle_id" = 28 AND "reservations"."status" IN ('approved', 'active', 'completed') /*action='index',application='J2cRentals',controller='dashboard'*/[0m
  ↳ app/models/vehicle.rb:35:in 'Vehicle#utilization_percent'
  [1m[36mReservation Load (0.4ms)[0m  [1m[34mSELECT "reservations".* FROM "reservations" WHERE "reservations"."vehicle_id" = 29 AND "reservations"."status" IN ('approved', 'active', 'completed') /*action='index',application='J2cRentals',controller='dashboard'*/[0m
  ↳ app/models/vehicle.rb:35:in 'Vehicle#utilization_percent'
  [1m[36mReservation Load (0.4ms)[0m  [1m[34mSELECT "reservations".* FROM "reservations" WHERE "reservations"."vehicle_id" = 30 AND "reservations"."status" IN ('approved', 'active', 'completed') /*action='index',application='J2cRentals',controller='dashboard'*/[0m
  ↳ app/models/vehicle.rb:35:in 'Vehicle#utilization_percent'
  [1m[36mReservation Load (0.4ms)[0m  [1m[34mSELECT "reservations".* FROM "reservations" WHERE "reservations"."vehicle_id" = 31 AND "reservations"."status" IN ('approved', 'active', 'completed') /*action='index',application='J2cRentals',controller='dashboard'*/[0m
  ↳ app/models/vehicle.rb:35:in 'Vehicle#utilization_percent'
  [1m[36mReservation Load (0.4ms)[0m  [1m[34mSELECT "reservations".* FROM "reservations" WHERE "reservations"."vehicle_id" = 32 AND "reservations"."status" IN ('approved', 'active', 'completed') /*action='index',application='J2cRentals',controller='dashboard'*/[0m
  ↳ app/models/vehicle.rb:35:in 'Vehicle#utilization_percent'
  [1m[36mReservation Load (0.4ms)[0m  [1m[34mSELECT "reservations".* FROM "reservations" WHERE "reservations"."vehicle_id" = 33 AND "reservations"."status" IN ('approved', 'active', 'completed') /*action='index',application='J2cRentals',controller='dashboard'*/[0m
  ↳ app/models/vehicle.rb:35:in 'Vehicle#utilization_percent'
  [1m[36mCACHE Vehicle Count (0.0ms)[0m  [1m[34mSELECT COUNT(*) FROM "vehicles"[0m
  ↳ app/controllers/admin/dashboard_controller.rb:11:in 'Admin::DashboardController#index'
  [1m[36mLead Count (0.3ms)[0m  [1m[34mSELECT COUNT(*) FROM "leads" WHERE "leads"."status" NOT IN ('Managed', 'Lost') /*action='index',application='J2cRentals',controller='dashboard'*/[0m
  ↳ app/controllers/admin/dashboard_controller.rb:12:in 'Admin::DashboardController#index'
  [1m[36mLead Count (0.4ms)[0m  [1m[34mSELECT COUNT(*) AS "count_all", "leads"."status" AS "leads_status" FROM "leads" GROUP BY "leads"."status" /*action='index',application='J2cRentals',controller='dashboard'*/[0m
  ↳ app/controllers/admin/dashboard_controller.rb:14:in 'Admin::DashboardController#index'
  Rendering layout layouts/admin.html.erb
  Rendering admin/dashboard/index.html.erb within layouts/admin
  [1m[36mReservation Load (1.3ms)[0m  [1m[34mSELECT "reservations".* FROM "reservations" ORDER BY "reservations"."created_at" DESC LIMIT 6 /*action='index',application='J2cRentals',controller='dashboard'*/[0m
  ↳ app/views/admin/dashboard/index.html.erb:42
  [1m[36mVehicle Load (0.6ms)[0m  [1m[34mSELECT "vehicles".* FROM "vehicles" WHERE "vehicles"."id" IN (27, 25, 28) /*action='index',application='J2cRentals',controller='dashboard'*/[0m
  ↳ app/views/admin/dashboard/index.html.erb:42
  [1m[36mAdminAction Load (0.5ms)[0m  [1m[34mSELECT "admin_actions".* FROM "admin_actions" ORDER BY "admin_actions"."created_at" DESC LIMIT 8 /*action='index',application='J2cRentals',controller='dashboard'*/[0m
  ↳ app/views/admin/dashboard/index.html.erb:66
  [1m[36mUser Load (0.4ms)[0m  [1m[34mSELECT "users".* FROM "users" WHERE "users"."id" IN (6, 5) /*action='index',application='J2cRentals',controller='dashboard'*/[0m
  ↳ app/views/admin/dashboard/index.html.erb:66
  Rendered admin/dashboard/index.html.erb within layouts/admin (Duration: 58.7ms | GC: 0.0ms)
  Rendered layout layouts/admin.html.erb (Duration: 64.4ms | GC: 0.0ms)
Completed 200 OK in 276ms (Views: 72.9ms | ActiveRecord: 16.6ms (26 queries, 2 cached) | GC: 0.0ms)


Started GET "/admin-portal/vehicles" for 127.0.0.1 at 2026-05-25 16:20:31 +0530
Processing by Admin::VehiclesController#index as HTML
  [1m[36mUser Load (0.3ms)[0m  [1m[34mSELECT "users".* FROM "users" WHERE "users"."id" = 6 LIMIT 1 /*action='index',application='J2cRentals',controller='vehicles'*/[0m
  ↳ app/controllers/application_controller.rb:10:in 'ApplicationController#current_user'
  Rendering layout layouts/admin.html.erb
  Rendering admin/vehicles/index.html.erb within layouts/admin
  [1m[36mVehicle Load (0.4ms)[0m  [1m[34mSELECT "vehicles".* FROM "vehicles" ORDER BY "vehicles"."created_at" DESC /*action='index',application='J2cRentals',controller='vehicles'*/[0m
  ↳ app/views/admin/vehicles/index.html.erb:13
  Rendered admin/vehicles/index.html.erb within layouts/admin (Duration: 7.3ms | GC: 0.0ms)
  Rendered layout layouts/admin.html.erb (Duration: 8.9ms | GC: 0.0ms)
Completed 200 OK in 25ms (Views: 9.8ms | ActiveRecord: 0.6ms (2 queries, 0 cached) | GC: 0.0ms)


Started GET "/admin-portal/session" for 127.0.0.1 at 2026-05-25 16:21:13 +0530
  
ActionController::RoutingError (No route matches [GET] "/admin-portal/session"):
  
Started GET "/admin-portal/session" for 127.0.0.1 at 2026-05-25 16:49:39 +0530
  
ActionController::RoutingError (No route matches [GET] "/admin-portal/session"):
  
Started GET "/admin-portal/vehicles" for 127.0.0.1 at 2026-05-25 16:49:55 +0530
  [1m[36mActiveRecord::SchemaMigration Load (0.4ms)[0m  [1m[34mSELECT "schema_migrations"."version" FROM "schema_migrations" ORDER BY "schema_migrations"."version" ASC /*application='J2cRentals'*/[0m
Processing by Admin::VehiclesController#index as HTML
  [1m[36mUser Load (1.0ms)[0m  [1m[34mSELECT "users".* FROM "users" WHERE "users"."id" = 6 LIMIT 1 /*action='index',application='J2cRentals',controller='vehicles'*/[0m
  ↳ app/controllers/application_controller.rb:10:in 'ApplicationController#current_user'
  Rendering layout layouts/admin.html.erb
  Rendering admin/vehicles/index.html.erb within layouts/admin
  [1m[36mVehicle Load (0.4ms)[0m  [1m[34mSELECT "vehicles".* FROM "vehicles" ORDER BY "vehicles"."created_at" DESC /*action='index',application='J2cRentals',controller='vehicles'*/[0m
  ↳ app/views/admin/vehicles/index.html.erb:13
  Rendered admin/vehicles/index.html.erb within layouts/admin (Duration: 29.6ms | GC: 0.0ms)
  Rendered layout layouts/admin.html.erb (Duration: 50.6ms | GC: 0.0ms)
Completed 200 OK in 243ms (Views: 60.8ms | ActiveRecord: 21.9ms (2 queries, 0 cached) | GC: 0.2ms)


Started GET "/admin-portal/session" for 127.0.0.1 at 2026-05-25 16:49:59 +0530
  
ActionController::RoutingError (No route matches [GET] "/admin-portal/session"):
  
Started GET "/admin-portal/vehicles" for 127.0.0.1 at 2026-05-25 16:52:04 +0530
  [1m[36mActiveRecord::SchemaMigration Load (0.5ms)[0m  [1m[34mSELECT "schema_migrations"."version" FROM "schema_migrations" ORDER BY "schema_migrations"."version" ASC /*application='J2cRentals'*/[0m
Processing by Admin::VehiclesController#index as HTML
  [1m[36mUser Load (0.3ms)[0m  [1m[34mSELECT "users".* FROM "users" WHERE "users"."id" = 6 LIMIT 1 /*action='index',application='J2cRentals',controller='vehicles'*/[0m
  ↳ app/controllers/application_controller.rb:10:in 'ApplicationController#current_user'
  Rendering layout layouts/admin.html.erb
  Rendering admin/vehicles/index.html.erb within layouts/admin
  [1m[36mVehicle Load (0.3ms)[0m  [1m[34mSELECT "vehicles".* FROM "vehicles" ORDER BY "vehicles"."created_at" DESC /*action='index',application='J2cRentals',controller='vehicles'*/[0m
  ↳ app/views/admin/vehicles/index.html.erb:13
  Rendered admin/vehicles/index.html.erb within layouts/admin (Duration: 21.5ms | GC: 0.0ms)
  Rendered layout layouts/admin.html.erb (Duration: 33.9ms | GC: 0.0ms)
Completed 200 OK in 203ms (Views: 46.9ms | ActiveRecord: 10.4ms (2 queries, 0 cached) | GC: 0.0ms)


Started GET "/admin-portal/vehicles" for 127.0.0.1 at 2026-05-25 16:53:19 +0530
Processing by Admin::VehiclesController#index as HTML
  [1m[36mUser Load (0.3ms)[0m  [1m[34mSELECT "users".* FROM "users" WHERE "users"."id" = 6 LIMIT 1 /*action='index',application='J2cRentals',controller='vehicles'*/[0m
  ↳ app/controllers/application_controller.rb:10:in 'ApplicationController#current_user'
  Rendering layout layouts/admin.html.erb
  Rendering admin/vehicles/index.html.erb within layouts/admin
  [1m[36mVehicle Load (0.9ms)[0m  [1m[34mSELECT "vehicles".* FROM "vehicles" ORDER BY "vehicles"."created_at" DESC /*action='index',application='J2cRentals',controller='vehicles'*/[0m
  ↳ app/views/admin/vehicles/index.html.erb:13
  Rendered admin/vehicles/index.html.erb within layouts/admin (Duration: 40.2ms | GC: 0.0ms)
  Rendered layout layouts/admin.html.erb (Duration: 48.1ms | GC: 0.0ms)
Completed 200 OK in 210ms (Views: 58.9ms | ActiveRecord: 12.6ms (2 queries, 0 cached) | GC: 0.3ms)


Started GET "/admin-portal/session" for 127.0.0.1 at 2026-05-25 16:53:22 +0530
  
ActionController::RoutingError (No route matches [GET] "/admin-portal/session"):
  
Started GET "/admin-portal/vehicles" for 127.0.0.1 at 2026-05-25 16:54:13 +0530
Processing by Admin::VehiclesController#index as HTML
  [1m[36mUser Load (0.4ms)[0m  [1m[34mSELECT "users".* FROM "users" WHERE "users"."id" = 6 LIMIT 1 /*action='index',application='J2cRentals',controller='vehicles'*/[0m
  ↳ app/controllers/application_controller.rb:10:in 'ApplicationController#current_user'
  Rendering layout layouts/admin.html.erb
  Rendering admin/vehicles/index.html.erb within layouts/admin
  [1m[36mVehicle Load (0.6ms)[0m  [1m[34mSELECT "vehicles".* FROM "vehicles" ORDER BY "vehicles"."created_at" DESC /*action='index',application='J2cRentals',controller='vehicles'*/[0m
  ↳ app/views/admin/vehicles/index.html.erb:13
  Rendered admin/vehicles/index.html.erb within layouts/admin (Duration: 28.0ms | GC: 0.0ms)
  Rendered layout layouts/admin.html.erb (Duration: 35.6ms | GC: 0.0ms)
Completed 200 OK in 135ms (Views: 45.4ms | ActiveRecord: 11.8ms (2 queries, 0 cached) | GC: 0.0ms)


Started DELETE "/admin-portal/session" for 127.0.0.1 at 2026-05-25 16:54:15 +0530
Processing by Admin::SessionsController#destroy as HTML
  Parameters: {"authenticity_token" => "[FILTERED]"}
Completed 500 Internal Server Error in 14ms (ActiveRecord: 0.0ms (0 queries, 0 cached) | GC: 0.0ms)


  
NameError (undefined local variable or method 'debugger' for an instance of Admin::SessionsController):
  
app/controllers/admin/sessions_controller.rb:23:in 'Admin::SessionsController#destroy'
Started GET "/admin-portal/vehicles" for 127.0.0.1 at 2026-05-25 16:55:35 +0530
  [1m[36mActiveRecord::SchemaMigration Load (0.7ms)[0m  [1m[34mSELECT "schema_migrations"."version" FROM "schema_migrations" ORDER BY "schema_migrations"."version" ASC /*application='J2cRentals'*/[0m
Processing by Admin::VehiclesController#index as HTML
  [1m[36mUser Load (0.3ms)[0m  [1m[34mSELECT "users".* FROM "users" WHERE "users"."id" = 6 LIMIT 1 /*action='index',application='J2cRentals',controller='vehicles'*/[0m
  ↳ app/controllers/application_controller.rb:10:in 'ApplicationController#current_user'
  Rendering layout layouts/admin.html.erb
  Rendering admin/vehicles/index.html.erb within layouts/admin
  [1m[36mVehicle Load (0.4ms)[0m  [1m[34mSELECT "vehicles".* FROM "vehicles" ORDER BY "vehicles"."created_at" DESC /*action='index',application='J2cRentals',controller='vehicles'*/[0m
  ↳ app/views/admin/vehicles/index.html.erb:13
  Rendered admin/vehicles/index.html.erb within layouts/admin (Duration: 28.8ms | GC: 0.0ms)
  Rendered layout layouts/admin.html.erb (Duration: 61.1ms | GC: 0.0ms)
Completed 200 OK in 435ms (Views: 74.8ms | ActiveRecord: 17.7ms (2 queries, 0 cached) | GC: 0.0ms)


Started DELETE "/admin-portal/session" for 127.0.0.1 at 2026-05-25 16:55:40 +0530
Processing by Admin::SessionsController#destroy as HTML
  Parameters: {"authenticity_token" => "[FILTERED]"}
Redirected to http://127.0.0.1:3000/admin-portal/session/new
↳ app/controllers/admin/sessions_controller.rb:25:in 'Admin::SessionsController#destroy'
Completed 302 Found in 1936ms (ActiveRecord: 0.0ms (0 queries, 0 cached) | GC: 993.4ms)


Started GET "/admin-portal/session/new" for 127.0.0.1 at 2026-05-25 16:55:42 +0530
Processing by Admin::SessionsController#new as HTML
  Rendering layout layouts/admin_auth.html.erb
  Rendering admin/sessions/new.html.erb within layouts/admin_auth
  Rendered admin/sessions/new.html.erb within layouts/admin_auth (Duration: 14.6ms | GC: 0.0ms)
  Rendered layout layouts/admin_auth.html.erb (Duration: 17.8ms | GC: 0.0ms)
Completed 200 OK in 29ms (Views: 21.3ms | ActiveRecord: 0.0ms (0 queries, 0 cached) | GC: 0.0ms)


Started GET "/admin-portal/session/new" for 127.0.0.1 at 2026-05-25 16:55:57 +0530
Processing by Admin::SessionsController#new as HTML
  Rendering layout layouts/admin_auth.html.erb
  Rendering admin/sessions/new.html.erb within layouts/admin_auth
  Rendered admin/sessions/new.html.erb within layouts/admin_auth (Duration: 5.1ms | GC: 0.0ms)
  Rendered layout layouts/admin_auth.html.erb (Duration: 10.0ms | GC: 0.0ms)
Completed 200 OK in 34ms (Views: 18.5ms | ActiveRecord: 0.0ms (0 queries, 0 cached) | GC: 0.0ms)


Started POST "/admin-portal/session" for 127.0.0.1 at 2026-05-25 16:56:10 +0530
Processing by Admin::SessionsController#create as HTML
  Parameters: {"authenticity_token" => "[FILTERED]", "email" => "[FILTERED]", "password" => "[FILTERED]", "commit" => "Enter admin portal"}
  [1m[36mUser Load (0.3ms)[0m  [1m[34mSELECT "users".* FROM "users" WHERE "users"."email" = 'owner@j2c.test' LIMIT 1 /*action='create',application='J2cRentals',controller='sessions'*/[0m
  ↳ app/controllers/admin/sessions_controller.rb:9:in 'Admin::SessionsController#create'
  [1m[36mTRANSACTION (0.5ms)[0m  [1m[35mBEGIN immediate TRANSACTION /*action='create',application='J2cRentals',controller='sessions'*/[0m
  ↳ app/controllers/admin/sessions_controller.rb:13:in 'Admin::SessionsController#create'
  [1m[36mUser Update (0.3ms)[0m  [1m[33mUPDATE "users" SET "last_login_at" = '2026-05-25 11:26:10.746755', "updated_at" = '2026-05-25 11:26:10.763068' WHERE "users"."id" = 6 /*action='create',application='J2cRentals',controller='sessions'*/[0m
  ↳ app/controllers/admin/sessions_controller.rb:13:in 'Admin::SessionsController#create'
  [1m[36mTRANSACTION (36.8ms)[0m  [1m[35mCOMMIT TRANSACTION /*action='create',application='J2cRentals',controller='sessions'*/[0m
  ↳ app/controllers/admin/sessions_controller.rb:13:in 'Admin::SessionsController#create'
  [1m[36mTRANSACTION (0.2ms)[0m  [1m[35mBEGIN immediate TRANSACTION /*action='create',application='J2cRentals',controller='sessions'*/[0m
  ↳ app/controllers/admin/sessions_controller.rb:14:in 'Admin::SessionsController#create'
  [1m[36mAdminAction Create (9.9ms)[0m  [1m[32mINSERT INTO "admin_actions" ("user_id", "action", "resource_type", "resource_id", "ip_address", "metadata", "created_at", "updated_at") VALUES (6, 'admin.login', NULL, NULL, '127.0.0.1', '"{\"path\":\"/admin-portal/session\"}"', '2026-05-25 11:26:10.907988', '2026-05-25 11:26:10.907988') RETURNING "id" /*action='create',application='J2cRentals',controller='sessions'*/[0m
  ↳ app/controllers/admin/sessions_controller.rb:14:in 'Admin::SessionsController#create'
  [1m[36mTRANSACTION (0.5ms)[0m  [1m[35mCOMMIT TRANSACTION /*action='create',application='J2cRentals',controller='sessions'*/[0m
  ↳ app/controllers/admin/sessions_controller.rb:14:in 'Admin::SessionsController#create'
Redirected to http://127.0.0.1:3000/admin-portal
↳ app/controllers/admin/sessions_controller.rb:15:in 'Admin::SessionsController#create'
Completed 302 Found in 776ms (ActiveRecord: 73.0ms (3 queries, 0 cached) | GC: 0.0ms)


Started GET "/admin-portal" for 127.0.0.1 at 2026-05-25 16:56:10 +0530
Processing by Admin::DashboardController#index as HTML
  [1m[36mUser Load (0.5ms)[0m  [1m[34mSELECT "users".* FROM "users" WHERE "users"."id" = 6 LIMIT 1 /*action='index',application='J2cRentals',controller='dashboard'*/[0m
  ↳ app/controllers/application_controller.rb:10:in 'ApplicationController#current_user'
  [1m[36mVehicle Count (1.2ms)[0m  [1m[34mSELECT COUNT(*) FROM "vehicles" /*action='index',application='J2cRentals',controller='dashboard'*/[0m
  ↳ app/controllers/admin/dashboard_controller.rb:4:in 'Admin::DashboardController#index'
  [1m[36mReservation Count (0.4ms)[0m  [1m[34mSELECT COUNT(*) FROM "reservations" WHERE "reservations"."status" = 'pending' /*action='index',application='J2cRentals',controller='dashboard'*/[0m
  ↳ app/controllers/admin/dashboard_controller.rb:5:in 'Admin::DashboardController#index'
  [1m[36mReservation Count (0.3ms)[0m  [1m[34mSELECT COUNT(*) FROM "reservations" WHERE "reservations"."status" = 'active' /*action='index',application='J2cRentals',controller='dashboard'*/[0m
  ↳ app/controllers/admin/dashboard_controller.rb:6:in 'Admin::DashboardController#index'
  [1m[36mReservation Count (0.5ms)[0m  [1m[34mSELECT COUNT(*) FROM "reservations" WHERE "reservations"."status" = 'active' AND (dropoff_date < '2026-05-25') /*action='index',application='J2cRentals',controller='dashboard'*/[0m
  ↳ app/controllers/admin/dashboard_controller.rb:7:in 'Admin::DashboardController#index'
  [1m[36mMaintenanceLog Count (4.9ms)[0m  [1m[34mSELECT COUNT(*) FROM "maintenance_logs" WHERE "maintenance_logs"."status" IN ('Scheduled', 'Overdue') AND (scheduled_on <= '2026-06-01') /*action='index',application='J2cRentals',controller='dashboard'*/[0m
  ↳ app/controllers/admin/dashboard_controller.rb:8:in 'Admin::DashboardController#index'
  [1m[36mReservation Sum (0.3ms)[0m  [1m[34mSELECT SUM("reservations"."deposit_amount") FROM "reservations" WHERE "reservations"."deposit_status" = 'Paid' /*action='index',application='J2cRentals',controller='dashboard'*/[0m
  ↳ app/controllers/admin/dashboard_controller.rb:9:in 'Admin::DashboardController#index'
  [1m[36mPayment Sum (0.4ms)[0m  [1m[34mSELECT SUM("payments"."amount") FROM "payments" WHERE "payments"."status" = 'Paid' AND "payments"."paid_at" BETWEEN '2026-05-01 00:00:00' AND '2026-05-31 23:59:59.999999' /*action='index',application='J2cRentals',controller='dashboard'*/[0m
  ↳ app/controllers/admin/dashboard_controller.rb:10:in 'Admin::DashboardController#index'
  [1m[36mCACHE Vehicle Count (0.0ms)[0m  [1m[34mSELECT COUNT(*) FROM "vehicles"[0m
  ↳ app/controllers/admin/dashboard_controller.rb:11:in 'Admin::DashboardController#index'
  [1m[36mVehicle Load (0.5ms)[0m  [1m[34mSELECT "vehicles".* FROM "vehicles" /*action='index',application='J2cRentals',controller='dashboard'*/[0m
  ↳ app/controllers/admin/dashboard_controller.rb:11:in 'Admin::DashboardController#index'
  [1m[36mReservation Load (0.8ms)[0m  [1m[34mSELECT "reservations".* FROM "reservations" WHERE "reservations"."vehicle_id" = 25 AND "reservations"."status" IN ('approved', 'active', 'completed') /*action='index',application='J2cRentals',controller='dashboard'*/[0m
  ↳ app/models/vehicle.rb:35:in 'Vehicle#utilization_percent'
  [1m[36mReservation Load (0.5ms)[0m  [1m[34mSELECT "reservations".* FROM "reservations" WHERE "reservations"."vehicle_id" = 26 AND "reservations"."status" IN ('approved', 'active', 'completed') /*action='index',application='J2cRentals',controller='dashboard'*/[0m
  ↳ app/models/vehicle.rb:35:in 'Vehicle#utilization_percent'
  [1m[36mReservation Load (0.5ms)[0m  [1m[34mSELECT "reservations".* FROM "reservations" WHERE "reservations"."vehicle_id" = 27 AND "reservations"."status" IN ('approved', 'active', 'completed') /*action='index',application='J2cRentals',controller='dashboard'*/[0m
  ↳ app/models/vehicle.rb:35:in 'Vehicle#utilization_percent'
  [1m[36mReservation Load (0.6ms)[0m  [1m[34mSELECT "reservations".* FROM "reservations" WHERE "reservations"."vehicle_id" = 28 AND "reservations"."status" IN ('approved', 'active', 'completed') /*action='index',application='J2cRentals',controller='dashboard'*/[0m
  ↳ app/models/vehicle.rb:35:in 'Vehicle#utilization_percent'
  [1m[36mReservation Load (0.8ms)[0m  [1m[34mSELECT "reservations".* FROM "reservations" WHERE "reservations"."vehicle_id" = 29 AND "reservations"."status" IN ('approved', 'active', 'completed') /*action='index',application='J2cRentals',controller='dashboard'*/[0m
  ↳ app/models/vehicle.rb:35:in 'Vehicle#utilization_percent'
  [1m[36mReservation Load (0.8ms)[0m  [1m[34mSELECT "reservations".* FROM "reservations" WHERE "reservations"."vehicle_id" = 30 AND "reservations"."status" IN ('approved', 'active', 'completed') /*action='index',application='J2cRentals',controller='dashboard'*/[0m
  ↳ app/models/vehicle.rb:35:in 'Vehicle#utilization_percent'
  [1m[36mReservation Load (0.5ms)[0m  [1m[34mSELECT "reservations".* FROM "reservations" WHERE "reservations"."vehicle_id" = 31 AND "reservations"."status" IN ('approved', 'active', 'completed') /*action='index',application='J2cRentals',controller='dashboard'*/[0m
  ↳ app/models/vehicle.rb:35:in 'Vehicle#utilization_percent'
  [1m[36mReservation Load (0.4ms)[0m  [1m[34mSELECT "reservations".* FROM "reservations" WHERE "reservations"."vehicle_id" = 32 AND "reservations"."status" IN ('approved', 'active', 'completed') /*action='index',application='J2cRentals',controller='dashboard'*/[0m
  ↳ app/models/vehicle.rb:35:in 'Vehicle#utilization_percent'
  [1m[36mReservation Load (0.4ms)[0m  [1m[34mSELECT "reservations".* FROM "reservations" WHERE "reservations"."vehicle_id" = 33 AND "reservations"."status" IN ('approved', 'active', 'completed') /*action='index',application='J2cRentals',controller='dashboard'*/[0m
  ↳ app/models/vehicle.rb:35:in 'Vehicle#utilization_percent'
  [1m[36mCACHE Vehicle Count (0.0ms)[0m  [1m[34mSELECT COUNT(*) FROM "vehicles"[0m
  ↳ app/controllers/admin/dashboard_controller.rb:11:in 'Admin::DashboardController#index'
  [1m[36mLead Count (0.2ms)[0m  [1m[34mSELECT COUNT(*) FROM "leads" WHERE "leads"."status" NOT IN ('Managed', 'Lost') /*action='index',application='J2cRentals',controller='dashboard'*/[0m
  ↳ app/controllers/admin/dashboard_controller.rb:12:in 'Admin::DashboardController#index'
  [1m[36mLead Count (0.2ms)[0m  [1m[34mSELECT COUNT(*) AS "count_all", "leads"."status" AS "leads_status" FROM "leads" GROUP BY "leads"."status" /*action='index',application='J2cRentals',controller='dashboard'*/[0m
  ↳ app/controllers/admin/dashboard_controller.rb:14:in 'Admin::DashboardController#index'
  Rendering layout layouts/admin.html.erb
  Rendering admin/dashboard/index.html.erb within layouts/admin
  [1m[36mReservation Load (0.8ms)[0m  [1m[34mSELECT "reservations".* FROM "reservations" ORDER BY "reservations"."created_at" DESC LIMIT 6 /*action='index',application='J2cRentals',controller='dashboard'*/[0m
  ↳ app/views/admin/dashboard/index.html.erb:42
  [1m[36mVehicle Load (0.7ms)[0m  [1m[34mSELECT "vehicles".* FROM "vehicles" WHERE "vehicles"."id" IN (27, 25, 28) /*action='index',application='J2cRentals',controller='dashboard'*/[0m
  ↳ app/views/admin/dashboard/index.html.erb:42
  [1m[36mAdminAction Load (0.5ms)[0m  [1m[34mSELECT "admin_actions".* FROM "admin_actions" ORDER BY "admin_actions"."created_at" DESC LIMIT 8 /*action='index',application='J2cRentals',controller='dashboard'*/[0m
  ↳ app/views/admin/dashboard/index.html.erb:66
  [1m[36mUser Load (0.5ms)[0m  [1m[34mSELECT "users".* FROM "users" WHERE "users"."id" IN (6, 5) /*action='index',application='J2cRentals',controller='dashboard'*/[0m
  ↳ app/views/admin/dashboard/index.html.erb:66
  Rendered admin/dashboard/index.html.erb within layouts/admin (Duration: 54.4ms | GC: 0.0ms)
  Rendered layout layouts/admin.html.erb (Duration: 62.5ms | GC: 0.0ms)
Completed 200 OK in 469ms (Views: 67.2ms | ActiveRecord: 21.4ms (26 queries, 2 cached) | GC: 0.0ms)


Started GET "/admin-portal" for 127.0.0.1 at 2026-05-25 16:56:38 +0530
Processing by Admin::DashboardController#index as HTML
  [1m[36mUser Load (0.4ms)[0m  [1m[34mSELECT "users".* FROM "users" WHERE "users"."id" = 6 LIMIT 1 /*action='index',application='J2cRentals',controller='dashboard'*/[0m
  ↳ app/controllers/application_controller.rb:10:in 'ApplicationController#current_user'
  [1m[36mVehicle Count (2.5ms)[0m  [1m[34mSELECT COUNT(*) FROM "vehicles" /*action='index',application='J2cRentals',controller='dashboard'*/[0m
  ↳ app/controllers/admin/dashboard_controller.rb:4:in 'Admin::DashboardController#index'
  [1m[36mReservation Count (0.3ms)[0m  [1m[34mSELECT COUNT(*) FROM "reservations" WHERE "reservations"."status" = 'pending' /*action='index',application='J2cRentals',controller='dashboard'*/[0m
  ↳ app/controllers/admin/dashboard_controller.rb:5:in 'Admin::DashboardController#index'
  [1m[36mReservation Count (0.2ms)[0m  [1m[34mSELECT COUNT(*) FROM "reservations" WHERE "reservations"."status" = 'active' /*action='index',application='J2cRentals',controller='dashboard'*/[0m
  ↳ app/controllers/admin/dashboard_controller.rb:6:in 'Admin::DashboardController#index'
  [1m[36mReservation Count (0.3ms)[0m  [1m[34mSELECT COUNT(*) FROM "reservations" WHERE "reservations"."status" = 'active' AND (dropoff_date < '2026-05-25') /*action='index',application='J2cRentals',controller='dashboard'*/[0m
  ↳ app/controllers/admin/dashboard_controller.rb:7:in 'Admin::DashboardController#index'
  [1m[36mMaintenanceLog Count (0.5ms)[0m  [1m[34mSELECT COUNT(*) FROM "maintenance_logs" WHERE "maintenance_logs"."status" IN ('Scheduled', 'Overdue') AND (scheduled_on <= '2026-06-01') /*action='index',application='J2cRentals',controller='dashboard'*/[0m
  ↳ app/controllers/admin/dashboard_controller.rb:8:in 'Admin::DashboardController#index'
  [1m[36mReservation Sum (0.3ms)[0m  [1m[34mSELECT SUM("reservations"."deposit_amount") FROM "reservations" WHERE "reservations"."deposit_status" = 'Paid' /*action='index',application='J2cRentals',controller='dashboard'*/[0m
  ↳ app/controllers/admin/dashboard_controller.rb:9:in 'Admin::DashboardController#index'
  [1m[36mPayment Sum (0.3ms)[0m  [1m[34mSELECT SUM("payments"."amount") FROM "payments" WHERE "payments"."status" = 'Paid' AND "payments"."paid_at" BETWEEN '2026-05-01 00:00:00' AND '2026-05-31 23:59:59.999999' /*action='index',application='J2cRentals',controller='dashboard'*/[0m
  ↳ app/controllers/admin/dashboard_controller.rb:10:in 'Admin::DashboardController#index'
  [1m[36mCACHE Vehicle Count (0.0ms)[0m  [1m[34mSELECT COUNT(*) FROM "vehicles"[0m
  ↳ app/controllers/admin/dashboard_controller.rb:11:in 'Admin::DashboardController#index'
  [1m[36mVehicle Load (0.5ms)[0m  [1m[34mSELECT "vehicles".* FROM "vehicles" /*action='index',application='J2cRentals',controller='dashboard'*/[0m
  ↳ app/controllers/admin/dashboard_controller.rb:11:in 'Admin::DashboardController#index'
  [1m[36mReservation Load (0.6ms)[0m  [1m[34mSELECT "reservations".* FROM "reservations" WHERE "reservations"."vehicle_id" = 25 AND "reservations"."status" IN ('approved', 'active', 'completed') /*action='index',application='J2cRentals',controller='dashboard'*/[0m
  ↳ app/models/vehicle.rb:35:in 'Vehicle#utilization_percent'
  [1m[36mReservation Load (0.4ms)[0m  [1m[34mSELECT "reservations".* FROM "reservations" WHERE "reservations"."vehicle_id" = 26 AND "reservations"."status" IN ('approved', 'active', 'completed') /*action='index',application='J2cRentals',controller='dashboard'*/[0m
  ↳ app/models/vehicle.rb:35:in 'Vehicle#utilization_percent'
  [1m[36mReservation Load (0.8ms)[0m  [1m[34mSELECT "reservations".* FROM "reservations" WHERE "reservations"."vehicle_id" = 27 AND "reservations"."status" IN ('approved', 'active', 'completed') /*action='index',application='J2cRentals',controller='dashboard'*/[0m
  ↳ app/models/vehicle.rb:35:in 'Vehicle#utilization_percent'
  [1m[36mReservation Load (0.5ms)[0m  [1m[34mSELECT "reservations".* FROM "reservations" WHERE "reservations"."vehicle_id" = 28 AND "reservations"."status" IN ('approved', 'active', 'completed') /*action='index',application='J2cRentals',controller='dashboard'*/[0m
  ↳ app/models/vehicle.rb:35:in 'Vehicle#utilization_percent'
  [1m[36mReservation Load (2.4ms)[0m  [1m[34mSELECT "reservations".* FROM "reservations" WHERE "reservations"."vehicle_id" = 29 AND "reservations"."status" IN ('approved', 'active', 'completed') /*action='index',application='J2cRentals',controller='dashboard'*/[0m
  ↳ app/models/vehicle.rb:35:in 'Vehicle#utilization_percent'
  [1m[36mReservation Load (0.5ms)[0m  [1m[34mSELECT "reservations".* FROM "reservations" WHERE "reservations"."vehicle_id" = 30 AND "reservations"."status" IN ('approved', 'active', 'completed') /*action='index',application='J2cRentals',controller='dashboard'*/[0m
  ↳ app/models/vehicle.rb:35:in 'Vehicle#utilization_percent'
  [1m[36mReservation Load (0.5ms)[0m  [1m[34mSELECT "reservations".* FROM "reservations" WHERE "reservations"."vehicle_id" = 31 AND "reservations"."status" IN ('approved', 'active', 'completed') /*action='index',application='J2cRentals',controller='dashboard'*/[0m
  ↳ app/models/vehicle.rb:35:in 'Vehicle#utilization_percent'
  [1m[36mReservation Load (0.5ms)[0m  [1m[34mSELECT "reservations".* FROM "reservations" WHERE "reservations"."vehicle_id" = 32 AND "reservations"."status" IN ('approved', 'active', 'completed') /*action='index',application='J2cRentals',controller='dashboard'*/[0m
  ↳ app/models/vehicle.rb:35:in 'Vehicle#utilization_percent'
  [1m[36mReservation Load (0.5ms)[0m  [1m[34mSELECT "reservations".* FROM "reservations" WHERE "reservations"."vehicle_id" = 33 AND "reservations"."status" IN ('approved', 'active', 'completed') /*action='index',application='J2cRentals',controller='dashboard'*/[0m
  ↳ app/models/vehicle.rb:35:in 'Vehicle#utilization_percent'
  [1m[36mCACHE Vehicle Count (0.0ms)[0m  [1m[34mSELECT COUNT(*) FROM "vehicles"[0m
  ↳ app/controllers/admin/dashboard_controller.rb:11:in 'Admin::DashboardController#index'
  [1m[36mLead Count (0.7ms)[0m  [1m[34mSELECT COUNT(*) FROM "leads" WHERE "leads"."status" NOT IN ('Managed', 'Lost') /*action='index',application='J2cRentals',controller='dashboard'*/[0m
  ↳ app/controllers/admin/dashboard_controller.rb:12:in 'Admin::DashboardController#index'
  [1m[36mLead Count (0.3ms)[0m  [1m[34mSELECT COUNT(*) AS "count_all", "leads"."status" AS "leads_status" FROM "leads" GROUP BY "leads"."status" /*action='index',application='J2cRentals',controller='dashboard'*/[0m
  ↳ app/controllers/admin/dashboard_controller.rb:14:in 'Admin::DashboardController#index'
  Rendering layout layouts/admin.html.erb
  Rendering admin/dashboard/index.html.erb within layouts/admin
  [1m[36mReservation Load (1.7ms)[0m  [1m[34mSELECT "reservations".* FROM "reservations" ORDER BY "reservations"."created_at" DESC LIMIT 6 /*action='index',application='J2cRentals',controller='dashboard'*/[0m
  ↳ app/views/admin/dashboard/index.html.erb:42
  [1m[36mVehicle Load (0.5ms)[0m  [1m[34mSELECT "vehicles".* FROM "vehicles" WHERE "vehicles"."id" IN (27, 25, 28) /*action='index',application='J2cRentals',controller='dashboard'*/[0m
  ↳ app/views/admin/dashboard/index.html.erb:42
  [1m[36mAdminAction Load (0.4ms)[0m  [1m[34mSELECT "admin_actions".* FROM "admin_actions" ORDER BY "admin_actions"."created_at" DESC LIMIT 8 /*action='index',application='J2cRentals',controller='dashboard'*/[0m
  ↳ app/views/admin/dashboard/index.html.erb:66
  [1m[36mUser Load (0.5ms)[0m  [1m[34mSELECT "users".* FROM "users" WHERE "users"."id" IN (6, 5) /*action='index',application='J2cRentals',controller='dashboard'*/[0m
  ↳ app/views/admin/dashboard/index.html.erb:66
  Rendered admin/dashboard/index.html.erb within layouts/admin (Duration: 34.0ms | GC: 0.0ms)
  Rendered layout layouts/admin.html.erb (Duration: 41.4ms | GC: 0.0ms)
Completed 200 OK in 410ms (Views: 46.0ms | ActiveRecord: 32.2ms (26 queries, 2 cached) | GC: 0.0ms)


Started GET "/admin-portal" for 127.0.0.1 at 2026-05-25 16:57:00 +0530
Processing by Admin::DashboardController#index as HTML
  [1m[36mUser Load (0.4ms)[0m  [1m[34mSELECT "users".* FROM "users" WHERE "users"."id" = 6 LIMIT 1 /*action='index',application='J2cRentals',controller='dashboard'*/[0m
  ↳ app/controllers/application_controller.rb:10:in 'ApplicationController#current_user'
  [1m[36mVehicle Count (0.3ms)[0m  [1m[34mSELECT COUNT(*) FROM "vehicles" /*action='index',application='J2cRentals',controller='dashboard'*/[0m
  ↳ app/controllers/admin/dashboard_controller.rb:4:in 'Admin::DashboardController#index'
  [1m[36mReservation Count (0.3ms)[0m  [1m[34mSELECT COUNT(*) FROM "reservations" WHERE "reservations"."status" = 'pending' /*action='index',application='J2cRentals',controller='dashboard'*/[0m
  ↳ app/controllers/admin/dashboard_controller.rb:5:in 'Admin::DashboardController#index'
  [1m[36mReservation Count (0.3ms)[0m  [1m[34mSELECT COUNT(*) FROM "reservations" WHERE "reservations"."status" = 'active' /*action='index',application='J2cRentals',controller='dashboard'*/[0m
  ↳ app/controllers/admin/dashboard_controller.rb:6:in 'Admin::DashboardController#index'
  [1m[36mReservation Count (0.3ms)[0m  [1m[34mSELECT COUNT(*) FROM "reservations" WHERE "reservations"."status" = 'active' AND (dropoff_date < '2026-05-25') /*action='index',application='J2cRentals',controller='dashboard'*/[0m
  ↳ app/controllers/admin/dashboard_controller.rb:7:in 'Admin::DashboardController#index'
  [1m[36mMaintenanceLog Count (0.4ms)[0m  [1m[34mSELECT COUNT(*) FROM "maintenance_logs" WHERE "maintenance_logs"."status" IN ('Scheduled', 'Overdue') AND (scheduled_on <= '2026-06-01') /*action='index',application='J2cRentals',controller='dashboard'*/[0m
  ↳ app/controllers/admin/dashboard_controller.rb:8:in 'Admin::DashboardController#index'
  [1m[36mReservation Sum (0.3ms)[0m  [1m[34mSELECT SUM("reservations"."deposit_amount") FROM "reservations" WHERE "reservations"."deposit_status" = 'Paid' /*action='index',application='J2cRentals',controller='dashboard'*/[0m
  ↳ app/controllers/admin/dashboard_controller.rb:9:in 'Admin::DashboardController#index'
  [1m[36mPayment Sum (0.4ms)[0m  [1m[34mSELECT SUM("payments"."amount") FROM "payments" WHERE "payments"."status" = 'Paid' AND "payments"."paid_at" BETWEEN '2026-05-01 00:00:00' AND '2026-05-31 23:59:59.999999' /*action='index',application='J2cRentals',controller='dashboard'*/[0m
  ↳ app/controllers/admin/dashboard_controller.rb:10:in 'Admin::DashboardController#index'
  [1m[36mCACHE Vehicle Count (0.0ms)[0m  [1m[34mSELECT COUNT(*) FROM "vehicles"[0m
  ↳ app/controllers/admin/dashboard_controller.rb:11:in 'Admin::DashboardController#index'
  [1m[36mVehicle Load (0.6ms)[0m  [1m[34mSELECT "vehicles".* FROM "vehicles" /*action='index',application='J2cRentals',controller='dashboard'*/[0m
  ↳ app/controllers/admin/dashboard_controller.rb:11:in 'Admin::DashboardController#index'
  [1m[36mReservation Load (0.6ms)[0m  [1m[34mSELECT "reservations".* FROM "reservations" WHERE "reservations"."vehicle_id" = 25 AND "reservations"."status" IN ('approved', 'active', 'completed') /*action='index',application='J2cRentals',controller='dashboard'*/[0m
  ↳ app/models/vehicle.rb:35:in 'Vehicle#utilization_percent'
  [1m[36mReservation Load (0.5ms)[0m  [1m[34mSELECT "reservations".* FROM "reservations" WHERE "reservations"."vehicle_id" = 26 AND "reservations"."status" IN ('approved', 'active', 'completed') /*action='index',application='J2cRentals',controller='dashboard'*/[0m
  ↳ app/models/vehicle.rb:35:in 'Vehicle#utilization_percent'
  [1m[36mReservation Load (0.5ms)[0m  [1m[34mSELECT "reservations".* FROM "reservations" WHERE "reservations"."vehicle_id" = 27 AND "reservations"."status" IN ('approved', 'active', 'completed') /*action='index',application='J2cRentals',controller='dashboard'*/[0m
  ↳ app/models/vehicle.rb:35:in 'Vehicle#utilization_percent'
  [1m[36mReservation Load (0.5ms)[0m  [1m[34mSELECT "reservations".* FROM "reservations" WHERE "reservations"."vehicle_id" = 28 AND "reservations"."status" IN ('approved', 'active', 'completed') /*action='index',application='J2cRentals',controller='dashboard'*/[0m
  ↳ app/models/vehicle.rb:35:in 'Vehicle#utilization_percent'
  [1m[36mReservation Load (0.8ms)[0m  [1m[34mSELECT "reservations".* FROM "reservations" WHERE "reservations"."vehicle_id" = 29 AND "reservations"."status" IN ('approved', 'active', 'completed') /*action='index',application='J2cRentals',controller='dashboard'*/[0m
  ↳ app/models/vehicle.rb:35:in 'Vehicle#utilization_percent'
  [1m[36mReservation Load (0.6ms)[0m  [1m[34mSELECT "reservations".* FROM "reservations" WHERE "reservations"."vehicle_id" = 30 AND "reservations"."status" IN ('approved', 'active', 'completed') /*action='index',application='J2cRentals',controller='dashboard'*/[0m
  ↳ app/models/vehicle.rb:35:in 'Vehicle#utilization_percent'
  [1m[36mReservation Load (0.7ms)[0m  [1m[34mSELECT "reservations".* FROM "reservations" WHERE "reservations"."vehicle_id" = 31 AND "reservations"."status" IN ('approved', 'active', 'completed') /*action='index',application='J2cRentals',controller='dashboard'*/[0m
  ↳ app/models/vehicle.rb:35:in 'Vehicle#utilization_percent'
  [1m[36mReservation Load (1.7ms)[0m  [1m[34mSELECT "reservations".* FROM "reservations" WHERE "reservations"."vehicle_id" = 32 AND "reservations"."status" IN ('approved', 'active', 'completed') /*action='index',application='J2cRentals',controller='dashboard'*/[0m
  ↳ app/models/vehicle.rb:35:in 'Vehicle#utilization_percent'
  [1m[36mReservation Load (0.7ms)[0m  [1m[34mSELECT "reservations".* FROM "reservations" WHERE "reservations"."vehicle_id" = 33 AND "reservations"."status" IN ('approved', 'active', 'completed') /*action='index',application='J2cRentals',controller='dashboard'*/[0m
  ↳ app/models/vehicle.rb:35:in 'Vehicle#utilization_percent'
  [1m[36mCACHE Vehicle Count (0.0ms)[0m  [1m[34mSELECT COUNT(*) FROM "vehicles"[0m
  ↳ app/controllers/admin/dashboard_controller.rb:11:in 'Admin::DashboardController#index'
  [1m[36mLead Count (0.4ms)[0m  [1m[34mSELECT COUNT(*) FROM "leads" WHERE "leads"."status" NOT IN ('Managed', 'Lost') /*action='index',application='J2cRentals',controller='dashboard'*/[0m
  ↳ app/controllers/admin/dashboard_controller.rb:12:in 'Admin::DashboardController#index'
  [1m[36mLead Count (0.3ms)[0m  [1m[34mSELECT COUNT(*) AS "count_all", "leads"."status" AS "leads_status" FROM "leads" GROUP BY "leads"."status" /*action='index',application='J2cRentals',controller='dashboard'*/[0m
  ↳ app/controllers/admin/dashboard_controller.rb:14:in 'Admin::DashboardController#index'
  Rendering layout layouts/admin.html.erb
  Rendering admin/dashboard/index.html.erb within layouts/admin
  [1m[36mReservation Load (0.8ms)[0m  [1m[34mSELECT "reservations".* FROM "reservations" ORDER BY "reservations"."created_at" DESC LIMIT 6 /*action='index',application='J2cRentals',controller='dashboard'*/[0m
  ↳ app/views/admin/dashboard/index.html.erb:42
  [1m[36mVehicle Load (0.7ms)[0m  [1m[34mSELECT "vehicles".* FROM "vehicles" WHERE "vehicles"."id" IN (27, 25, 28) /*action='index',application='J2cRentals',controller='dashboard'*/[0m
  ↳ app/views/admin/dashboard/index.html.erb:42
  [1m[36mAdminAction Load (0.4ms)[0m  [1m[34mSELECT "admin_actions".* FROM "admin_actions" ORDER BY "admin_actions"."created_at" DESC LIMIT 8 /*action='index',application='J2cRentals',controller='dashboard'*/[0m
  ↳ app/views/admin/dashboard/index.html.erb:66
  [1m[36mUser Load (0.8ms)[0m  [1m[34mSELECT "users".* FROM "users" WHERE "users"."id" IN (6, 5) /*action='index',application='J2cRentals',controller='dashboard'*/[0m
  ↳ app/views/admin/dashboard/index.html.erb:66
  Rendered admin/dashboard/index.html.erb within layouts/admin (Duration: 47.4ms | GC: 0.0ms)
  Rendered layout layouts/admin.html.erb (Duration: 58.0ms | GC: 0.0ms)
Completed 200 OK in 479ms (Views: 65.0ms | ActiveRecord: 27.7ms (26 queries, 2 cached) | GC: 0.5ms)


Started GET "/admin-portal/session" for 127.0.0.1 at 2026-05-25 16:57:03 +0530
  
ActionController::RoutingError (No route matches [GET] "/admin-portal/session"):
  
Started GET "/" for ::1 at 2026-05-25 17:25:46 +0530
  [1m[36mActiveRecord::SchemaMigration Load (0.3ms)[0m  [1m[34mSELECT "schema_migrations"."version" FROM "schema_migrations" ORDER BY "schema_migrations"."version" ASC /*application='J2cRentals'*/[0m
Processing by HomeController#index as HTML
  Rendering layout layouts/application.html.erb
  Rendering home/index.html.erb within layouts/application
  [1m[36mVehicle Load (0.3ms)[0m  [1m[34mSELECT "vehicles".* FROM "vehicles" WHERE "vehicles"."featured" = TRUE LIMIT 4 /*action='index',application='J2cRentals',controller='home'*/[0m
  ↳ app/views/home/index.html.erb:56
  Rendered collection of vehicles/_vehicle.html.erb [4 times] (Duration: 6.2ms | GC: 0.0ms)
  Rendered home/index.html.erb within layouts/application (Duration: 39.3ms | GC: 0.0ms)
  Rendered layout layouts/application.html.erb (Duration: 47.3ms | GC: 0.0ms)
Completed 200 OK in 203ms (Views: 56.5ms | ActiveRecord: 4.0ms (1 query, 0 cached) | GC: 0.0ms)


Started GET "/admin_portal" for ::1 at 2026-05-25 17:25:56 +0530
  
ActionController::RoutingError (No route matches [GET] "/admin_portal"):
  
Started GET "/favicon.ico" for ::1 at 2026-05-25 17:25:56 +0530
  
ActionController::RoutingError (No route matches [GET] "/favicon.ico"):
  
Started GET "/admin" for ::1 at 2026-05-25 17:26:04 +0530
  
ActionController::RoutingError (No route matches [GET] "/admin"):
  
Started GET "/admin-portal" for ::1 at 2026-05-25 17:26:28 +0530
Processing by Admin::DashboardController#index as HTML
Redirected to http://localhost:5000/admin-portal/session/new
↳ app/controllers/admin/base_controller.rb:12:in 'Admin::BaseController#require_admin!'
Filter chain halted as :require_admin! rendered or redirected
Completed 302 Found in 12ms (ActiveRecord: 0.0ms (0 queries, 0 cached) | GC: 0.0ms)


Started GET "/admin-portal/session/new" for ::1 at 2026-05-25 17:26:28 +0530
Processing by Admin::SessionsController#new as HTML
  Rendering layout layouts/admin_auth.html.erb
  Rendering admin/sessions/new.html.erb within layouts/admin_auth
  Rendered admin/sessions/new.html.erb within layouts/admin_auth (Duration: 10.8ms | GC: 0.0ms)
  Rendered layout layouts/admin_auth.html.erb (Duration: 15.2ms | GC: 0.0ms)
Completed 200 OK in 36ms (Views: 21.1ms | ActiveRecord: 0.0ms (0 queries, 0 cached) | GC: 0.0ms)


Started POST "/admin-portal/session" for ::1 at 2026-05-25 17:26:38 +0530
Processing by Admin::SessionsController#create as HTML
  Parameters: {"authenticity_token" => "[FILTERED]", "email" => "[FILTERED]", "password" => "[FILTERED]", "commit" => "Enter admin portal"}
  [1m[36mUser Load (0.2ms)[0m  [1m[34mSELECT "users".* FROM "users" WHERE "users"."email" = 'owner@j2c.test' LIMIT 1 /*action='create',application='J2cRentals',controller='sessions'*/[0m
  ↳ app/controllers/admin/sessions_controller.rb:9:in 'Admin::SessionsController#create'
  [1m[36mTRANSACTION (0.2ms)[0m  [1m[35mBEGIN immediate TRANSACTION /*action='create',application='J2cRentals',controller='sessions'*/[0m
  ↳ app/controllers/admin/sessions_controller.rb:13:in 'Admin::SessionsController#create'
  [1m[36mUser Update (0.2ms)[0m  [1m[33mUPDATE "users" SET "last_login_at" = '2026-05-25 11:56:38.849450', "updated_at" = '2026-05-25 11:56:38.857422' WHERE "users"."id" = 6 /*action='create',application='J2cRentals',controller='sessions'*/[0m
  ↳ app/controllers/admin/sessions_controller.rb:13:in 'Admin::SessionsController#create'
  [1m[36mTRANSACTION (25.7ms)[0m  [1m[35mCOMMIT TRANSACTION /*action='create',application='J2cRentals',controller='sessions'*/[0m
  ↳ app/controllers/admin/sessions_controller.rb:13:in 'Admin::SessionsController#create'
  [1m[36mTRANSACTION (0.1ms)[0m  [1m[35mBEGIN immediate TRANSACTION /*action='create',application='J2cRentals',controller='sessions'*/[0m
  ↳ app/controllers/admin/sessions_controller.rb:14:in 'Admin::SessionsController#create'
  [1m[36mAdminAction Create (4.7ms)[0m  [1m[32mINSERT INTO "admin_actions" ("user_id", "action", "resource_type", "resource_id", "ip_address", "metadata", "created_at", "updated_at") VALUES (6, 'admin.login', NULL, NULL, '::1', '"{\"path\":\"/admin-portal/session\"}"', '2026-05-25 11:56:38.932653', '2026-05-25 11:56:38.932653') RETURNING "id" /*action='create',application='J2cRentals',controller='sessions'*/[0m
  ↳ app/controllers/admin/sessions_controller.rb:14:in 'Admin::SessionsController#create'
  [1m[36mTRANSACTION (0.4ms)[0m  [1m[35mCOMMIT TRANSACTION /*action='create',application='J2cRentals',controller='sessions'*/[0m
  ↳ app/controllers/admin/sessions_controller.rb:14:in 'Admin::SessionsController#create'
Redirected to http://localhost:5000/admin-portal
↳ app/controllers/admin/sessions_controller.rb:15:in 'Admin::SessionsController#create'
Completed 302 Found in 477ms (ActiveRecord: 38.4ms (3 queries, 0 cached) | GC: 0.3ms)


Started GET "/admin-portal" for ::1 at 2026-05-25 17:26:38 +0530
Processing by Admin::DashboardController#index as HTML
  [1m[36mUser Load (0.4ms)[0m  [1m[34mSELECT "users".* FROM "users" WHERE "users"."id" = 6 LIMIT 1 /*action='index',application='J2cRentals',controller='dashboard'*/[0m
  ↳ app/controllers/application_controller.rb:10:in 'ApplicationController#current_user'
  [1m[36mVehicle Count (2.7ms)[0m  [1m[34mSELECT COUNT(*) FROM "vehicles" /*action='index',application='J2cRentals',controller='dashboard'*/[0m
  ↳ app/controllers/admin/dashboard_controller.rb:4:in 'Admin::DashboardController#index'
  [1m[36mReservation Count (0.2ms)[0m  [1m[34mSELECT COUNT(*) FROM "reservations" WHERE "reservations"."status" = 'pending' /*action='index',application='J2cRentals',controller='dashboard'*/[0m
  ↳ app/controllers/admin/dashboard_controller.rb:5:in 'Admin::DashboardController#index'
  [1m[36mReservation Count (0.1ms)[0m  [1m[34mSELECT COUNT(*) FROM "reservations" WHERE "reservations"."status" = 'active' /*action='index',application='J2cRentals',controller='dashboard'*/[0m
  ↳ app/controllers/admin/dashboard_controller.rb:6:in 'Admin::DashboardController#index'
  [1m[36mReservation Count (0.1ms)[0m  [1m[34mSELECT COUNT(*) FROM "reservations" WHERE "reservations"."status" = 'active' AND (dropoff_date < '2026-05-25') /*action='index',application='J2cRentals',controller='dashboard'*/[0m
  ↳ app/controllers/admin/dashboard_controller.rb:7:in 'Admin::DashboardController#index'
  [1m[36mMaintenanceLog Count (0.7ms)[0m  [1m[34mSELECT COUNT(*) FROM "maintenance_logs" WHERE "maintenance_logs"."status" IN ('Scheduled', 'Overdue') AND (scheduled_on <= '2026-06-01') /*action='index',application='J2cRentals',controller='dashboard'*/[0m
  ↳ app/controllers/admin/dashboard_controller.rb:8:in 'Admin::DashboardController#index'
  [1m[36mReservation Sum (0.8ms)[0m  [1m[34mSELECT SUM("reservations"."deposit_amount") FROM "reservations" WHERE "reservations"."deposit_status" = 'Paid' /*action='index',application='J2cRentals',controller='dashboard'*/[0m
  ↳ app/controllers/admin/dashboard_controller.rb:9:in 'Admin::DashboardController#index'
  [1m[36mPayment Sum (0.2ms)[0m  [1m[34mSELECT SUM("payments"."amount") FROM "payments" WHERE "payments"."status" = 'Paid' AND "payments"."paid_at" BETWEEN '2026-05-01 00:00:00' AND '2026-05-31 23:59:59.999999' /*action='index',application='J2cRentals',controller='dashboard'*/[0m
  ↳ app/controllers/admin/dashboard_controller.rb:10:in 'Admin::DashboardController#index'
  [1m[36mCACHE Vehicle Count (0.0ms)[0m  [1m[34mSELECT COUNT(*) FROM "vehicles"[0m
  ↳ app/controllers/admin/dashboard_controller.rb:11:in 'Admin::DashboardController#index'
  [1m[36mVehicle Load (0.3ms)[0m  [1m[34mSELECT "vehicles".* FROM "vehicles" /*action='index',application='J2cRentals',controller='dashboard'*/[0m
  ↳ app/controllers/admin/dashboard_controller.rb:11:in 'Admin::DashboardController#index'
  [1m[36mReservation Load (0.4ms)[0m  [1m[34mSELECT "reservations".* FROM "reservations" WHERE "reservations"."vehicle_id" = 25 AND "reservations"."status" IN ('approved', 'active', 'completed') /*action='index',application='J2cRentals',controller='dashboard'*/[0m
  ↳ app/models/vehicle.rb:35:in 'Vehicle#utilization_percent'
  [1m[36mReservation Load (0.3ms)[0m  [1m[34mSELECT "reservations".* FROM "reservations" WHERE "reservations"."vehicle_id" = 26 AND "reservations"."status" IN ('approved', 'active', 'completed') /*action='index',application='J2cRentals',controller='dashboard'*/[0m
  ↳ app/models/vehicle.rb:35:in 'Vehicle#utilization_percent'
  [1m[36mReservation Load (0.4ms)[0m  [1m[34mSELECT "reservations".* FROM "reservations" WHERE "reservations"."vehicle_id" = 27 AND "reservations"."status" IN ('approved', 'active', 'completed') /*action='index',application='J2cRentals',controller='dashboard'*/[0m
  ↳ app/models/vehicle.rb:35:in 'Vehicle#utilization_percent'
  [1m[36mReservation Load (0.2ms)[0m  [1m[34mSELECT "reservations".* FROM "reservations" WHERE "reservations"."vehicle_id" = 28 AND "reservations"."status" IN ('approved', 'active', 'completed') /*action='index',application='J2cRentals',controller='dashboard'*/[0m
  ↳ app/models/vehicle.rb:35:in 'Vehicle#utilization_percent'
  [1m[36mReservation Load (0.4ms)[0m  [1m[34mSELECT "reservations".* FROM "reservations" WHERE "reservations"."vehicle_id" = 29 AND "reservations"."status" IN ('approved', 'active', 'completed') /*action='index',application='J2cRentals',controller='dashboard'*/[0m
  ↳ app/models/vehicle.rb:35:in 'Vehicle#utilization_percent'
  [1m[36mReservation Load (0.4ms)[0m  [1m[34mSELECT "reservations".* FROM "reservations" WHERE "reservations"."vehicle_id" = 30 AND "reservations"."status" IN ('approved', 'active', 'completed') /*action='index',application='J2cRentals',controller='dashboard'*/[0m
  ↳ app/models/vehicle.rb:35:in 'Vehicle#utilization_percent'
  [1m[36mReservation Load (0.3ms)[0m  [1m[34mSELECT "reservations".* FROM "reservations" WHERE "reservations"."vehicle_id" = 31 AND "reservations"."status" IN ('approved', 'active', 'completed') /*action='index',application='J2cRentals',controller='dashboard'*/[0m
  ↳ app/models/vehicle.rb:35:in 'Vehicle#utilization_percent'
  [1m[36mReservation Load (0.2ms)[0m  [1m[34mSELECT "reservations".* FROM "reservations" WHERE "reservations"."vehicle_id" = 32 AND "reservations"."status" IN ('approved', 'active', 'completed') /*action='index',application='J2cRentals',controller='dashboard'*/[0m
  ↳ app/models/vehicle.rb:35:in 'Vehicle#utilization_percent'
  [1m[36mReservation Load (0.2ms)[0m  [1m[34mSELECT "reservations".* FROM "reservations" WHERE "reservations"."vehicle_id" = 33 AND "reservations"."status" IN ('approved', 'active', 'completed') /*action='index',application='J2cRentals',controller='dashboard'*/[0m
  ↳ app/models/vehicle.rb:35:in 'Vehicle#utilization_percent'
  [1m[36mCACHE Vehicle Count (0.0ms)[0m  [1m[34mSELECT COUNT(*) FROM "vehicles"[0m
  ↳ app/controllers/admin/dashboard_controller.rb:11:in 'Admin::DashboardController#index'
  [1m[36mLead Count (0.1ms)[0m  [1m[34mSELECT COUNT(*) FROM "leads" WHERE "leads"."status" NOT IN ('Managed', 'Lost') /*action='index',application='J2cRentals',controller='dashboard'*/[0m
  ↳ app/controllers/admin/dashboard_controller.rb:12:in 'Admin::DashboardController#index'
  [1m[36mLead Count (0.1ms)[0m  [1m[34mSELECT COUNT(*) AS "count_all", "leads"."status" AS "leads_status" FROM "leads" GROUP BY "leads"."status" /*action='index',application='J2cRentals',controller='dashboard'*/[0m
  ↳ app/controllers/admin/dashboard_controller.rb:14:in 'Admin::DashboardController#index'
  Rendering layout layouts/admin.html.erb
  Rendering admin/dashboard/index.html.erb within layouts/admin
  [1m[36mReservation Load (1.2ms)[0m  [1m[34mSELECT "reservations".* FROM "reservations" ORDER BY "reservations"."created_at" DESC LIMIT 6 /*action='index',application='J2cRentals',controller='dashboard'*/[0m
  ↳ app/views/admin/dashboard/index.html.erb:42
  [1m[36mVehicle Load (0.3ms)[0m  [1m[34mSELECT "vehicles".* FROM "vehicles" WHERE "vehicles"."id" IN (27, 25, 28) /*action='index',application='J2cRentals',controller='dashboard'*/[0m
  ↳ app/views/admin/dashboard/index.html.erb:42
  [1m[36mAdminAction Load (0.2ms)[0m  [1m[34mSELECT "admin_actions".* FROM "admin_actions" ORDER BY "admin_actions"."created_at" DESC LIMIT 8 /*action='index',application='J2cRentals',controller='dashboard'*/[0m
  ↳ app/views/admin/dashboard/index.html.erb:66
  [1m[36mUser Load (0.2ms)[0m  [1m[34mSELECT "users".* FROM "users" WHERE "users"."id" IN (6, 5) /*action='index',application='J2cRentals',controller='dashboard'*/[0m
  ↳ app/views/admin/dashboard/index.html.erb:66
  Rendered admin/dashboard/index.html.erb within layouts/admin (Duration: 34.9ms | GC: 0.0ms)
  Rendered layout layouts/admin.html.erb (Duration: 39.0ms | GC: 0.0ms)
Completed 200 OK in 242ms (Views: 43.2ms | ActiveRecord: 12.4ms (26 queries, 2 cached) | GC: 0.0ms)


Started GET "/admin-portal/session" for ::1 at 2026-05-25 17:26:42 +0530
  
ActionController::RoutingError (No route matches [GET] "/admin-portal/session"):
  
Started GET "/admin-portal/" for ::1 at 2026-05-25 17:31:20 +0530
  [1m[36mActiveRecord::SchemaMigration Load (0.2ms)[0m  [1m[34mSELECT "schema_migrations"."version" FROM "schema_migrations" ORDER BY "schema_migrations"."version" ASC /*application='J2cRentals'*/[0m
Processing by Admin::DashboardController#index as HTML
  [1m[36mUser Load (0.2ms)[0m  [1m[34mSELECT "users".* FROM "users" WHERE "users"."id" = 6 LIMIT 1 /*action='index',application='J2cRentals',controller='dashboard'*/[0m
  ↳ app/controllers/application_controller.rb:10:in 'ApplicationController#current_user'
  [1m[36mVehicle Count (0.1ms)[0m  [1m[34mSELECT COUNT(*) FROM "vehicles" /*action='index',application='J2cRentals',controller='dashboard'*/[0m
  ↳ app/controllers/admin/dashboard_controller.rb:4:in 'Admin::DashboardController#index'
  [1m[36mReservation Count (0.1ms)[0m  [1m[34mSELECT COUNT(*) FROM "reservations" WHERE "reservations"."status" = 'pending' /*action='index',application='J2cRentals',controller='dashboard'*/[0m
  ↳ app/controllers/admin/dashboard_controller.rb:5:in 'Admin::DashboardController#index'
  [1m[36mReservation Count (0.1ms)[0m  [1m[34mSELECT COUNT(*) FROM "reservations" WHERE "reservations"."status" = 'active' /*action='index',application='J2cRentals',controller='dashboard'*/[0m
  ↳ app/controllers/admin/dashboard_controller.rb:6:in 'Admin::DashboardController#index'
  [1m[36mReservation Count (0.1ms)[0m  [1m[34mSELECT COUNT(*) FROM "reservations" WHERE "reservations"."status" = 'active' AND (dropoff_date < '2026-05-25') /*action='index',application='J2cRentals',controller='dashboard'*/[0m
  ↳ app/controllers/admin/dashboard_controller.rb:7:in 'Admin::DashboardController#index'
  [1m[36mMaintenanceLog Count (0.1ms)[0m  [1m[34mSELECT COUNT(*) FROM "maintenance_logs" WHERE "maintenance_logs"."status" IN ('Scheduled', 'Overdue') AND (scheduled_on <= '2026-06-01') /*action='index',application='J2cRentals',controller='dashboard'*/[0m
  ↳ app/controllers/admin/dashboard_controller.rb:8:in 'Admin::DashboardController#index'
  [1m[36mReservation Sum (0.1ms)[0m  [1m[34mSELECT SUM("reservations"."deposit_amount") FROM "reservations" WHERE "reservations"."deposit_status" = 'Paid' /*action='index',application='J2cRentals',controller='dashboard'*/[0m
  ↳ app/controllers/admin/dashboard_controller.rb:9:in 'Admin::DashboardController#index'
  [1m[36mPayment Sum (0.1ms)[0m  [1m[34mSELECT SUM("payments"."amount") FROM "payments" WHERE "payments"."status" = 'Paid' AND "payments"."paid_at" BETWEEN '2026-05-01 00:00:00' AND '2026-05-31 23:59:59.999999' /*action='index',application='J2cRentals',controller='dashboard'*/[0m
  ↳ app/controllers/admin/dashboard_controller.rb:10:in 'Admin::DashboardController#index'
  [1m[36mCACHE Vehicle Count (0.0ms)[0m  [1m[34mSELECT COUNT(*) FROM "vehicles"[0m
  ↳ app/controllers/admin/dashboard_controller.rb:11:in 'Admin::DashboardController#index'
  [1m[36mVehicle Load (0.2ms)[0m  [1m[34mSELECT "vehicles".* FROM "vehicles" /*action='index',application='J2cRentals',controller='dashboard'*/[0m
  ↳ app/controllers/admin/dashboard_controller.rb:11:in 'Admin::DashboardController#index'
  [1m[36mReservation Load (0.2ms)[0m  [1m[34mSELECT "reservations".* FROM "reservations" WHERE "reservations"."vehicle_id" = 25 AND "reservations"."status" IN ('approved', 'active', 'completed') /*action='index',application='J2cRentals',controller='dashboard'*/[0m
  ↳ app/models/vehicle.rb:35:in 'Vehicle#utilization_percent'
  [1m[36mReservation Load (0.1ms)[0m  [1m[34mSELECT "reservations".* FROM "reservations" WHERE "reservations"."vehicle_id" = 26 AND "reservations"."status" IN ('approved', 'active', 'completed') /*action='index',application='J2cRentals',controller='dashboard'*/[0m
  ↳ app/models/vehicle.rb:35:in 'Vehicle#utilization_percent'
  [1m[36mReservation Load (0.1ms)[0m  [1m[34mSELECT "reservations".* FROM "reservations" WHERE "reservations"."vehicle_id" = 27 AND "reservations"."status" IN ('approved', 'active', 'completed') /*action='index',application='J2cRentals',controller='dashboard'*/[0m
  ↳ app/models/vehicle.rb:35:in 'Vehicle#utilization_percent'
  [1m[36mReservation Load (0.1ms)[0m  [1m[34mSELECT "reservations".* FROM "reservations" WHERE "reservations"."vehicle_id" = 28 AND "reservations"."status" IN ('approved', 'active', 'completed') /*action='index',application='J2cRentals',controller='dashboard'*/[0m
  ↳ app/models/vehicle.rb:35:in 'Vehicle#utilization_percent'
  [1m[36mReservation Load (0.2ms)[0m  [1m[34mSELECT "reservations".* FROM "reservations" WHERE "reservations"."vehicle_id" = 29 AND "reservations"."status" IN ('approved', 'active', 'completed') /*action='index',application='J2cRentals',controller='dashboard'*/[0m
  ↳ app/models/vehicle.rb:35:in 'Vehicle#utilization_percent'
  [1m[36mReservation Load (0.1ms)[0m  [1m[34mSELECT "reservations".* FROM "reservations" WHERE "reservations"."vehicle_id" = 30 AND "reservations"."status" IN ('approved', 'active', 'completed') /*action='index',application='J2cRentals',controller='dashboard'*/[0m
  ↳ app/models/vehicle.rb:35:in 'Vehicle#utilization_percent'
  [1m[36mReservation Load (0.1ms)[0m  [1m[34mSELECT "reservations".* FROM "reservations" WHERE "reservations"."vehicle_id" = 31 AND "reservations"."status" IN ('approved', 'active', 'completed') /*action='index',application='J2cRentals',controller='dashboard'*/[0m
  ↳ app/models/vehicle.rb:35:in 'Vehicle#utilization_percent'
  [1m[36mReservation Load (0.1ms)[0m  [1m[34mSELECT "reservations".* FROM "reservations" WHERE "reservations"."vehicle_id" = 32 AND "reservations"."status" IN ('approved', 'active', 'completed') /*action='index',application='J2cRentals',controller='dashboard'*/[0m
  ↳ app/models/vehicle.rb:35:in 'Vehicle#utilization_percent'
  [1m[36mReservation Load (0.1ms)[0m  [1m[34mSELECT "reservations".* FROM "reservations" WHERE "reservations"."vehicle_id" = 33 AND "reservations"."status" IN ('approved', 'active', 'completed') /*action='index',application='J2cRentals',controller='dashboard'*/[0m
  ↳ app/models/vehicle.rb:35:in 'Vehicle#utilization_percent'
  [1m[36mCACHE Vehicle Count (0.0ms)[0m  [1m[34mSELECT COUNT(*) FROM "vehicles"[0m
  ↳ app/controllers/admin/dashboard_controller.rb:11:in 'Admin::DashboardController#index'
  [1m[36mLead Count (0.1ms)[0m  [1m[34mSELECT COUNT(*) FROM "leads" WHERE "leads"."status" NOT IN ('Managed', 'Lost') /*action='index',application='J2cRentals',controller='dashboard'*/[0m
  ↳ app/controllers/admin/dashboard_controller.rb:12:in 'Admin::DashboardController#index'
  [1m[36mLead Count (0.1ms)[0m  [1m[34mSELECT COUNT(*) AS "count_all", "leads"."status" AS "leads_status" FROM "leads" GROUP BY "leads"."status" /*action='index',application='J2cRentals',controller='dashboard'*/[0m
  ↳ app/controllers/admin/dashboard_controller.rb:14:in 'Admin::DashboardController#index'
  Rendering layout layouts/admin.html.erb
  Rendering admin/dashboard/index.html.erb within layouts/admin
  [1m[36mReservation Load (0.3ms)[0m  [1m[34mSELECT "reservations".* FROM "reservations" ORDER BY "reservations"."created_at" DESC LIMIT 6 /*action='index',application='J2cRentals',controller='dashboard'*/[0m
  ↳ app/views/admin/dashboard/index.html.erb:42
  [1m[36mVehicle Load (0.2ms)[0m  [1m[34mSELECT "vehicles".* FROM "vehicles" WHERE "vehicles"."id" IN (27, 25, 28) /*action='index',application='J2cRentals',controller='dashboard'*/[0m
  ↳ app/views/admin/dashboard/index.html.erb:42
  [1m[36mAdminAction Load (0.2ms)[0m  [1m[34mSELECT "admin_actions".* FROM "admin_actions" ORDER BY "admin_actions"."created_at" DESC LIMIT 8 /*action='index',application='J2cRentals',controller='dashboard'*/[0m
  ↳ app/views/admin/dashboard/index.html.erb:66
  [1m[36mUser Load (1.3ms)[0m  [1m[34mSELECT "users".* FROM "users" WHERE "users"."id" IN (6, 5) /*action='index',application='J2cRentals',controller='dashboard'*/[0m
  ↳ app/views/admin/dashboard/index.html.erb:66
  Rendered admin/dashboard/index.html.erb within layouts/admin (Duration: 25.6ms | GC: 0.0ms)
  Rendered layout layouts/admin.html.erb (Duration: 33.3ms | GC: 0.0ms)
Completed 200 OK in 251ms (Views: 38.7ms | ActiveRecord: 9.8ms (26 queries, 2 cached) | GC: 0.0ms)


Started GET "/admin-portal/support_tickets" for ::1 at 2026-05-25 17:31:24 +0530
Processing by Admin::SupportTicketsController#index as HTML
  [1m[36mUser Load (0.2ms)[0m  [1m[34mSELECT "users".* FROM "users" WHERE "users"."id" = 6 LIMIT 1 /*action='index',application='J2cRentals',controller='support_tickets'*/[0m
  ↳ app/controllers/application_controller.rb:10:in 'ApplicationController#current_user'
  Rendering layout layouts/admin.html.erb
  Rendering admin/support_tickets/index.html.erb within layouts/admin
  [1m[36mSupportTicket Load (0.3ms)[0m  [1m[34mSELECT "support_tickets".* FROM "support_tickets" ORDER BY "support_tickets"."created_at" DESC /*action='index',application='J2cRentals',controller='support_tickets'*/[0m
  ↳ app/views/admin/support_tickets/index.html.erb:9
  [1m[36mUser Load (0.2ms)[0m  [1m[34mSELECT "users".* FROM "users" WHERE "users"."id" = 9 /*action='index',application='J2cRentals',controller='support_tickets'*/[0m
  ↳ app/views/admin/support_tickets/index.html.erb:9
  [1m[36mReservation Load (0.3ms)[0m  [1m[34mSELECT "reservations".* FROM "reservations" WHERE "reservations"."id" = 5 /*action='index',application='J2cRentals',controller='support_tickets'*/[0m
  ↳ app/views/admin/support_tickets/index.html.erb:9
  Rendered admin/support_tickets/index.html.erb within layouts/admin (Duration: 26.9ms | GC: 0.0ms)
  Rendered layout layouts/admin.html.erb (Duration: 29.0ms | GC: 0.0ms)
Completed 200 OK in 58ms (Views: 28.7ms | ActiveRecord: 2.8ms (4 queries, 0 cached) | GC: 0.0ms)


Started DELETE "/admin-portal/session?_method=delete" for ::1 at 2026-05-25 17:31:25 +0530
Processing by Admin::SessionsController#destroy as TURBO_STREAM
Redirected to http://localhost:5000/admin-portal/session/new
↳ app/controllers/admin/sessions_controller.rb:24:in 'Admin::SessionsController#destroy'
Completed 302 Found in 15ms (ActiveRecord: 0.0ms (0 queries, 0 cached) | GC: 0.0ms)


Started GET "/admin-portal/session/new" for ::1 at 2026-05-25 17:31:25 +0530
Processing by Admin::SessionsController#new as TURBO_STREAM
  Rendering layout layouts/admin_auth.html.erb
  Rendering admin/sessions/new.html.erb within layouts/admin_auth
  Rendered admin/sessions/new.html.erb within layouts/admin_auth (Duration: 20.9ms | GC: 0.0ms)
  Rendered layout layouts/admin_auth.html.erb (Duration: 23.2ms | GC: 0.0ms)
Completed 200 OK in 42ms (Views: 28.0ms | ActiveRecord: 0.0ms (0 queries, 0 cached) | GC: 0.0ms)


Started GET "/admin-portal/session/new" for ::1 at 2026-05-25 17:31:25 +0530
Processing by Admin::SessionsController#new as HTML
  Rendering layout layouts/admin_auth.html.erb
  Rendering admin/sessions/new.html.erb within layouts/admin_auth
  Rendered admin/sessions/new.html.erb within layouts/admin_auth (Duration: 1.4ms | GC: 0.0ms)
  Rendered layout layouts/admin_auth.html.erb (Duration: 2.4ms | GC: 0.0ms)
Completed 200 OK in 13ms (Views: 3.2ms | ActiveRecord: 0.0ms (0 queries, 0 cached) | GC: 0.0ms)


Started POST "/admin-portal/session" for ::1 at 2026-05-25 17:31:36 +0530
Processing by Admin::SessionsController#create as HTML
  Parameters: {"authenticity_token" => "[FILTERED]", "email" => "[FILTERED]", "password" => "[FILTERED]", "commit" => "Enter admin portal"}
  [1m[36mUser Load (0.3ms)[0m  [1m[34mSELECT "users".* FROM "users" WHERE "users"."email" = 'owner@j2c.test' LIMIT 1 /*action='create',application='J2cRentals',controller='sessions'*/[0m
  ↳ app/controllers/admin/sessions_controller.rb:9:in 'Admin::SessionsController#create'
  [1m[36mTRANSACTION (0.2ms)[0m  [1m[35mBEGIN immediate TRANSACTION /*action='create',application='J2cRentals',controller='sessions'*/[0m
  ↳ app/controllers/admin/sessions_controller.rb:13:in 'Admin::SessionsController#create'
  [1m[36mUser Update (0.1ms)[0m  [1m[33mUPDATE "users" SET "last_login_at" = '2026-05-25 12:01:37.396089', "updated_at" = '2026-05-25 12:01:37.400572' WHERE "users"."id" = 6 /*action='create',application='J2cRentals',controller='sessions'*/[0m
  ↳ app/controllers/admin/sessions_controller.rb:13:in 'Admin::SessionsController#create'
  [1m[36mTRANSACTION (5.0ms)[0m  [1m[35mCOMMIT TRANSACTION /*action='create',application='J2cRentals',controller='sessions'*/[0m
  ↳ app/controllers/admin/sessions_controller.rb:13:in 'Admin::SessionsController#create'
  [1m[36mTRANSACTION (0.1ms)[0m  [1m[35mBEGIN immediate TRANSACTION /*action='create',application='J2cRentals',controller='sessions'*/[0m
  ↳ app/controllers/admin/sessions_controller.rb:14:in 'Admin::SessionsController#create'
  [1m[36mAdminAction Create (1.9ms)[0m  [1m[32mINSERT INTO "admin_actions" ("user_id", "action", "resource_type", "resource_id", "ip_address", "metadata", "created_at", "updated_at") VALUES (6, 'admin.login', NULL, NULL, '::1', '"{\"path\":\"/admin-portal/session\"}"', '2026-05-25 12:01:37.411880', '2026-05-25 12:01:37.411880') RETURNING "id" /*action='create',application='J2cRentals',controller='sessions'*/[0m
  ↳ app/controllers/admin/sessions_controller.rb:14:in 'Admin::SessionsController#create'
  [1m[36mTRANSACTION (0.2ms)[0m  [1m[35mCOMMIT TRANSACTION /*action='create',application='J2cRentals',controller='sessions'*/[0m
  ↳ app/controllers/admin/sessions_controller.rb:14:in 'Admin::SessionsController#create'
Redirected to http://localhost:5000/admin-portal
↳ app/controllers/admin/sessions_controller.rb:15:in 'Admin::SessionsController#create'
Completed 302 Found in 349ms (ActiveRecord: 10.5ms (3 queries, 0 cached) | GC: 0.0ms)


Started GET "/admin-portal" for ::1 at 2026-05-25 17:31:37 +0530
Processing by Admin::DashboardController#index as HTML
  [1m[36mUser Load (0.3ms)[0m  [1m[34mSELECT "users".* FROM "users" WHERE "users"."id" = 6 LIMIT 1 /*action='index',application='J2cRentals',controller='dashboard'*/[0m
  ↳ app/controllers/application_controller.rb:10:in 'ApplicationController#current_user'
  [1m[36mVehicle Count (0.2ms)[0m  [1m[34mSELECT COUNT(*) FROM "vehicles" /*action='index',application='J2cRentals',controller='dashboard'*/[0m
  ↳ app/controllers/admin/dashboard_controller.rb:4:in 'Admin::DashboardController#index'
  [1m[36mReservation Count (0.1ms)[0m  [1m[34mSELECT COUNT(*) FROM "reservations" WHERE "reservations"."status" = 'pending' /*action='index',application='J2cRentals',controller='dashboard'*/[0m
  ↳ app/controllers/admin/dashboard_controller.rb:5:in 'Admin::DashboardController#index'
  [1m[36mReservation Count (0.1ms)[0m  [1m[34mSELECT COUNT(*) FROM "reservations" WHERE "reservations"."status" = 'active' /*action='index',application='J2cRentals',controller='dashboard'*/[0m
  ↳ app/controllers/admin/dashboard_controller.rb:6:in 'Admin::DashboardController#index'
  [1m[36mReservation Count (0.1ms)[0m  [1m[34mSELECT COUNT(*) FROM "reservations" WHERE "reservations"."status" = 'active' AND (dropoff_date < '2026-05-25') /*action='index',application='J2cRentals',controller='dashboard'*/[0m
  ↳ app/controllers/admin/dashboard_controller.rb:7:in 'Admin::DashboardController#index'
  [1m[36mMaintenanceLog Count (0.2ms)[0m  [1m[34mSELECT COUNT(*) FROM "maintenance_logs" WHERE "maintenance_logs"."status" IN ('Scheduled', 'Overdue') AND (scheduled_on <= '2026-06-01') /*action='index',application='J2cRentals',controller='dashboard'*/[0m
  ↳ app/controllers/admin/dashboard_controller.rb:8:in 'Admin::DashboardController#index'
  [1m[36mReservation Sum (0.2ms)[0m  [1m[34mSELECT SUM("reservations"."deposit_amount") FROM "reservations" WHERE "reservations"."deposit_status" = 'Paid' /*action='index',application='J2cRentals',controller='dashboard'*/[0m
  ↳ app/controllers/admin/dashboard_controller.rb:9:in 'Admin::DashboardController#index'
  [1m[36mPayment Sum (0.2ms)[0m  [1m[34mSELECT SUM("payments"."amount") FROM "payments" WHERE "payments"."status" = 'Paid' AND "payments"."paid_at" BETWEEN '2026-05-01 00:00:00' AND '2026-05-31 23:59:59.999999' /*action='index',application='J2cRentals',controller='dashboard'*/[0m
  ↳ app/controllers/admin/dashboard_controller.rb:10:in 'Admin::DashboardController#index'
  [1m[36mCACHE Vehicle Count (0.0ms)[0m  [1m[34mSELECT COUNT(*) FROM "vehicles"[0m
  ↳ app/controllers/admin/dashboard_controller.rb:11:in 'Admin::DashboardController#index'
  [1m[36mVehicle Load (0.3ms)[0m  [1m[34mSELECT "vehicles".* FROM "vehicles" /*action='index',application='J2cRentals',controller='dashboard'*/[0m
  ↳ app/controllers/admin/dashboard_controller.rb:11:in 'Admin::DashboardController#index'
  [1m[36mReservation Load (0.3ms)[0m  [1m[34mSELECT "reservations".* FROM "reservations" WHERE "reservations"."vehicle_id" = 25 AND "reservations"."status" IN ('approved', 'active', 'completed') /*action='index',application='J2cRentals',controller='dashboard'*/[0m
  ↳ app/models/vehicle.rb:35:in 'Vehicle#utilization_percent'
  [1m[36mReservation Load (0.2ms)[0m  [1m[34mSELECT "reservations".* FROM "reservations" WHERE "reservations"."vehicle_id" = 26 AND "reservations"."status" IN ('approved', 'active', 'completed') /*action='index',application='J2cRentals',controller='dashboard'*/[0m
  ↳ app/models/vehicle.rb:35:in 'Vehicle#utilization_percent'
  [1m[36mReservation Load (0.3ms)[0m  [1m[34mSELECT "reservations".* FROM "reservations" WHERE "reservations"."vehicle_id" = 27 AND "reservations"."status" IN ('approved', 'active', 'completed') /*action='index',application='J2cRentals',controller='dashboard'*/[0m
  ↳ app/models/vehicle.rb:35:in 'Vehicle#utilization_percent'
  [1m[36mReservation Load (0.3ms)[0m  [1m[34mSELECT "reservations".* FROM "reservations" WHERE "reservations"."vehicle_id" = 28 AND "reservations"."status" IN ('approved', 'active', 'completed') /*action='index',application='J2cRentals',controller='dashboard'*/[0m
  ↳ app/models/vehicle.rb:35:in 'Vehicle#utilization_percent'
  [1m[36mReservation Load (0.2ms)[0m  [1m[34mSELECT "reservations".* FROM "reservations" WHERE "reservations"."vehicle_id" = 29 AND "reservations"."status" IN ('approved', 'active', 'completed') /*action='index',application='J2cRentals',controller='dashboard'*/[0m
  ↳ app/models/vehicle.rb:35:in 'Vehicle#utilization_percent'
  [1m[36mReservation Load (0.1ms)[0m  [1m[34mSELECT "reservations".* FROM "reservations" WHERE "reservations"."vehicle_id" = 30 AND "reservations"."status" IN ('approved', 'active', 'completed') /*action='index',application='J2cRentals',controller='dashboard'*/[0m
  ↳ app/models/vehicle.rb:35:in 'Vehicle#utilization_percent'
  [1m[36mReservation Load (0.1ms)[0m  [1m[34mSELECT "reservations".* FROM "reservations" WHERE "reservations"."vehicle_id" = 31 AND "reservations"."status" IN ('approved', 'active', 'completed') /*action='index',application='J2cRentals',controller='dashboard'*/[0m
  ↳ app/models/vehicle.rb:35:in 'Vehicle#utilization_percent'
  [1m[36mReservation Load (0.1ms)[0m  [1m[34mSELECT "reservations".* FROM "reservations" WHERE "reservations"."vehicle_id" = 32 AND "reservations"."status" IN ('approved', 'active', 'completed') /*action='index',application='J2cRentals',controller='dashboard'*/[0m
  ↳ app/models/vehicle.rb:35:in 'Vehicle#utilization_percent'
  [1m[36mReservation Load (0.2ms)[0m  [1m[34mSELECT "reservations".* FROM "reservations" WHERE "reservations"."vehicle_id" = 33 AND "reservations"."status" IN ('approved', 'active', 'completed') /*action='index',application='J2cRentals',controller='dashboard'*/[0m
  ↳ app/models/vehicle.rb:35:in 'Vehicle#utilization_percent'
  [1m[36mCACHE Vehicle Count (0.0ms)[0m  [1m[34mSELECT COUNT(*) FROM "vehicles"[0m
  ↳ app/controllers/admin/dashboard_controller.rb:11:in 'Admin::DashboardController#index'
  [1m[36mLead Count (0.1ms)[0m  [1m[34mSELECT COUNT(*) FROM "leads" WHERE "leads"."status" NOT IN ('Managed', 'Lost') /*action='index',application='J2cRentals',controller='dashboard'*/[0m
  ↳ app/controllers/admin/dashboard_controller.rb:12:in 'Admin::DashboardController#index'
  [1m[36mLead Count (0.1ms)[0m  [1m[34mSELECT COUNT(*) AS "count_all", "leads"."status" AS "leads_status" FROM "leads" GROUP BY "leads"."status" /*action='index',application='J2cRentals',controller='dashboard'*/[0m
  ↳ app/controllers/admin/dashboard_controller.rb:14:in 'Admin::DashboardController#index'
  Rendering layout layouts/admin.html.erb
  Rendering admin/dashboard/index.html.erb within layouts/admin
  [1m[36mReservation Load (0.4ms)[0m  [1m[34mSELECT "reservations".* FROM "reservations" ORDER BY "reservations"."created_at" DESC LIMIT 6 /*action='index',application='J2cRentals',controller='dashboard'*/[0m
  ↳ app/views/admin/dashboard/index.html.erb:42
  [1m[36mVehicle Load (0.3ms)[0m  [1m[34mSELECT "vehicles".* FROM "vehicles" WHERE "vehicles"."id" IN (27, 25, 28) /*action='index',application='J2cRentals',controller='dashboard'*/[0m
  ↳ app/views/admin/dashboard/index.html.erb:42
  [1m[36mAdminAction Load (0.2ms)[0m  [1m[34mSELECT "admin_actions".* FROM "admin_actions" ORDER BY "admin_actions"."created_at" DESC LIMIT 8 /*action='index',application='J2cRentals',controller='dashboard'*/[0m
  ↳ app/views/admin/dashboard/index.html.erb:66
  [1m[36mUser Load (0.2ms)[0m  [1m[34mSELECT "users".* FROM "users" WHERE "users"."id" IN (6, 5) /*action='index',application='J2cRentals',controller='dashboard'*/[0m
  ↳ app/views/admin/dashboard/index.html.erb:66
  Rendered admin/dashboard/index.html.erb within layouts/admin (Duration: 11.9ms | GC: 0.0ms)
  Rendered layout layouts/admin.html.erb (Duration: 13.9ms | GC: 0.0ms)
Completed 200 OK in 72ms (Views: 13.8ms | ActiveRecord: 5.1ms (26 queries, 2 cached) | GC: 0.0ms)


Started GET "/admin-portal/reservations" for ::1 at 2026-05-25 17:31:58 +0530
  [1m[36mActiveRecord::SchemaMigration Load (0.7ms)[0m  [1m[34mSELECT "schema_migrations"."version" FROM "schema_migrations" ORDER BY "schema_migrations"."version" ASC /*application='J2cRentals'*/[0m
Processing by Admin::ReservationsController#index as HTML
  [1m[36mUser Load (0.1ms)[0m  [1m[34mSELECT "users".* FROM "users" WHERE "users"."id" = 6 LIMIT 1 /*action='index',application='J2cRentals',controller='reservations'*/[0m
  ↳ app/controllers/application_controller.rb:10:in 'ApplicationController#current_user'
  Rendering layout layouts/admin.html.erb
  Rendering admin/reservations/index.html.erb within layouts/admin
  [1m[36mReservation Load (0.4ms)[0m  [1m[34mSELECT "reservations".* FROM "reservations" ORDER BY "reservations"."created_at" DESC /*action='index',application='J2cRentals',controller='reservations'*/[0m
  ↳ app/views/admin/reservations/index.html.erb:18
  [1m[36mVehicle Load (0.4ms)[0m  [1m[34mSELECT "vehicles".* FROM "vehicles" WHERE "vehicles"."id" IN (27, 25, 28) /*action='index',application='J2cRentals',controller='reservations'*/[0m
  ↳ app/views/admin/reservations/index.html.erb:18
  Rendered admin/reservations/index.html.erb within layouts/admin (Duration: 82.2ms | GC: 0.0ms)
  Rendered layout layouts/admin.html.erb (Duration: 98.6ms | GC: 0.0ms)
Completed 200 OK in 238ms (Views: 105.4ms | ActiveRecord: 7.2ms (3 queries, 0 cached) | GC: 0.0ms)


Started GET "/admin-portal/reservations" for ::1 at 2026-05-25 17:31:58 +0530
Processing by Admin::ReservationsController#index as HTML
  [1m[36mUser Load (0.4ms)[0m  [1m[34mSELECT "users".* FROM "users" WHERE "users"."id" = 6 LIMIT 1 /*action='index',application='J2cRentals',controller='reservations'*/[0m
  ↳ app/controllers/application_controller.rb:10:in 'ApplicationController#current_user'
  Rendering layout layouts/admin.html.erb
  Rendering admin/reservations/index.html.erb within layouts/admin
  [1m[36mReservation Load (0.4ms)[0m  [1m[34mSELECT "reservations".* FROM "reservations" ORDER BY "reservations"."created_at" DESC /*action='index',application='J2cRentals',controller='reservations'*/[0m
  ↳ app/views/admin/reservations/index.html.erb:18
  [1m[36mVehicle Load (0.4ms)[0m  [1m[34mSELECT "vehicles".* FROM "vehicles" WHERE "vehicles"."id" IN (27, 25, 28) /*action='index',application='J2cRentals',controller='reservations'*/[0m
  ↳ app/views/admin/reservations/index.html.erb:18
  Rendered admin/reservations/index.html.erb within layouts/admin (Duration: 8.5ms | GC: 0.0ms)
  Rendered layout layouts/admin.html.erb (Duration: 10.1ms | GC: 0.0ms)
Completed 200 OK in 25ms (Views: 10.3ms | ActiveRecord: 1.0ms (3 queries, 0 cached) | GC: 0.0ms)


Started GET "/admin-portal/support_tickets" for ::1 at 2026-05-25 17:31:59 +0530
Processing by Admin::SupportTicketsController#index as HTML
  [1m[36mUser Load (0.3ms)[0m  [1m[34mSELECT "users".* FROM "users" WHERE "users"."id" = 6 LIMIT 1 /*action='index',application='J2cRentals',controller='support_tickets'*/[0m
  ↳ app/controllers/application_controller.rb:10:in 'ApplicationController#current_user'
  Rendering layout layouts/admin.html.erb
  Rendering admin/support_tickets/index.html.erb within layouts/admin
  [1m[36mSupportTicket Load (0.3ms)[0m  [1m[34mSELECT "support_tickets".* FROM "support_tickets" ORDER BY "support_tickets"."created_at" DESC /*action='index',application='J2cRentals',controller='support_tickets'*/[0m
  ↳ app/views/admin/support_tickets/index.html.erb:9
  [1m[36mUser Load (0.2ms)[0m  [1m[34mSELECT "users".* FROM "users" WHERE "users"."id" = 9 /*action='index',application='J2cRentals',controller='support_tickets'*/[0m
  ↳ app/views/admin/support_tickets/index.html.erb:9
  [1m[36mReservation Load (0.3ms)[0m  [1m[34mSELECT "reservations".* FROM "reservations" WHERE "reservations"."id" = 5 /*action='index',application='J2cRentals',controller='support_tickets'*/[0m
  ↳ app/views/admin/support_tickets/index.html.erb:9
  Rendered admin/support_tickets/index.html.erb within layouts/admin (Duration: 25.3ms | GC: 0.0ms)
  Rendered layout layouts/admin.html.erb (Duration: 27.2ms | GC: 0.0ms)
Completed 200 OK in 55ms (Views: 26.9ms | ActiveRecord: 2.0ms (4 queries, 0 cached) | GC: 0.0ms)


Started GET "/" for ::1 at 2026-05-25 17:32:00 +0530
Processing by HomeController#index as HTML
  Rendering layout layouts/application.html.erb
  Rendering home/index.html.erb within layouts/application
  [1m[36mVehicle Load (0.3ms)[0m  [1m[34mSELECT "vehicles".* FROM "vehicles" WHERE "vehicles"."featured" = TRUE LIMIT 4 /*action='index',application='J2cRentals',controller='home'*/[0m
  ↳ app/views/home/index.html.erb:56
  [1m[36mUser Load (0.3ms)[0m  [1m[34mSELECT "users".* FROM "users" WHERE "users"."id" = 6 LIMIT 1 /*action='index',application='J2cRentals',controller='home'*/[0m
  ↳ app/controllers/application_controller.rb:10:in 'ApplicationController#current_user'
  Rendered collection of vehicles/_vehicle.html.erb [4 times] (Duration: 5.3ms | GC: 0.0ms)
  Rendered home/index.html.erb within layouts/application (Duration: 43.9ms | GC: 0.0ms)
  Rendered layout layouts/application.html.erb (Duration: 47.4ms | GC: 0.0ms)
Completed 200 OK in 69ms (Views: 55.2ms | ActiveRecord: 0.6ms (2 queries, 0 cached) | GC: 0.0ms)


Started DELETE "/admin-portal/session?_method=delete" for ::1 at 2026-05-25 17:32:00 +0530
Processing by Admin::SessionsController#destroy as TURBO_STREAM
Redirected to http://localhost:5000/admin-portal/session/new
↳ app/controllers/admin/sessions_controller.rb:24:in 'Admin::SessionsController#destroy'
Completed 302 Found in 15ms (ActiveRecord: 0.0ms (0 queries, 0 cached) | GC: 0.0ms)


Started GET "/admin-portal/session/new" for ::1 at 2026-05-25 17:32:00 +0530
Processing by Admin::SessionsController#new as TURBO_STREAM
  Rendering layout layouts/admin_auth.html.erb
  Rendering admin/sessions/new.html.erb within layouts/admin_auth
  Rendered admin/sessions/new.html.erb within layouts/admin_auth (Duration: 10.9ms | GC: 0.0ms)
  Rendered layout layouts/admin_auth.html.erb (Duration: 13.5ms | GC: 0.0ms)
Completed 200 OK in 33ms (Views: 17.9ms | ActiveRecord: 0.0ms (0 queries, 0 cached) | GC: 0.0ms)


Started GET "/admin-portal/session/new" for ::1 at 2026-05-25 17:32:00 +0530
Processing by Admin::SessionsController#new as HTML
  Rendering layout layouts/admin_auth.html.erb
  Rendering admin/sessions/new.html.erb within layouts/admin_auth
  Rendered admin/sessions/new.html.erb within layouts/admin_auth (Duration: 1.5ms | GC: 0.0ms)
  Rendered layout layouts/admin_auth.html.erb (Duration: 2.5ms | GC: 0.0ms)
Completed 200 OK in 14ms (Views: 3.3ms | ActiveRecord: 0.0ms (0 queries, 0 cached) | GC: 0.0ms)


Started GET "/" for ::1 at 2026-05-25 17:32:04 +0530
Processing by HomeController#index as HTML
  Rendering layout layouts/application.html.erb
  Rendering home/index.html.erb within layouts/application
  [1m[36mVehicle Load (0.4ms)[0m  [1m[34mSELECT "vehicles".* FROM "vehicles" WHERE "vehicles"."featured" = TRUE LIMIT 4 /*action='index',application='J2cRentals',controller='home'*/[0m
  ↳ app/views/home/index.html.erb:56
  Rendered collection of vehicles/_vehicle.html.erb [4 times] (Duration: 1.4ms | GC: 0.0ms)
  Rendered home/index.html.erb within layouts/application (Duration: 6.2ms | GC: 0.0ms)
  Rendered layout layouts/application.html.erb (Duration: 7.6ms | GC: 0.0ms)
Completed 200 OK in 20ms (Views: 8.3ms | ActiveRecord: 0.4ms (1 query, 0 cached) | GC: 0.0ms)


Started GET "/session/new" for ::1 at 2026-05-25 17:32:05 +0530
Processing by SessionsController#new as HTML
  Rendering layout layouts/application.html.erb
  Rendering sessions/new.html.erb within layouts/application
  Rendered sessions/new.html.erb within layouts/application (Duration: 2.8ms | GC: 0.0ms)
  Rendered layout layouts/application.html.erb (Duration: 4.6ms | GC: 0.0ms)
Completed 200 OK in 23ms (Views: 9.7ms | ActiveRecord: 0.0ms (0 queries, 0 cached) | GC: 0.0ms)


Started GET "/reservations/lookup" for ::1 at 2026-05-25 17:32:07 +0530
Processing by ReservationsController#lookup as HTML
  Rendering layout layouts/application.html.erb
  Rendering reservations/lookup.html.erb within layouts/application
  Rendered reservations/lookup.html.erb within layouts/application (Duration: 2.6ms | GC: 0.0ms)
  Rendered layout layouts/application.html.erb (Duration: 3.7ms | GC: 0.0ms)
Completed 200 OK in 25ms (Views: 9.3ms | ActiveRecord: 0.0ms (0 queries, 0 cached) | GC: 0.0ms)


Started GET "/session/new" for ::1 at 2026-05-25 17:32:08 +0530
Processing by SessionsController#new as HTML
  Rendering layout layouts/application.html.erb
  Rendering sessions/new.html.erb within layouts/application
  Rendered sessions/new.html.erb within layouts/application (Duration: 1.4ms | GC: 0.0ms)
  Rendered layout layouts/application.html.erb (Duration: 2.8ms | GC: 0.0ms)
Completed 200 OK in 17ms (Views: 3.7ms | ActiveRecord: 0.0ms (0 queries, 0 cached) | GC: 0.0ms)


Started GET "/vehicles" for ::1 at 2026-05-25 17:32:10 +0530
Processing by VehiclesController#index as HTML
  Rendering layout layouts/application.html.erb
  Rendering vehicles/index.html.erb within layouts/application
  [1m[36mVehicle Count (0.2ms)[0m  [1m[34mSELECT COUNT(*) FROM "vehicles" WHERE "vehicles"."available" = TRUE /*action='index',application='J2cRentals',controller='vehicles'*/[0m
  ↳ app/views/vehicles/index.html.erb:20
  [1m[36mVehicle Load (0.5ms)[0m  [1m[34mSELECT "vehicles".* FROM "vehicles" WHERE "vehicles"."available" = TRUE ORDER BY "vehicles"."featured" DESC, "vehicles"."daily_rate" ASC /*action='index',application='J2cRentals',controller='vehicles'*/[0m
  ↳ app/views/vehicles/index.html.erb:23
  Rendered collection of vehicles/_vehicle.html.erb [9 times] (Duration: 4.3ms | GC: 0.0ms)
  Rendered vehicles/index.html.erb within layouts/application (Duration: 12.1ms | GC: 0.0ms)
  Rendered layout layouts/application.html.erb (Duration: 14.8ms | GC: 0.0ms)
Completed 200 OK in 32ms (Views: 16.8ms | ActiveRecord: 0.7ms (2 queries, 0 cached) | GC: 0.0ms)


Started GET "/vehicles/33" for ::1 at 2026-05-25 17:32:17 +0530
Processing by VehiclesController#show as HTML
  Parameters: {"id" => "33"}
  [1m[36mVehicle Load (0.3ms)[0m  [1m[34mSELECT "vehicles".* FROM "vehicles" WHERE "vehicles"."id" = 33 LIMIT 1 /*action='show',application='J2cRentals',controller='vehicles'*/[0m
  ↳ app/controllers/vehicles_controller.rb:12:in 'VehiclesController#show'
  Rendering layout layouts/application.html.erb
  Rendering vehicles/show.html.erb within layouts/application
  Rendered reservations/_form.html.erb (Duration: 24.0ms | GC: 0.0ms)
  Rendered vehicles/show.html.erb within layouts/application (Duration: 30.9ms | GC: 0.0ms)
  Rendered layout layouts/application.html.erb (Duration: 32.1ms | GC: 0.0ms)
Completed 200 OK in 68ms (Views: 33.5ms | ActiveRecord: 0.3ms (1 query, 0 cached) | GC: 0.0ms)


Started GET "/session/new" for ::1 at 2026-05-25 17:32:21 +0530
Processing by SessionsController#new as HTML
  Rendering layout layouts/application.html.erb
  Rendering sessions/new.html.erb within layouts/application
  Rendered sessions/new.html.erb within layouts/application (Duration: 1.1ms | GC: 0.0ms)
  Rendered layout layouts/application.html.erb (Duration: 2.9ms | GC: 0.0ms)
Completed 200 OK in 15ms (Views: 3.8ms | ActiveRecord: 0.0ms (0 queries, 0 cached) | GC: 0.0ms)


  [1m[36mUser Load (0.5ms)[0m  [1m[34mSELECT "users".* FROM "users" ORDER BY "users"."id" DESC LIMIT 1 /*application='J2cRentals'*/[0m
Started GET "/session/new" for ::1 at 2026-05-25 17:49:24 +0530
  [1m[36mActiveRecord::SchemaMigration Load (0.4ms)[0m  [1m[34mSELECT "schema_migrations"."version" FROM "schema_migrations" ORDER BY "schema_migrations"."version" ASC /*application='J2cRentals'*/[0m
Processing by SessionsController#new as HTML
  Rendering layout layouts/application.html.erb
  Rendering sessions/new.html.erb within layouts/application
  Rendered sessions/new.html.erb within layouts/application (Duration: 7.4ms | GC: 0.0ms)
  Rendered layout layouts/application.html.erb (Duration: 8.4ms | GC: 0.0ms)
Completed 500 Internal Server Error in 137ms (ActiveRecord: 0.0ms (0 queries, 0 cached) | GC: 0.0ms)


  
ActionView::Template::Error (undefined local variable or method 'registrations_path' for an instance of #<Class:0x000002007084e118>)
Caused by: NameError (undefined local variable or method 'registrations_path' for an instance of #<Class:0x000002007084e118>)

Information for: ActionView::Template::Error (undefined local variable or method 'registrations_path' for an instance of #<Class:0x000002007084e118>):
    47: 
    48:       <%= form_with model: @user,
    49:                     url: registrations_path,
    50:                     class: "auth-form" do |form| %>
    51: 
    52:         <div class="form-grid two-column">
    53:           <div class="form-group">
  
app/views/sessions/new.html.erb:50

Information for cause: NameError (undefined local variable or method 'registrations_path' for an instance of #<Class:0x000002007084e118>):
  
app/views/sessions/new.html.erb:50
Started GET "/session/new" for ::1 at 2026-05-25 17:50:28 +0530
Processing by SessionsController#new as HTML
  Rendering layout layouts/application.html.erb
  Rendering sessions/new.html.erb within layouts/application
  Rendered sessions/new.html.erb within layouts/application (Duration: 2.4ms | GC: 0.0ms)
  Rendered layout layouts/application.html.erb (Duration: 3.6ms | GC: 0.0ms)
Completed 500 Internal Server Error in 25ms (ActiveRecord: 0.0ms (0 queries, 0 cached) | GC: 0.0ms)


  
ActionView::Template::Error (Passed nil to the :model argument, expect an object or false)
Caused by: ArgumentError (Passed nil to the :model argument, expect an object or false)

Information for: ActionView::Template::Error (Passed nil to the :model argument, expect an object or false):
    46:       </div>
    47: 
    48:       <%= form_with model: @user,
    49:                     url: session_path,
    50:                     class: "auth-form" do |form| %>
    51: 
    52:         <div class="form-grid two-column">
  
app/views/sessions/new.html.erb:49

Information for cause: ArgumentError (Passed nil to the :model argument, expect an object or false):
  
app/views/sessions/new.html.erb:49
Started GET "/session/new" for ::1 at 2026-05-25 17:51:03 +0530
Processing by SessionsController#new as HTML
  Rendering layout layouts/application.html.erb
  Rendering sessions/new.html.erb within layouts/application
  Rendered sessions/new.html.erb within layouts/application (Duration: 39.5ms | GC: 0.0ms)
  Rendered layout layouts/application.html.erb (Duration: 57.7ms | GC: 0.0ms)
Completed 200 OK in 73ms (Views: 65.1ms | ActiveRecord: 0.0ms (0 queries, 0 cached) | GC: 0.0ms)


Started GET "/session/new" for ::1 at 2026-05-25 17:51:53 +0530
Processing by SessionsController#new as HTML
  Rendering layout layouts/application.html.erb
  Rendering sessions/new.html.erb within layouts/application
  Rendered sessions/new.html.erb within layouts/application (Duration: 3.8ms | GC: 0.0ms)
  Rendered layout layouts/application.html.erb (Duration: 8.0ms | GC: 0.0ms)
Completed 200 OK in 33ms (Views: 17.3ms | ActiveRecord: 0.0ms (0 queries, 0 cached) | GC: 0.0ms)


Started GET "/session/new" for ::1 at 2026-05-25 17:52:50 +0530
Processing by SessionsController#new as HTML
  Rendering layout layouts/application.html.erb
  Rendering sessions/new.html.erb within layouts/application
  Rendered sessions/new.html.erb within layouts/application (Duration: 17.1ms | GC: 0.0ms)
  Rendered layout layouts/application.html.erb (Duration: 18.7ms | GC: 0.0ms)
Completed 500 Internal Server Error in 45ms (ActiveRecord: 0.0ms (0 queries, 0 cached) | GC: 0.0ms)


  
ActionView::SyntaxErrorInTemplate (Encountered a syntax error while rendering template located at: app/views/sessions/new.html.erb)
Caused by: ActiveSupport::SyntaxErrorProxy (C:/Users/LENOVO/OneDrive/Documents/j2c-rentals/app/views/sessions/new.html.erb:136: syntax errors found
  134 | '.freeze;
  135 | @output_buffer.safe_append='<!-- END app/views/sessions/new.html.erb -->';@output_buffer
> 136 |           end
      |              ^ unexpected end-of-input, assuming it is closing the parent top level context
> 137 | 
      | ^ expected an `end` to close the `def` statement
)

Information for: ActionView::SyntaxErrorInTemplate (Encountered a syntax error while rendering template located at: app/views/sessions/new.html.erb):
1:    <div class="min-h-screen grid lg:grid-cols-2 bg-[#0f172a]">
2:    
3:      <div class="hidden lg:flex relative overflow-hidden">
4:        <div class="absolute inset-0 bg-gradient-to-br from-indigo-600 via-slate-900 to-black opacity-90"></div>
5:    
6:        <div class="relative z-10 flex flex-col justify-center px-20 text-white">
7:          <p class="uppercase tracking-[0.3em] text-sm text-slate-300 mb-6">
8:            Premium Rentals
9:          </p>
10:    
11:          <h1 class="text-5xl font-bold leading-tight mb-6">
12:            Drive exceptional vehicles with confidence.
13:          </h1>
14:    
15:          <p class="text-lg text-slate-300 leading-relaxed max-w-xl">
16:            Access luxury and everyday rentals through a secure,
17:            modern booking experience built for convenience.
18:          </p>
19:    
20:          <div class="mt-10 space-y-4">
21:            <div class="flex items-center gap-3">
22:              <div class="w-2 h-2 rounded-full bg-emerald-400"></div>
23:              Verified customer accounts
24:            </div>
25:    
26:            <div class="flex items-center gap-3">
27:              <div class="w-2 h-2 rounded-full bg-emerald-400"></div>
28:              Secure booking workflows
29:            </div>
30:    
31:            <div class="flex items-center gap-3">
32:              <div class="w-2 h-2 rounded-full bg-emerald-400"></div>
33:              Premium customer support
34:            </div>
35:          </div>
36:        </div>
37:      </div>
38:    
39:      <div class="flex items-center justify-center px-6 py-12 bg-slate-950">
40:        <div class="w-full max-w-md bg-white/10 backdrop-blur-xl border border-white/10 rounded-3xl p-10 shadow-2xl">
41:    
42:          <div class="mb-8">
43:            <p class="text-sm uppercase tracking-[0.3em] text-slate-400 mb-3">
44:              Customer Access
45:            </p>
46:    
47:            <h2 class="text-4xl font-bold text-white mb-3">
48:              Welcome back
49:            </h2>
50:    
51:            <p class="text-slate-400">
52:              Sign in to continue managing your rentals and bookings.
53:            </p>
54:          </div>
55:    
56:          # <%= form_with url: session_path, class: "lookup-form" do |form| %>
57:    
58:    
59:          <%= form_with url: session_path,
60:                        class: "space-y-6" do |form| %>
61:    
62:            <div>
63:              <%= form.label :email,
64:                    class: "block text-sm text-slate-300 mb-2" %>
65:    
66:              <%= form.email_field :email,
67:                    placeholder: "customer@example.com",
68:                    required: true,
69:                    class: "w-full rounded-2xl bg-slate-900 border border-slate-700 text-white px-5 py-4 focus:outline-none focus:ring-2 focus:ring-indigo-500" %>
70:            </div>
71:    
72:            <div>
73:              <%= form.label :password,
74:                    class: "block text-sm text-slate-300 mb-2" %>
75:    
76:              <%= form.password_field :password,
77:                    placeholder: "Enter password",
78:                    required: true,
79:                    class: "w-full rounded-2xl bg-slate-900 border border-slate-700 text-white px-5 py-4 focus:outline-none focus:ring-2 focus:ring-indigo-500" %>
80:            </div>
81:    
82:            <div class="flex items-center justify-between text-sm">
83:              <label class="flex items-center gap-2 text-slate-400">
84:                <input type="checkbox" class="rounded border-slate-600 bg-slate-800">
85:                Remember me
86:              </label>
87:    
88:              <%= link_to "Forgot password?",
89:                    "#",
90:                    class: "text-indigo-400 hover:text-indigo-300" %>
91:            </div>
92:    
93:            <%= form.submit "Sign in",
94:                  class: "w-full bg-indigo-600 hover:bg-indigo-500 transition-all duration-200 text-white font-semibold py-4 rounded-2xl shadow-lg shadow-indigo-500/20" %>
95:    
96:            <div class="relative py-2">
97:              <div class="absolute inset-0 flex items-center">
98:                <div class="w-full border-t border-slate-700"></div>
99:              </div>
100:    
101:              <div class="relative flex justify-center text-xs uppercase">
102:                <span class="bg-transparent px-4 text-slate-500">
103:                  Or continue with
104:                </span>
105:              </div>
106:            </div>
107:    
108:            <div class="grid grid-cols-2 gap-4">
109:              <button type="button"
110:                      class="rounded-2xl border border-slate-700 py-3 text-white hover:bg-slate-800 transition">
111:                Google
112:              </button>
113:    
114:              <button type="button"
115:                      class="rounded-2xl border border-slate-700 py-3 text-white hover:bg-slate-800 transition">
116:                Facebook
117:              </button>
118:            </div>
119:    
120:            <p class="text-center text-slate-400 text-sm pt-4">
121:              Don’t have an account?
122:    
123:              <%= link_to "Create account",
124:                    "#",
125:                    class: "text-indigo-400 hover:text-indigo-300 font-medium" %>
126:            </p>
127:    
128:          <% end %>
129:        </div>
130:      </div>
131:    </div>
  
app/views/sessions/new.html.erb:136: syntax errors found

Information for cause: ActiveSupport::SyntaxErrorProxy (C:/Users/LENOVO/OneDrive/Documents/j2c-rentals/app/views/sessions/new.html.erb:136: syntax errors found
  134 | '.freeze;
  135 | @output_buffer.safe_append='<!-- END app/views/sessions/new.html.erb -->';@output_buffer
> 136 |           end
      |              ^ unexpected end-of-input, assuming it is closing the parent top level context
> 137 | 
      | ^ expected an `end` to close the `def` statement
):
  
app/views/sessions/new.html.erb:136: syntax errors found
Started GET "/session/new" for ::1 at 2026-05-25 17:53:02 +0530
Processing by SessionsController#new as HTML
  Rendering layout layouts/application.html.erb
  Rendering sessions/new.html.erb within layouts/application
  Rendered sessions/new.html.erb within layouts/application (Duration: 2.0ms | GC: 0.0ms)
  Rendered layout layouts/application.html.erb (Duration: 3.2ms | GC: 0.0ms)
Completed 500 Internal Server Error in 27ms (ActiveRecord: 0.0ms (0 queries, 0 cached) | GC: 0.0ms)


  
ActionView::SyntaxErrorInTemplate (Encountered a syntax error while rendering template located at: app/views/sessions/new.html.erb)
Caused by: ActiveSupport::SyntaxErrorProxy (C:/Users/LENOVO/OneDrive/Documents/j2c-rentals/app/views/sessions/new.html.erb:136: syntax errors found
  134 | '.freeze;
  135 | @output_buffer.safe_append='<!-- END app/views/sessions/new.html.erb -->';@output_buffer
> 136 |           end
      |              ^ unexpected end-of-input, assuming it is closing the parent top level context
> 137 | 
      | ^ expected an `end` to close the `def` statement
)

Information for: ActionView::SyntaxErrorInTemplate (Encountered a syntax error while rendering template located at: app/views/sessions/new.html.erb):
1:    <div class="min-h-screen grid lg:grid-cols-2 bg-[#0f172a]">
2:    
3:      <div class="hidden lg:flex relative overflow-hidden">
4:        <div class="absolute inset-0 bg-gradient-to-br from-indigo-600 via-slate-900 to-black opacity-90"></div>
5:    
6:        <div class="relative z-10 flex flex-col justify-center px-20 text-white">
7:          <p class="uppercase tracking-[0.3em] text-sm text-slate-300 mb-6">
8:            Premium Rentals
9:          </p>
10:    
11:          <h1 class="text-5xl font-bold leading-tight mb-6">
12:            Drive exceptional vehicles with confidence.
13:          </h1>
14:    
15:          <p class="text-lg text-slate-300 leading-relaxed max-w-xl">
16:            Access luxury and everyday rentals through a secure,
17:            modern booking experience built for convenience.
18:          </p>
19:    
20:          <div class="mt-10 space-y-4">
21:            <div class="flex items-center gap-3">
22:              <div class="w-2 h-2 rounded-full bg-emerald-400"></div>
23:              Verified customer accounts
24:            </div>
25:    
26:            <div class="flex items-center gap-3">
27:              <div class="w-2 h-2 rounded-full bg-emerald-400"></div>
28:              Secure booking workflows
29:            </div>
30:    
31:            <div class="flex items-center gap-3">
32:              <div class="w-2 h-2 rounded-full bg-emerald-400"></div>
33:              Premium customer support
34:            </div>
35:          </div>
36:        </div>
37:      </div>
38:    
39:      <div class="flex items-center justify-center px-6 py-12 bg-slate-950">
40:        <div class="w-full max-w-md bg-white/10 backdrop-blur-xl border border-white/10 rounded-3xl p-10 shadow-2xl">
41:    
42:          <div class="mb-8">
43:            <p class="text-sm uppercase tracking-[0.3em] text-slate-400 mb-3">
44:              Customer Access
45:            </p>
46:    
47:            <h2 class="text-4xl font-bold text-white mb-3">
48:              Welcome back
49:            </h2>
50:    
51:            <p class="text-slate-400">
52:              Sign in to continue managing your rentals and bookings.
53:            </p>
54:          </div>
55:    
56:          <%= form_with url: session_path, class: "lookup-form" do |form| %>
57:    
58:    
59:          <%= form_with url: session_path,
60:                        class: "space-y-6" do |form| %>
61:    
62:            <div>
63:              <%= form.label :email,
64:                    class: "block text-sm text-slate-300 mb-2" %>
65:    
66:              <%= form.email_field :email,
67:                    placeholder: "customer@example.com",
68:                    required: true,
69:                    class: "w-full rounded-2xl bg-slate-900 border border-slate-700 text-white px-5 py-4 focus:outline-none focus:ring-2 focus:ring-indigo-500" %>
70:            </div>
71:    
72:            <div>
73:              <%= form.label :password,
74:                    class: "block text-sm text-slate-300 mb-2" %>
75:    
76:              <%= form.password_field :password,
77:                    placeholder: "Enter password",
78:                    required: true,
79:                    class: "w-full rounded-2xl bg-slate-900 border border-slate-700 text-white px-5 py-4 focus:outline-none focus:ring-2 focus:ring-indigo-500" %>
80:            </div>
81:    
82:            <div class="flex items-center justify-between text-sm">
83:              <label class="flex items-center gap-2 text-slate-400">
84:                <input type="checkbox" class="rounded border-slate-600 bg-slate-800">
85:                Remember me
86:              </label>
87:    
88:              <%= link_to "Forgot password?",
89:                    "#",
90:                    class: "text-indigo-400 hover:text-indigo-300" %>
91:            </div>
92:    
93:            <%= form.submit "Sign in",
94:                  class: "w-full bg-indigo-600 hover:bg-indigo-500 transition-all duration-200 text-white font-semibold py-4 rounded-2xl shadow-lg shadow-indigo-500/20" %>
95:    
96:            <div class="relative py-2">
97:              <div class="absolute inset-0 flex items-center">
98:                <div class="w-full border-t border-slate-700"></div>
99:              </div>
100:    
101:              <div class="relative flex justify-center text-xs uppercase">
102:                <span class="bg-transparent px-4 text-slate-500">
103:                  Or continue with
104:                </span>
105:              </div>
106:            </div>
107:    
108:            <div class="grid grid-cols-2 gap-4">
109:              <button type="button"
110:                      class="rounded-2xl border border-slate-700 py-3 text-white hover:bg-slate-800 transition">
111:                Google
112:              </button>
113:    
114:              <button type="button"
115:                      class="rounded-2xl border border-slate-700 py-3 text-white hover:bg-slate-800 transition">
116:                Facebook
117:              </button>
118:            </div>
119:    
120:            <p class="text-center text-slate-400 text-sm pt-4">
121:              Don’t have an account?
122:    
123:              <%= link_to "Create account",
124:                    "#",
125:                    class: "text-indigo-400 hover:text-indigo-300 font-medium" %>
126:            </p>
127:    
128:          <% end %>
129:        </div>
130:      </div>
131:    </div>
  
app/views/sessions/new.html.erb:136: syntax errors found

Information for cause: ActiveSupport::SyntaxErrorProxy (C:/Users/LENOVO/OneDrive/Documents/j2c-rentals/app/views/sessions/new.html.erb:136: syntax errors found
  134 | '.freeze;
  135 | @output_buffer.safe_append='<!-- END app/views/sessions/new.html.erb -->';@output_buffer
> 136 |           end
      |              ^ unexpected end-of-input, assuming it is closing the parent top level context
> 137 | 
      | ^ expected an `end` to close the `def` statement
):
  
app/views/sessions/new.html.erb:136: syntax errors found
Started GET "/session/new" for ::1 at 2026-05-25 17:53:20 +0530
Processing by SessionsController#new as HTML
  Rendering layout layouts/application.html.erb
  Rendering sessions/new.html.erb within layouts/application
  Rendered sessions/new.html.erb within layouts/application (Duration: 16.2ms | GC: 0.0ms)
  Rendered layout layouts/application.html.erb (Duration: 20.1ms | GC: 0.0ms)
Completed 200 OK in 43ms (Views: 29.0ms | ActiveRecord: 0.0ms (0 queries, 0 cached) | GC: 0.0ms)


Started GET "/session/new" for ::1 at 2026-05-25 17:53:34 +0530
Processing by SessionsController#new as HTML
  Rendering layout layouts/application.html.erb
  Rendering sessions/new.html.erb within layouts/application
  Rendered sessions/new.html.erb within layouts/application (Duration: 2.3ms | GC: 0.0ms)
  Rendered layout layouts/application.html.erb (Duration: 5.8ms | GC: 0.0ms)
Completed 200 OK in 20ms (Views: 11.3ms | ActiveRecord: 0.0ms (0 queries, 0 cached) | GC: 0.0ms)


Started GET "/session/new" for ::1 at 2026-05-25 18:02:23 +0530
Processing by SessionsController#new as HTML
  Rendering layout layouts/application.html.erb
  Rendering sessions/new.html.erb within layouts/application
  Rendered sessions/new.html.erb within layouts/application (Duration: 3.5ms | GC: 0.0ms)
  Rendered layout layouts/application.html.erb (Duration: 6.8ms | GC: 0.0ms)
Completed 200 OK in 31ms (Views: 18.1ms | ActiveRecord: 0.0ms (0 queries, 0 cached) | GC: 0.0ms)


